{
"type": "FeatureCollection",
"name": "hyderabad_roads",
"crs": { "type": "name", "properties": { "name": "urn:ogc:def:crs:OGC:1.3:CRS84" } },
"features": [
{ "type": "Feature", "properties": { "road_id": "OSM-WAY-26456075", "road_name": "", "road_class": "secondary", "source": "real:osm", "confidence": 1.0, "attribution": "© OpenStreetMap contributors" }, "geometry": { "type": "LineString", "coordinates": [ [ 78.4752659, 17.3720575 ], [ 78.4749756, 17.3718824 ], [ 78.4747242, 17.3717699 ], [ 78.4741827, 17.3715859 ], [ 78.4741092, 17.3715692 ], [ 78.4734652, 17.371387 ], [ 78.4724057, 17.3711266 ], [ 78.4722103, 17.3710786 ], [ 78.4718258, 17.3710007 ], [ 78.4716689, 17.3709792 ], [ 78.4714581, 17.3709997 ], [ 78.4711095, 17.3710576 ], [ 78.4710966, 17.3710597 ], [ 78.4693591, 17.3713541 ], [ 78.4693295, 17.3713591 ], [ 78.469231, 17.3713738 ], [ 78.4691074, 17.371386 ], [ 78.4689798, 17.3713885 ] ] } },
{ "type": "Feature", "properties": { "road_id": "OSM-WAY-27932547", "road_name": "Naya Pul", "road_class": "trunk", "source": "real:osm", "confidence": 1.0, "attribution": "© OpenStreetMap contributors" }, "geometry": { "type": "LineString", "coordinates": [ [ 78.4761656, 17.3724868 ], [ 78.476472, 17.3717497 ], [ 78.4769306, 17.3707073 ] ] } },
{ "type": "Feature", "properties": { "road_id": "OSM-WAY-27933220", "road_name": "Naya Pul", "road_class": "trunk", "source": "real:osm", "confidence": 1.0, "attribution": "© OpenStreetMap contributors" }, "geometry": { "type": "LineString", "coordinates": [ [ 78.4763228, 17.3707941 ], [ 78.4758726, 17.3723007 ] ] } },
{ "type": "Feature", "properties": { "road_id": "OSM-WAY-27933221", "road_name": "High court road", "road_class": "trunk", "source": "real:osm", "confidence": 1.0, "attribution": "© OpenStreetMap contributors" }, "geometry": { "type": "LineString", "coordinates": [ [ 78.4762826, 17.3688105 ], [ 78.4761124, 17.3687823 ] ] } },
{ "type": "Feature", "properties": { "road_id": "OSM-WAY-27933224", "road_name": "", "road_class": "trunk", "source": "real:osm", "confidence": 1.0, "attribution": "© OpenStreetMap contributors" }, "geometry": { "type": "LineString", "coordinates": [ [ 78.4583235, 17.366628 ], [ 78.4583633, 17.3667023 ], [ 78.4584302, 17.3667561 ], [ 78.4584704, 17.3667691 ], [ 78.4585028, 17.3667796 ], [ 78.4585794, 17.366778 ], [ 78.4586507, 17.3667514 ], [ 78.4587174, 17.3666917 ], [ 78.458753, 17.3666113 ], [ 78.4587514, 17.366524 ] ] } },
{ "type": "Feature", "properties": { "road_id": "OSM-WAY-27933225", "road_name": "", "road_class": "trunk", "source": "real:osm", "confidence": 1.0, "attribution": "© OpenStreetMap contributors" }, "geometry": { "type": "LineString", "coordinates": [ [ 78.4587514, 17.366524 ], [ 78.4587347, 17.3664355 ], [ 78.4587405, 17.3663502 ], [ 78.4587602, 17.3662946 ] ] } },
{ "type": "Feature", "properties": { "road_id": "OSM-WAY-27933304", "road_name": "uppuguda", "road_class": "trunk", "source": "real:osm", "confidence": 1.0, "attribution": "© OpenStreetMap contributors" }, "geometry": { "type": "LineString", "coordinates": [ [ 78.4762826, 17.3688105 ], [ 78.4761937, 17.3686639 ] ] } },
{ "type": "Feature", "properties": { "road_id": "OSM-WAY-27933305", "road_name": "", "road_class": "trunk", "source": "real:osm", "confidence": 1.0, "attribution": "© OpenStreetMap contributors" }, "geometry": { "type": "LineString", "coordinates": [ [ 78.4763859, 17.3705032 ], [ 78.4763815, 17.3705207 ], [ 78.4763228, 17.3707941 ] ] } },
{ "type": "Feature", "properties": { "road_id": "OSM-WAY-27933525", "road_name": "Dabeerpura road", "road_class": "tertiary", "source": "real:osm", "confidence": 1.0, "attribution": "© OpenStreetMap contributors" }, "geometry": { "type": "LineString", "coordinates": [ [ 78.4799617, 17.3686615 ], [ 78.4801065, 17.3691941 ], [ 78.4801797, 17.3694417 ], [ 78.4803989, 17.3693929 ], [ 78.4804074, 17.369391 ], [ 78.4805513, 17.3693603 ], [ 78.4806711, 17.3693348 ], [ 78.4809056, 17.3692838 ], [ 78.4816343, 17.3691944 ] ] } },
{ "type": "Feature", "properties": { "road_id": "OSM-WAY-27934047", "road_name": "", "road_class": "primary", "source": "real:osm", "confidence": 1.0, "attribution": "© OpenStreetMap contributors" }, "geometry": { "type": "LineString", "coordinates": [ [ 78.4829939, 17.3732824 ], [ 78.4829737, 17.3732793 ], [ 78.4829224, 17.3732714 ], [ 78.482852, 17.3732873 ], [ 78.4828049, 17.3733197 ], [ 78.4827933, 17.3733277 ], [ 78.482755, 17.3733868 ], [ 78.4827435, 17.3734555 ], [ 78.4827605, 17.373523 ], [ 78.4827681, 17.373532 ], [ 78.4828164, 17.3735895 ], [ 78.4828983, 17.3736235 ] ] } },
{ "type": "Feature", "properties": { "road_id": "OSM-WAY-27934048", "road_name": "", "road_class": "primary", "source": "real:osm", "confidence": 1.0, "attribution": "© OpenStreetMap contributors" }, "geometry": { "type": "LineString", "coordinates": [ [ 78.4827358, 17.3737118 ], [ 78.4827848, 17.3736741 ], [ 78.4828394, 17.3736444 ], [ 78.4828983, 17.3736235 ] ] } },
{ "type": "Feature", "properties": { "road_id": "OSM-WAY-27934049", "road_name": "", "road_class": "primary", "source": "real:osm", "confidence": 1.0, "attribution": "© OpenStreetMap contributors" }, "geometry": { "type": "LineString", "coordinates": [ [ 78.4827681, 17.373532 ], [ 78.4827406, 17.3735811 ], [ 78.4827078, 17.3736336 ], [ 78.4826717, 17.3736713 ] ] } },
{ "type": "Feature", "properties": { "road_id": "OSM-WAY-27934050", "road_name": "Darul Shifa Road", "road_class": "primary", "source": "real:osm", "confidence": 1.0, "attribution": "© OpenStreetMap contributors" }, "geometry": { "type": "LineString", "coordinates": [ [ 78.4828373, 17.3730641 ], [ 78.4828505, 17.3731549 ], [ 78.4828354, 17.3732453 ], [ 78.4828049, 17.3733197 ] ] } },
{ "type": "Feature", "properties": { "road_id": "OSM-WAY-27934052", "road_name": "Chaderghat Road", "road_class": "primary", "source": "real:osm", "confidence": 1.0, "attribution": "© OpenStreetMap contributors" }, "geometry": { "type": "LineString", "coordinates": [ [ 78.4830217, 17.3736027 ], [ 78.4830866, 17.3735865 ], [ 78.4831536, 17.3735867 ], [ 78.4832184, 17.3736032 ], [ 78.4832766, 17.3736351 ], [ 78.4835673, 17.3739756 ], [ 78.4836377, 17.3740157 ] ] } },
{ "type": "Feature", "properties": { "road_id": "OSM-WAY-27934054", "road_name": "Chaderghat Road", "road_class": "primary", "source": "real:osm", "confidence": 1.0, "attribution": "© OpenStreetMap contributors" }, "geometry": { "type": "LineString", "coordinates": [ [ 78.4836377, 17.3740157 ], [ 78.4836154, 17.3739403 ], [ 78.4832908, 17.3735805 ], [ 78.4832122, 17.3735005 ], [ 78.4831124, 17.3734617 ] ] } },
{ "type": "Feature", "properties": { "road_id": "OSM-WAY-27936329", "road_name": "مسلم جنگ پل۔", "road_class": "primary", "source": "real:osm", "confidence": 1.0, "attribution": "© OpenStreetMap contributors" }, "geometry": { "type": "LineString", "coordinates": [ [ 78.4689529, 17.3707319 ], [ 78.4689413, 17.3691671 ] ] } },
{ "type": "Feature", "properties": { "road_id": "OSM-WAY-27955414", "road_name": "Mumbai Highway", "road_class": "trunk", "source": "real:osm", "confidence": 1.0, "attribution": "© OpenStreetMap contributors" }, "geometry": { "type": "LineString", "coordinates": [ [ 78.4804142, 17.3752085 ], [ 78.4803469, 17.3750918 ], [ 78.480273, 17.3749892 ], [ 78.4801272, 17.3747734 ], [ 78.4799265, 17.3744388 ], [ 78.4798385, 17.3743433 ], [ 78.4795756, 17.3740833 ], [ 78.4793753, 17.373926 ], [ 78.4792105, 17.3737885 ], [ 78.4789796, 17.3736232 ], [ 78.4788429, 17.3735685 ], [ 78.4786755, 17.3735471 ], [ 78.4783587, 17.373573 ], [ 78.4782678, 17.3735929 ], [ 78.4778992, 17.3736736 ], [ 78.4776506, 17.373716 ], [ 78.477488, 17.3736872 ], [ 78.477387, 17.3737076 ] ] } },
{ "type": "Feature", "properties": { "road_id": "OSM-WAY-27955416", "road_name": "", "road_class": "trunk", "source": "real:osm", "confidence": 1.0, "attribution": "© OpenStreetMap contributors" }, "geometry": { "type": "LineString", "coordinates": [ [ 78.4758726, 17.3723007 ], [ 78.4758673, 17.372355 ], [ 78.4758605, 17.3724255 ], [ 78.4758631, 17.3725391 ], [ 78.4758835, 17.3726423 ], [ 78.475944, 17.3729648 ], [ 78.4759459, 17.3730549 ], [ 78.4759466, 17.373089 ] ] } },
{ "type": "Feature", "properties": { "road_id": "OSM-WAY-27955553", "road_name": "TGSRTC MGBS  Bus Station Road", "road_class": "tertiary", "source": "real:osm", "confidence": 1.0, "attribution": "© OpenStreetMap contributors" }, "geometry": { "type": "LineString", "coordinates": [ [ 78.484257, 17.3793424 ], [ 78.4842833, 17.3792843 ], [ 78.4843341, 17.3791843 ], [ 78.4843361, 17.3791016 ], [ 78.4843157, 17.3790279 ], [ 78.4842649, 17.3789542 ], [ 78.4839965, 17.3786537 ] ] } },
{ "type": "Feature", "properties": { "road_id": "OSM-WAY-27955555", "road_name": "MGBS Road", "road_class": "service", "source": "real:osm", "confidence": 1.0, "attribution": "© OpenStreetMap contributors" }, "geometry": { "type": "LineString", "coordinates": [ [ 78.4834796, 17.3788918 ], [ 78.4835286, 17.3788555 ], [ 78.4839777, 17.378482 ] ] } },
{ "type": "Feature", "properties": { "road_id": "OSM-WAY-27955556", "road_name": "TGSRTC MGBS  Bus Station Inner Road", "road_class": "tertiary", "source": "real:osm", "confidence": 1.0, "attribution": "© OpenStreetMap contributors" }, "geometry": { "type": "LineString", "coordinates": [ [ 78.4851681, 17.3792274 ], [ 78.4854021, 17.3790519 ], [ 78.4859741, 17.3786342 ], [ 78.4859962, 17.378606 ], [ 78.4860163, 17.3785683 ], [ 78.4860237, 17.3785337 ], [ 78.4860264, 17.3785023 ], [ 78.4860022, 17.3784076 ], [ 78.4856457, 17.3779488 ], [ 78.4852072, 17.3774718 ], [ 78.4849899, 17.3772412 ], [ 78.4848435, 17.3770805 ], [ 78.4845894, 17.3768833 ], [ 78.4845156, 17.3768436 ], [ 78.484177, 17.3768974 ], [ 78.4838229, 17.3769473 ], [ 78.4835185, 17.3770765 ], [ 78.4827312, 17.3774563 ] ] } },
{ "type": "Feature", "properties": { "road_id": "OSM-WAY-27955559", "road_name": "TGSRTC MGBS  Bus Station Inner Road", "road_class": "tertiary", "source": "real:osm", "confidence": 1.0, "attribution": "© OpenStreetMap contributors" }, "geometry": { "type": "LineString", "coordinates": [ [ 78.4855069, 17.3775312 ], [ 78.485384, 17.377467 ], [ 78.4852883, 17.3772839 ], [ 78.484972, 17.3769618 ], [ 78.4847135, 17.3767132 ], [ 78.484609, 17.3766672 ], [ 78.4841478, 17.3767538 ], [ 78.4839166, 17.3767612 ], [ 78.4836379, 17.3767731 ], [ 78.4829467, 17.3771567 ], [ 78.4826679, 17.3773591 ] ] } },
{ "type": "Feature", "properties": { "road_id": "OSM-WAY-27955560", "road_name": "TGSRTC MGBS  Bus Station Road", "road_class": "tertiary", "source": "real:osm", "confidence": 1.0, "attribution": "© OpenStreetMap contributors" }, "geometry": { "type": "LineString", "coordinates": [ [ 78.4822741, 17.3782895 ], [ 78.4821625, 17.3783455 ] ] } },
{ "type": "Feature", "properties": { "road_id": "OSM-WAY-27955562", "road_name": "TGSRTC MGBS  Bus Station Road", "road_class": "tertiary", "source": "real:osm", "confidence": 1.0, "attribution": "© OpenStreetMap contributors" }, "geometry": { "type": "LineString", "coordinates": [ [ 78.4815918, 17.374688 ], [ 78.4818302, 17.3749131 ], [ 78.481894, 17.3750837 ], [ 78.4819025, 17.3751385 ], [ 78.4819205, 17.3752543 ], [ 78.4818875, 17.3753577 ], [ 78.4818151, 17.375585 ], [ 78.4817069, 17.375959 ], [ 78.4817275, 17.3762198 ], [ 78.4819646, 17.3765789 ], [ 78.4822379, 17.376884 ], [ 78.4826039, 17.3772481 ], [ 78.48263, 17.377301 ], [ 78.4826679, 17.3773591 ], [ 78.4827312, 17.3774563 ], [ 78.4828889, 17.3778579 ], [ 78.4829063, 17.3779181 ], [ 78.4828842, 17.3779808 ], [ 78.4828076, 17.3780326 ] ] } },
{ "type": "Feature", "properties": { "road_id": "OSM-WAY-27955563", "road_name": "TGSRTC MGBS  Bus Station Road", "road_class": "tertiary", "source": "real:osm", "confidence": 1.0, "attribution": "© OpenStreetMap contributors" }, "geometry": { "type": "LineString", "coordinates": [ [ 78.4828076, 17.3780326 ], [ 78.4822741, 17.3782895 ] ] } },
{ "type": "Feature", "properties": { "road_id": "OSM-WAY-27955564", "road_name": "", "road_class": "primary", "source": "real:osm", "confidence": 1.0, "attribution": "© OpenStreetMap contributors" }, "geometry": { "type": "LineString", "coordinates": [ [ 78.4818277, 17.3744189 ], [ 78.4816712, 17.3745561 ], [ 78.4815297, 17.3746295 ], [ 78.481412, 17.3746906 ] ] } },
{ "type": "Feature", "properties": { "road_id": "OSM-WAY-27955565", "road_name": "سالار جنگ پل۔", "road_class": "primary", "source": "real:osm", "confidence": 1.0, "attribution": "© OpenStreetMap contributors" }, "geometry": { "type": "LineString", "coordinates": [ [ 78.4826717, 17.3736713 ], [ 78.4818277, 17.3744189 ] ] } },
{ "type": "Feature", "properties": { "road_id": "OSM-WAY-27955569", "road_name": "", "road_class": "residential", "source": "real:osm", "confidence": 1.0, "attribution": "© OpenStreetMap contributors" }, "geometry": { "type": "LineString", "coordinates": [ [ 78.4809056, 17.3692838 ], [ 78.4809846, 17.3696597 ], [ 78.4810439, 17.3699409 ], [ 78.4810861, 17.3700754 ], [ 78.4811096, 17.3701083 ], [ 78.4811414, 17.3701285 ], [ 78.4811686, 17.3701375 ], [ 78.4812138, 17.3701435 ], [ 78.4818758, 17.3699756 ] ] } },
{ "type": "Feature", "properties": { "road_id": "OSM-WAY-27955570", "road_name": "purani haveli road", "road_class": "tertiary", "source": "real:osm", "confidence": 1.0, "attribution": "© OpenStreetMap contributors" }, "geometry": { "type": "LineString", "coordinates": [ [ 78.4814117, 17.3681133 ], [ 78.4820601, 17.3679197 ], [ 78.4822693, 17.3678563 ], [ 78.4827219, 17.367719 ], [ 78.4829798, 17.3676452 ], [ 78.4830616, 17.3676204 ], [ 78.4833655, 17.36753 ], [ 78.4836235, 17.367453 ], [ 78.4837958, 17.3674016 ], [ 78.4841335, 17.3673008 ], [ 78.4844355, 17.3671089 ] ] } },
{ "type": "Feature", "properties": { "road_id": "OSM-WAY-27955571", "road_name": "", "road_class": "tertiary", "source": "real:osm", "confidence": 1.0, "attribution": "© OpenStreetMap contributors" }, "geometry": { "type": "LineString", "coordinates": [ [ 78.4810794, 17.3669938 ], [ 78.4800806, 17.3672468 ], [ 78.479972, 17.3672726 ], [ 78.479808, 17.3674672 ], [ 78.4797769, 17.3675467 ], [ 78.4797984, 17.3679082 ], [ 78.4798084, 17.3680023 ], [ 78.4798136, 17.3680506 ], [ 78.4798642, 17.3683652 ], [ 78.4799617, 17.3686615 ] ] } },
{ "type": "Feature", "properties": { "road_id": "OSM-WAY-27955572", "road_name": "", "road_class": "residential", "source": "real:osm", "confidence": 1.0, "attribution": "© OpenStreetMap contributors" }, "geometry": { "type": "LineString", "coordinates": [ [ 78.4813678, 17.3684089 ], [ 78.4807324, 17.3685301 ], [ 78.4805167, 17.3685669 ], [ 78.4801149, 17.3686354 ], [ 78.4799617, 17.3686615 ] ] } },
{ "type": "Feature", "properties": { "road_id": "OSM-WAY-27955573", "road_name": "Balshetty Khet Road", "road_class": "tertiary", "source": "real:osm", "confidence": 1.0, "attribution": "© OpenStreetMap contributors" }, "geometry": { "type": "LineString", "coordinates": [ [ 78.4853261, 17.3698785 ], [ 78.4850535, 17.3694224 ], [ 78.4848888, 17.3691446 ], [ 78.484855, 17.3690876 ], [ 78.4843855, 17.3682227 ] ] } },
{ "type": "Feature", "properties": { "road_id": "OSM-WAY-27955574", "road_name": "", "road_class": "tertiary", "source": "real:osm", "confidence": 1.0, "attribution": "© OpenStreetMap contributors" }, "geometry": { "type": "LineString", "coordinates": [ [ 78.4820619, 17.3707217 ], [ 78.4826573, 17.3705257 ], [ 78.4828359, 17.3704186 ], [ 78.4829776, 17.3703243 ], [ 78.4830298, 17.3702892 ], [ 78.4831896, 17.3701963 ], [ 78.4833301, 17.3701146 ], [ 78.4834674, 17.3700348 ], [ 78.4835004, 17.3700196 ], [ 78.4837079, 17.3699241 ], [ 78.4839557, 17.3698125 ], [ 78.4843461, 17.3696893 ], [ 78.4850535, 17.3694224 ], [ 78.4857146, 17.3691394 ], [ 78.4863077, 17.3687656 ] ] } },
{ "type": "Feature", "properties": { "road_id": "OSM-WAY-27955578", "road_name": "", "road_class": "residential", "source": "real:osm", "confidence": 1.0, "attribution": "© OpenStreetMap contributors" }, "geometry": { "type": "LineString", "coordinates": [ [ 78.484527, 17.3748867 ], [ 78.4845874, 17.3747881 ], [ 78.4846784, 17.3746983 ], [ 78.4852094, 17.3745649 ], [ 78.4857388, 17.3744608 ], [ 78.4860188, 17.3744214 ], [ 78.4862762, 17.3743912 ], [ 78.4869371, 17.3742441 ], [ 78.4877407, 17.3740977 ] ] } },
{ "type": "Feature", "properties": { "road_id": "OSM-WAY-27955580", "road_name": "QQSUDA Road", "road_class": "tertiary", "source": "real:osm", "confidence": 1.0, "attribution": "© OpenStreetMap contributors" }, "geometry": { "type": "LineString", "coordinates": [ [ 78.4833094, 17.3732477 ], [ 78.4832922, 17.3722909 ], [ 78.4832969, 17.3722455 ], [ 78.4833103, 17.3722215 ], [ 78.4833388, 17.3721914 ], [ 78.483373, 17.3721774 ], [ 78.4836212, 17.3721493 ], [ 78.4836958, 17.3721433 ], [ 78.4838609, 17.3721267 ], [ 78.4839223, 17.3721234 ], [ 78.4839946, 17.3721064 ], [ 78.4840433, 17.3720933 ], [ 78.4841271, 17.3720707 ], [ 78.4842129, 17.3720553 ], [ 78.4842598, 17.3720469 ], [ 78.4846594, 17.3720061 ], [ 78.4847525, 17.3719976 ], [ 78.4850193, 17.3719527 ], [ 78.4853916, 17.3718384 ], [ 78.4859234, 17.3716751 ] ] } },
{ "type": "Feature", "properties": { "road_id": "OSM-WAY-27955582", "road_name": "Aziz Jung Road", "road_class": "tertiary", "source": "real:osm", "confidence": 1.0, "attribution": "© OpenStreetMap contributors" }, "geometry": { "type": "LineString", "coordinates": [ [ 78.4878388, 17.3726419 ], [ 78.4875459, 17.372695 ], [ 78.4873133, 17.3727546 ], [ 78.4869563, 17.3728502 ], [ 78.4866112, 17.3729427 ], [ 78.4863219, 17.3729915 ], [ 78.4855763, 17.3731173 ], [ 78.4854209, 17.3731321 ], [ 78.4852436, 17.3731315 ], [ 78.4851922, 17.373134 ], [ 78.4847647, 17.3731717 ], [ 78.4845448, 17.373182 ], [ 78.4844193, 17.3731878 ], [ 78.4843312, 17.3731919 ], [ 78.4842324, 17.3732005 ], [ 78.4839897, 17.3732137 ], [ 78.4837645, 17.3732259 ], [ 78.4835569, 17.3732371 ], [ 78.4833094, 17.3732477 ] ] } },
{ "type": "Feature", "properties": { "road_id": "OSM-WAY-28092099", "road_name": "", "road_class": "trunk_link", "source": "real:osm", "confidence": 1.0, "attribution": "© OpenStreetMap contributors" }, "geometry": { "type": "LineString", "coordinates": [ [ 78.4763014, 17.3729303 ], [ 78.4762276, 17.3729098 ], [ 78.4761619, 17.3729156 ], [ 78.4760962, 17.3729344 ], [ 78.4760462, 17.3729613 ], [ 78.4760026, 17.3730122 ], [ 78.4759466, 17.373089 ] ] } },
{ "type": "Feature", "properties": { "road_id": "OSM-WAY-28092100", "road_name": "", "road_class": "trunk", "source": "real:osm", "confidence": 1.0, "attribution": "© OpenStreetMap contributors" }, "geometry": { "type": "LineString", "coordinates": [ [ 78.4759466, 17.373089 ], [ 78.4759195, 17.3732445 ], [ 78.4758915, 17.3734262 ], [ 78.4758858, 17.3736097 ], [ 78.4759024, 17.3737926 ], [ 78.4759411, 17.3739724 ], [ 78.4760014, 17.3741468 ], [ 78.4760204, 17.3741878 ], [ 78.4760298, 17.3742108 ], [ 78.47604, 17.37424 ] ] } },
{ "type": "Feature", "properties": { "road_id": "OSM-WAY-28092201", "road_name": "Bedarwadi road", "road_class": "tertiary", "source": "real:osm", "confidence": 1.0, "attribution": "© OpenStreetMap contributors" }, "geometry": { "type": "LineString", "coordinates": [ [ 78.4684352, 17.3736871 ], [ 78.4683297, 17.3737995 ], [ 78.4682411, 17.3739073 ], [ 78.4680232, 17.3741688 ], [ 78.4679513, 17.3742563 ], [ 78.4677659, 17.3744955 ], [ 78.4673651, 17.37486 ], [ 78.4672648, 17.3749512 ], [ 78.4671588, 17.3750487 ], [ 78.4671294, 17.3750743 ], [ 78.4665421, 17.3755319 ], [ 78.466127, 17.3759185 ], [ 78.4660527, 17.3759633 ], [ 78.4657887, 17.3761337 ], [ 78.4656477, 17.3762879 ], [ 78.4655049, 17.3763994 ], [ 78.4653391, 17.3765198 ], [ 78.4652569, 17.3766132 ], [ 78.4652384, 17.3766946 ] ] } },
{ "type": "Feature", "properties": { "road_id": "OSM-WAY-28092204", "road_name": "Troop Bazar Road", "road_class": "secondary", "source": "real:osm", "confidence": 1.0, "attribution": "© OpenStreetMap contributors" }, "geometry": { "type": "LineString", "coordinates": [ [ 78.4724918, 17.3819855 ], [ 78.4717353, 17.3821821 ], [ 78.4710514, 17.3823073 ], [ 78.4710358, 17.3823102 ], [ 78.4706906, 17.3823621 ], [ 78.4706339, 17.3823707 ], [ 78.4703977, 17.3824062 ], [ 78.4700521, 17.3824582 ], [ 78.4696814, 17.382514 ], [ 78.4694755, 17.382545 ], [ 78.4693826, 17.3825589 ], [ 78.4692907, 17.3825728 ], [ 78.4690988, 17.3826016 ], [ 78.4689026, 17.3826312 ], [ 78.4686974, 17.3826599 ], [ 78.468519, 17.3826889 ], [ 78.4684547, 17.3826933 ], [ 78.4682851, 17.3827241 ], [ 78.4682109, 17.3827283 ], [ 78.4680394, 17.3827633 ], [ 78.467879, 17.3827804 ] ] } },
{ "type": "Feature", "properties": { "road_id": "OSM-WAY-28092570", "road_name": "", "road_class": "service", "source": "real:osm", "confidence": 1.0, "attribution": "© OpenStreetMap contributors" }, "geometry": { "type": "LineString", "coordinates": [ [ 78.4584544, 17.3668581 ], [ 78.4579014, 17.368359 ] ] } },
{ "type": "Feature", "properties": { "road_id": "OSM-WAY-28092573", "road_name": "", "road_class": "secondary", "source": "real:osm", "confidence": 1.0, "attribution": "© OpenStreetMap contributors" }, "geometry": { "type": "LineString", "coordinates": [ [ 78.4586502, 17.3669389 ], [ 78.4586924, 17.3668177 ], [ 78.4587174, 17.3666917 ] ] } },
{ "type": "Feature", "properties": { "road_id": "OSM-WAY-28092574", "road_name": "Purana Pul", "road_class": "secondary", "source": "real:osm", "confidence": 1.0, "attribution": "© OpenStreetMap contributors" }, "geometry": { "type": "LineString", "coordinates": [ [ 78.4580631, 17.3684699 ], [ 78.4583986, 17.3676115 ], [ 78.4586502, 17.3669389 ] ] } },
{ "type": "Feature", "properties": { "road_id": "OSM-WAY-28092575", "road_name": "Purana Pul", "road_class": "secondary", "source": "real:osm", "confidence": 1.0, "attribution": "© OpenStreetMap contributors" }, "geometry": { "type": "LineString", "coordinates": [ [ 78.4585625, 17.3669257 ], [ 78.4585074, 17.3670763 ], [ 78.4579891, 17.3684268 ] ] } },
{ "type": "Feature", "properties": { "road_id": "OSM-WAY-28092577", "road_name": "", "road_class": "secondary", "source": "real:osm", "confidence": 1.0, "attribution": "© OpenStreetMap contributors" }, "geometry": { "type": "LineString", "coordinates": [ [ 78.4574258, 17.3690858 ], [ 78.4572446, 17.3692643 ], [ 78.4568261, 17.3695772 ], [ 78.4567661, 17.3696149 ], [ 78.4566169, 17.3697088 ], [ 78.4565163, 17.3697635 ], [ 78.4562258, 17.369946 ], [ 78.4560341, 17.3700664 ], [ 78.455748, 17.3702462 ], [ 78.4554258, 17.3704486 ], [ 78.4550591, 17.3707006 ], [ 78.4546954, 17.370947 ], [ 78.4540315, 17.3713877 ], [ 78.4539371, 17.3714462 ], [ 78.4535787, 17.3716014 ], [ 78.4534918, 17.3716006 ], [ 78.4530555, 17.3716053 ], [ 78.4527633, 17.3716506 ], [ 78.4523904, 17.3717376 ], [ 78.4515224, 17.3719103 ], [ 78.4506734, 17.3721151 ], [ 78.4501127, 17.3723406 ], [ 78.4499549, 17.3724242 ], [ 78.4498376, 17.3724863 ], [ 78.449634, 17.3725941 ], [ 78.4495187, 17.3726577 ], [ 78.4492393, 17.3728039 ], [ 78.4491363, 17.3728601 ], [ 78.4485878, 17.3731596 ], [ 78.4479869, 17.3735208 ], [ 78.4478571, 17.3736043 ] ] } },
{ "type": "Feature", "properties": { "road_id": "OSM-WAY-28092808", "road_name": "Dhoolpet Road", "road_class": "secondary", "source": "real:osm", "confidence": 1.0, "attribution": "© OpenStreetMap contributors" }, "geometry": { "type": "LineString", "coordinates": [ [ 78.458481, 17.3692822 ], [ 78.4585883, 17.3700071 ], [ 78.4585732, 17.3703562 ], [ 78.4585896, 17.3707431 ], [ 78.4586432, 17.37114 ], [ 78.4586646, 17.3712735 ], [ 78.4588101, 17.3718482 ], [ 78.4589823, 17.3723222 ], [ 78.4590225, 17.3723971 ], [ 78.4592038, 17.3727042 ], [ 78.4596005, 17.3733534 ], [ 78.4596849, 17.3734937 ], [ 78.4597658, 17.373684 ], [ 78.4598263, 17.373795 ], [ 78.4600642, 17.374356 ], [ 78.4601227, 17.3747202 ], [ 78.4602203, 17.3751531 ], [ 78.4603184, 17.3755686 ], [ 78.460522, 17.3764309 ], [ 78.460588, 17.3769641 ], [ 78.4607606, 17.3776837 ], [ 78.460876, 17.3782534 ], [ 78.4609624, 17.3786431 ], [ 78.4610067, 17.3787748 ], [ 78.4611413, 17.3791743 ], [ 78.4612563, 17.3800424 ], [ 78.4613542, 17.3806551 ], [ 78.4615768, 17.3816633 ], [ 78.4618115, 17.3823986 ] ] } },
{ "type": "Feature", "properties": { "road_id": "OSM-WAY-28092844", "road_name": "", "road_class": "tertiary", "source": "real:osm", "confidence": 1.0, "attribution": "© OpenStreetMap contributors" }, "geometry": { "type": "LineString", "coordinates": [ [ 78.4658373, 17.3830306 ], [ 78.4661727, 17.38396 ], [ 78.4662002, 17.3840431 ], [ 78.4662972, 17.3843118 ], [ 78.4663682, 17.3847236 ], [ 78.4664248, 17.3850051 ], [ 78.4664356, 17.3850589 ], [ 78.4665183, 17.3854925 ], [ 78.4665339, 17.3855743 ], [ 78.4665699, 17.3858441 ], [ 78.4666063, 17.3861168 ], [ 78.466677, 17.3864079 ], [ 78.4668483, 17.3870314 ], [ 78.4668735, 17.387105 ], [ 78.4670062, 17.3874919 ], [ 78.4670972, 17.3879987 ], [ 78.4670987, 17.388006 ], [ 78.4671057, 17.3880416 ], [ 78.4671816, 17.3884229 ], [ 78.4671833, 17.3884566 ], [ 78.4672509, 17.3888235 ], [ 78.4672844, 17.3889434 ], [ 78.4674188, 17.3892865 ], [ 78.4674739, 17.3895139 ], [ 78.4676446, 17.3904341 ] ] } },
{ "type": "Feature", "properties": { "road_id": "OSM-WAY-28093121", "road_name": "", "road_class": "residential", "source": "real:osm", "confidence": 1.0, "attribution": "© OpenStreetMap contributors" }, "geometry": { "type": "LineString", "coordinates": [ [ 78.4852436, 17.3731315 ], [ 78.4851406, 17.3725989 ], [ 78.4850893, 17.3723335 ], [ 78.4850193, 17.3719527 ], [ 78.4849489, 17.3715247 ], [ 78.4848729, 17.3710405 ] ] } },
{ "type": "Feature", "properties": { "road_id": "OSM-WAY-28093122", "road_name": "", "road_class": "residential", "source": "real:osm", "confidence": 1.0, "attribution": "© OpenStreetMap contributors" }, "geometry": { "type": "LineString", "coordinates": [ [ 78.4846594, 17.3720061 ], [ 78.484578, 17.3715774 ], [ 78.4845612, 17.371498 ], [ 78.4845465, 17.3713739 ], [ 78.4845411, 17.3712632 ], [ 78.4845699, 17.3712107 ], [ 78.4845895, 17.3711959 ], [ 78.4848079, 17.3710311 ] ] } },
{ "type": "Feature", "properties": { "road_id": "OSM-WAY-28093123", "road_name": "", "road_class": "residential", "source": "real:osm", "confidence": 1.0, "attribution": "© OpenStreetMap contributors" }, "geometry": { "type": "LineString", "coordinates": [ [ 78.4874174, 17.3693878 ], [ 78.4872055, 17.36958 ], [ 78.4868698, 17.3698018 ], [ 78.4868117, 17.3698401 ], [ 78.4863078, 17.3701731 ], [ 78.4862588, 17.3701934 ], [ 78.4861887, 17.370202 ], [ 78.4858969, 17.3702377 ], [ 78.4858426, 17.3702349 ], [ 78.4855349, 17.3702191 ], [ 78.4852942, 17.3702266 ], [ 78.4850088, 17.370327 ], [ 78.4846423, 17.3704728 ] ] } },
{ "type": "Feature", "properties": { "road_id": "OSM-WAY-28094104", "road_name": "Mama Jumla Pharak lane", "road_class": "residential", "source": "real:osm", "confidence": 1.0, "attribution": "© OpenStreetMap contributors" }, "geometry": { "type": "LineString", "coordinates": [ [ 78.470331, 17.3673133 ], [ 78.4699639, 17.3670034 ], [ 78.4695726, 17.3669563 ], [ 78.4690899, 17.3669891 ], [ 78.4686432, 17.3670269 ], [ 78.4683705, 17.3669055 ], [ 78.4680363, 17.3667566 ] ] } },
{ "type": "Feature", "properties": { "road_id": "OSM-WAY-28094117", "road_name": "", "road_class": "residential", "source": "real:osm", "confidence": 1.0, "attribution": "© OpenStreetMap contributors" }, "geometry": { "type": "LineString", "coordinates": [ [ 78.4642149, 17.3578246 ], [ 78.4633786, 17.3584155 ], [ 78.4631441, 17.3586 ], [ 78.4626427, 17.3589944 ], [ 78.4623891, 17.3591732 ], [ 78.4623461, 17.3591926 ], [ 78.4622231, 17.3592827 ], [ 78.4621876, 17.3593036 ], [ 78.4619321, 17.3594652 ], [ 78.4616839, 17.3597449 ], [ 78.4613503, 17.3604031 ], [ 78.4611561, 17.3606159 ], [ 78.4609052, 17.3608907 ], [ 78.4605995, 17.3613035 ], [ 78.4605249, 17.3613906 ], [ 78.4603862, 17.3615563 ], [ 78.460195, 17.3617572 ], [ 78.460018, 17.3618304 ], [ 78.4598872, 17.3618697 ], [ 78.4595389, 17.3619658 ], [ 78.459295, 17.3622835 ], [ 78.4591126, 17.3625021 ], [ 78.4586911, 17.3629609 ], [ 78.4587367, 17.3631632 ], [ 78.4589282, 17.3640772 ], [ 78.4591288, 17.3649416 ], [ 78.459223, 17.3654428 ], [ 78.4592634, 17.3655865 ], [ 78.4594018, 17.3658487 ] ] } },
{ "type": "Feature", "properties": { "road_id": "OSM-WAY-28109211", "road_name": "", "road_class": "primary", "source": "real:osm", "confidence": 1.0, "attribution": "© OpenStreetMap contributors" }, "geometry": { "type": "LineString", "coordinates": [ [ 78.4816626, 17.3820304 ], [ 78.4813053, 17.3822111 ], [ 78.4810642, 17.3823338 ], [ 78.4808427, 17.3824465 ], [ 78.4805746, 17.3825644 ], [ 78.4801396, 17.3827827 ], [ 78.479879, 17.3828936 ], [ 78.4798406, 17.3829099 ], [ 78.4797461, 17.3829295 ], [ 78.4794559, 17.3829752 ], [ 78.4780558, 17.3831291 ], [ 78.47787, 17.38315 ], [ 78.4775048, 17.3831855 ], [ 78.4773336, 17.3832027 ], [ 78.4767105, 17.3832971 ], [ 78.4762753, 17.3833662 ], [ 78.4760283, 17.3834165 ], [ 78.4756713, 17.3835171 ], [ 78.4756123, 17.3835337 ], [ 78.4753946, 17.3836089 ], [ 78.4752054, 17.3836703 ] ] } },
{ "type": "Feature", "properties": { "road_id": "OSM-WAY-28109213", "road_name": "turrebhaz khan road", "road_class": "primary", "source": "real:osm", "confidence": 1.0, "attribution": "© OpenStreetMap contributors" }, "geometry": { "type": "LineString", "coordinates": [ [ 78.4844252, 17.3849984 ], [ 78.4843111, 17.3848636 ] ] } },
{ "type": "Feature", "properties": { "road_id": "OSM-WAY-28109214", "road_name": "", "road_class": "tertiary", "source": "real:osm", "confidence": 1.0, "attribution": "© OpenStreetMap contributors" }, "geometry": { "type": "LineString", "coordinates": [ [ 78.4821505, 17.3790093 ], [ 78.4818912, 17.3791533 ], [ 78.4818587, 17.379171 ], [ 78.4816774, 17.3792757 ], [ 78.4816173, 17.379308 ], [ 78.4813228, 17.3794539 ], [ 78.481126, 17.3795594 ], [ 78.4809268, 17.3796662 ], [ 78.4807875, 17.3797533 ], [ 78.4806316, 17.3798494 ], [ 78.4800605, 17.3802354 ] ] } },
{ "type": "Feature", "properties": { "road_id": "OSM-WAY-28109215", "road_name": "", "road_class": "residential", "source": "real:osm", "confidence": 1.0, "attribution": "© OpenStreetMap contributors" }, "geometry": { "type": "LineString", "coordinates": [ [ 78.4783791, 17.3784035 ], [ 78.4793267, 17.3779053 ], [ 78.4794064, 17.3778588 ], [ 78.479642, 17.3777574 ], [ 78.4797712, 17.3776717 ], [ 78.4797992, 17.377657 ], [ 78.4799684, 17.3775681 ], [ 78.4805092, 17.3772837 ], [ 78.4805408, 17.3772671 ], [ 78.4805795, 17.3772467 ], [ 78.48073, 17.3771676 ], [ 78.4809063, 17.377075 ] ] } },
{ "type": "Feature", "properties": { "road_id": "OSM-WAY-28109216", "road_name": "", "road_class": "tertiary", "source": "real:osm", "confidence": 1.0, "attribution": "© OpenStreetMap contributors" }, "geometry": { "type": "LineString", "coordinates": [ [ 78.4773131, 17.3762553 ], [ 78.4775773, 17.3760061 ], [ 78.4779065, 17.3757241 ], [ 78.478102, 17.3755522 ], [ 78.4781462, 17.3755133 ], [ 78.4783632, 17.3753224 ], [ 78.4785125, 17.3751917 ], [ 78.4786016, 17.3751136 ], [ 78.4790343, 17.3747322 ], [ 78.4796085, 17.3742272 ] ] } },
{ "type": "Feature", "properties": { "road_id": "OSM-WAY-28109217", "road_name": "Osman Shahi Road", "road_class": "residential", "source": "real:osm", "confidence": 1.0, "attribution": "© OpenStreetMap contributors" }, "geometry": { "type": "LineString", "coordinates": [ [ 78.4785239, 17.375987 ], [ 78.4787321, 17.3759352 ], [ 78.4789167, 17.3759013 ], [ 78.4790293, 17.3758806 ], [ 78.4793415, 17.3758131 ], [ 78.4795237, 17.3757673 ], [ 78.4797612, 17.3756265 ], [ 78.4800712, 17.3754289 ], [ 78.4801564, 17.3753846 ], [ 78.4803378, 17.3752904 ] ] } },
{ "type": "Feature", "properties": { "road_id": "OSM-WAY-28109218", "road_name": "", "road_class": "tertiary", "source": "real:osm", "confidence": 1.0, "attribution": "© OpenStreetMap contributors" }, "geometry": { "type": "LineString", "coordinates": [ [ 78.4752965, 17.3762517 ], [ 78.4754205, 17.3762478 ], [ 78.4763019, 17.3762792 ], [ 78.4770249, 17.3763432 ], [ 78.477153, 17.3763445 ], [ 78.4772153, 17.3763342 ], [ 78.4773131, 17.3762553 ] ] } },
{ "type": "Feature", "properties": { "road_id": "OSM-WAY-28110540", "road_name": "", "road_class": "residential", "source": "real:osm", "confidence": 1.0, "attribution": "© OpenStreetMap contributors" }, "geometry": { "type": "LineString", "coordinates": [ [ 78.4813657, 17.3836237 ], [ 78.4808465, 17.3841759 ], [ 78.4807733, 17.3842596 ], [ 78.4807273, 17.3843443 ], [ 78.480721, 17.3844043 ], [ 78.480832, 17.3849344 ], [ 78.4808435, 17.3849914 ], [ 78.4808978, 17.3852164 ], [ 78.4809421, 17.3853759 ], [ 78.4809655, 17.385407 ], [ 78.4809907, 17.3854281 ], [ 78.481016, 17.3854401 ], [ 78.4810618, 17.385448 ], [ 78.4811495, 17.3854487 ], [ 78.4812297, 17.38545 ], [ 78.4813177, 17.3854421 ], [ 78.4814539, 17.3854268 ], [ 78.4814768, 17.3854297 ], [ 78.4815097, 17.3854434 ], [ 78.481546, 17.3854731 ] ] } },
{ "type": "Feature", "properties": { "road_id": "OSM-WAY-28110554", "road_name": "", "road_class": "tertiary", "source": "real:osm", "confidence": 1.0, "attribution": "© OpenStreetMap contributors" }, "geometry": { "type": "LineString", "coordinates": [ [ 78.4639237, 17.3787695 ], [ 78.4639257, 17.3790279 ], [ 78.4638298, 17.3793908 ], [ 78.4637937, 17.3795302 ], [ 78.4637754, 17.3797629 ], [ 78.4637603, 17.3801416 ], [ 78.4637387, 17.3805153 ], [ 78.4637423, 17.3806251 ], [ 78.463752, 17.3809211 ], [ 78.4637588, 17.3811296 ], [ 78.4637821, 17.3818428 ], [ 78.463807, 17.3826394 ], [ 78.4638192, 17.3835343 ], [ 78.46382, 17.3836327 ], [ 78.4638195, 17.3842191 ] ] } },
{ "type": "Feature", "properties": { "road_id": "OSM-WAY-28110555", "road_name": "", "road_class": "tertiary", "source": "real:osm", "confidence": 1.0, "attribution": "© OpenStreetMap contributors" }, "geometry": { "type": "LineString", "coordinates": [ [ 78.4634894, 17.3772224 ], [ 78.4630472, 17.3773548 ], [ 78.4629, 17.3774128 ], [ 78.4626102, 17.3775592 ], [ 78.4623599, 17.3777857 ], [ 78.4620535, 17.3783453 ], [ 78.4619602, 17.3784562 ], [ 78.461834, 17.3785935 ], [ 78.4617883, 17.3786432 ], [ 78.4616212, 17.3787917 ], [ 78.4613318, 17.3790293 ], [ 78.4611413, 17.3791743 ] ] } },
{ "type": "Feature", "properties": { "road_id": "OSM-WAY-28110556", "road_name": "", "road_class": "tertiary", "source": "real:osm", "confidence": 1.0, "attribution": "© OpenStreetMap contributors" }, "geometry": { "type": "LineString", "coordinates": [ [ 78.4575658, 17.3822706 ], [ 78.4575094, 17.3823775 ], [ 78.4571517, 17.383118 ], [ 78.4569899, 17.3833518 ], [ 78.4566066, 17.383839 ], [ 78.4564599, 17.3839894 ], [ 78.4562374, 17.3842141 ], [ 78.4562007, 17.3842551 ], [ 78.4560136, 17.3845074 ], [ 78.4557787, 17.3848222 ], [ 78.45518, 17.3855014 ], [ 78.4550199, 17.3856416 ], [ 78.4548243, 17.3857439 ], [ 78.4545691, 17.385838 ], [ 78.4543952, 17.3858852 ], [ 78.4540537, 17.3859551 ], [ 78.4538136, 17.3860177 ], [ 78.4529195, 17.3861922 ], [ 78.452618, 17.3862682 ], [ 78.4525505, 17.3862836 ], [ 78.452431, 17.3863109 ], [ 78.4521491, 17.3863796 ], [ 78.4518966, 17.3864412 ], [ 78.4516159, 17.3864848 ], [ 78.4508491, 17.3866147 ], [ 78.4502812, 17.3867309 ], [ 78.4502065, 17.3867519 ], [ 78.4501729, 17.3867597 ], [ 78.4495532, 17.3869357 ] ] } },
{ "type": "Feature", "properties": { "road_id": "OSM-WAY-28110571", "road_name": "Churi Bazaar Road", "road_class": "tertiary", "source": "real:osm", "confidence": 1.0, "attribution": "© OpenStreetMap contributors" }, "geometry": { "type": "LineString", "coordinates": [ [ 78.4633044, 17.3709098 ], [ 78.4634115, 17.3710147 ], [ 78.4637229, 17.3711805 ], [ 78.463757, 17.3711975 ], [ 78.4640094, 17.3713179 ], [ 78.464298, 17.3714556 ] ] } },
{ "type": "Feature", "properties": { "road_id": "OSM-WAY-28110572", "road_name": "Begum Bazar Road", "road_class": "residential", "source": "real:osm", "confidence": 1.0, "attribution": "© OpenStreetMap contributors" }, "geometry": { "type": "LineString", "coordinates": [ [ 78.4753764, 17.3746409 ], [ 78.4750358, 17.3746474 ], [ 78.4749824, 17.3746578 ] ] } },
{ "type": "Feature", "properties": { "road_id": "OSM-WAY-28110573", "road_name": "Jain Mandir Road", "road_class": "residential", "source": "real:osm", "confidence": 1.0, "attribution": "© OpenStreetMap contributors" }, "geometry": { "type": "LineString", "coordinates": [ [ 78.4714367, 17.3773745 ], [ 78.4715456, 17.3772471 ], [ 78.4716394, 17.3772009 ], [ 78.4719236, 17.3771751 ], [ 78.4722521, 17.3770564 ], [ 78.472639, 17.3769115 ], [ 78.4730678, 17.3766979 ], [ 78.4736683, 17.3764095 ], [ 78.4749718, 17.3758285 ] ] } },
{ "type": "Feature", "properties": { "road_id": "OSM-WAY-28110574", "road_name": "", "road_class": "residential", "source": "real:osm", "confidence": 1.0, "attribution": "© OpenStreetMap contributors" }, "geometry": { "type": "LineString", "coordinates": [ [ 78.4739059, 17.3780342 ], [ 78.473855, 17.3776897 ], [ 78.4738323, 17.3774577 ], [ 78.4738006, 17.3772195 ], [ 78.4736683, 17.3764095 ], [ 78.4736094, 17.376081 ], [ 78.473454, 17.3749936 ] ] } },
{ "type": "Feature", "properties": { "road_id": "OSM-WAY-28110575", "road_name": "", "road_class": "residential", "source": "real:osm", "confidence": 1.0, "attribution": "© OpenStreetMap contributors" }, "geometry": { "type": "LineString", "coordinates": [ [ 78.4719026, 17.3757768 ], [ 78.4720328, 17.3762807 ], [ 78.4720992, 17.3765133 ], [ 78.4722521, 17.3770564 ], [ 78.4724466, 17.3779224 ], [ 78.4725023, 17.3784554 ] ] } },
{ "type": "Feature", "properties": { "road_id": "OSM-WAY-28110576", "road_name": "", "road_class": "residential", "source": "real:osm", "confidence": 1.0, "attribution": "© OpenStreetMap contributors" }, "geometry": { "type": "LineString", "coordinates": [ [ 78.4715808, 17.3786401 ], [ 78.47167, 17.3786222 ], [ 78.4725023, 17.3784554 ], [ 78.4726059, 17.3784214 ], [ 78.4730444, 17.3782792 ], [ 78.4733115, 17.3782164 ], [ 78.4736334, 17.3781177 ], [ 78.4739059, 17.3780342 ], [ 78.4746156, 17.3780019 ], [ 78.4750591, 17.3780176 ] ] } },
{ "type": "Feature", "properties": { "road_id": "OSM-WAY-28110577", "road_name": "", "road_class": "residential", "source": "real:osm", "confidence": 1.0, "attribution": "© OpenStreetMap contributors" }, "geometry": { "type": "LineString", "coordinates": [ [ 78.4733115, 17.3782164 ], [ 78.473182, 17.3773126 ], [ 78.4730678, 17.3766979 ], [ 78.4729858, 17.3762352 ], [ 78.4728679, 17.3753412 ], [ 78.4728015, 17.3750313 ], [ 78.4727934, 17.3748805 ], [ 78.472794, 17.3748297 ] ] } },
{ "type": "Feature", "properties": { "road_id": "OSM-WAY-28110594", "road_name": "Old tophknana road", "road_class": "residential", "source": "real:osm", "confidence": 1.0, "attribution": "© OpenStreetMap contributors" }, "geometry": { "type": "LineString", "coordinates": [ [ 78.4652384, 17.3766946 ], [ 78.4653604, 17.3766964 ], [ 78.4656467, 17.3766368 ], [ 78.4659773, 17.3765872 ], [ 78.4662115, 17.3765445 ], [ 78.4664281, 17.3765283 ], [ 78.4666012, 17.3765071 ], [ 78.466796, 17.3764709 ], [ 78.4669652, 17.376446 ], [ 78.4672723, 17.3764008 ], [ 78.4673163, 17.376396 ], [ 78.4673987, 17.3763871 ], [ 78.4674568, 17.3763693 ], [ 78.4676941, 17.3762967 ], [ 78.4677712, 17.3762757 ], [ 78.4681624, 17.3760533 ], [ 78.4688295, 17.3757765 ], [ 78.4688839, 17.3757471 ], [ 78.4693742, 17.375561 ] ] } },
{ "type": "Feature", "properties": { "road_id": "OSM-WAY-28110596", "road_name": "", "road_class": "residential", "source": "real:osm", "confidence": 1.0, "attribution": "© OpenStreetMap contributors" }, "geometry": { "type": "LineString", "coordinates": [ [ 78.4688252, 17.37439 ], [ 78.4689113, 17.3743996 ], [ 78.4695255, 17.3744679 ], [ 78.4700893, 17.3746357 ], [ 78.4707319, 17.3748327 ], [ 78.4713162, 17.3747327 ], [ 78.4720364, 17.3747186 ], [ 78.4721426, 17.3746806 ], [ 78.472215, 17.3746409 ], [ 78.4723272, 17.3745474 ] ] } },
{ "type": "Feature", "properties": { "road_id": "OSM-WAY-28472438", "road_name": "", "road_class": "residential", "source": "real:osm", "confidence": 1.0, "attribution": "© OpenStreetMap contributors" }, "geometry": { "type": "LineString", "coordinates": [ [ 78.4676195, 17.3661665 ], [ 78.4670118, 17.3664005 ], [ 78.4669753, 17.3664145 ], [ 78.4659946, 17.3667277 ], [ 78.4651766, 17.366996 ], [ 78.464898, 17.3670874 ], [ 78.4645921, 17.367207 ], [ 78.4638669, 17.3674816 ], [ 78.4638378, 17.3675187 ] ] } },
{ "type": "Feature", "properties": { "road_id": "OSM-WAY-28472439", "road_name": "", "road_class": "residential", "source": "real:osm", "confidence": 1.0, "attribution": "© OpenStreetMap contributors" }, "geometry": { "type": "LineString", "coordinates": [ [ 78.4743205, 17.3685598 ], [ 78.4744117, 17.3681386 ], [ 78.4749692, 17.3679035 ] ] } },
{ "type": "Feature", "properties": { "road_id": "OSM-WAY-28472440", "road_name": "Mir Alam Mandi Road", "road_class": "residential", "source": "real:osm", "confidence": 1.0, "attribution": "© OpenStreetMap contributors" }, "geometry": { "type": "LineString", "coordinates": [ [ 78.4785291, 17.3654152 ], [ 78.4782116, 17.3655712 ], [ 78.4776969, 17.3656367 ], [ 78.4770488, 17.3656954 ], [ 78.476955, 17.365685 ], [ 78.4767935, 17.3657319 ], [ 78.4755628, 17.3659583 ] ] } },
{ "type": "Feature", "properties": { "road_id": "OSM-WAY-28472441", "road_name": "", "road_class": "residential", "source": "real:osm", "confidence": 1.0, "attribution": "© OpenStreetMap contributors" }, "geometry": { "type": "LineString", "coordinates": [ [ 78.477218, 17.3670367 ], [ 78.4770716, 17.3665159 ], [ 78.4771742, 17.3663993 ], [ 78.4774657, 17.3662997 ], [ 78.4776493, 17.3662394 ], [ 78.4777576, 17.3662124 ], [ 78.4779854, 17.3661725 ], [ 78.4782034, 17.3661174 ], [ 78.4784653, 17.3660675 ] ] } },
{ "type": "Feature", "properties": { "road_id": "OSM-WAY-28472442", "road_name": "", "road_class": "residential", "source": "real:osm", "confidence": 1.0, "attribution": "© OpenStreetMap contributors" }, "geometry": { "type": "LineString", "coordinates": [ [ 78.4782034, 17.3661174 ], [ 78.4783923, 17.3666486 ] ] } },
{ "type": "Feature", "properties": { "road_id": "OSM-WAY-28472443", "road_name": "", "road_class": "residential", "source": "real:osm", "confidence": 1.0, "attribution": "© OpenStreetMap contributors" }, "geometry": { "type": "LineString", "coordinates": [ [ 78.4759184, 17.3675984 ], [ 78.4759654, 17.3675544 ], [ 78.476192, 17.3674726 ], [ 78.4767195, 17.3672909 ] ] } },
{ "type": "Feature", "properties": { "road_id": "OSM-WAY-28472444", "road_name": "", "road_class": "residential", "source": "real:osm", "confidence": 1.0, "attribution": "© OpenStreetMap contributors" }, "geometry": { "type": "LineString", "coordinates": [ [ 78.4765862, 17.3687811 ], [ 78.476662, 17.3687578 ], [ 78.4768948, 17.3686861 ], [ 78.4772816, 17.3685595 ], [ 78.4775399, 17.3684749 ], [ 78.4779092, 17.3682899 ], [ 78.477743, 17.3677801 ] ] } },
{ "type": "Feature", "properties": { "road_id": "OSM-WAY-28829968", "road_name": "", "road_class": "residential", "source": "real:osm", "confidence": 1.0, "attribution": "© OpenStreetMap contributors" }, "geometry": { "type": "LineString", "coordinates": [ [ 78.472868, 17.3685368 ], [ 78.4727307, 17.3681581 ], [ 78.4726857, 17.3679738 ], [ 78.4726647, 17.367888 ], [ 78.472638, 17.3677795 ], [ 78.4725748, 17.3674559 ], [ 78.4725723, 17.3674034 ], [ 78.4723871, 17.3667634 ], [ 78.4723098, 17.3664676 ], [ 78.47193, 17.3662141 ] ] } },
{ "type": "Feature", "properties": { "road_id": "OSM-WAY-28829970", "road_name": "", "road_class": "residential", "source": "real:osm", "confidence": 1.0, "attribution": "© OpenStreetMap contributors" }, "geometry": { "type": "LineString", "coordinates": [ [ 78.4749692, 17.3679035 ], [ 78.4747324, 17.3673582 ], [ 78.4746084, 17.3673429 ], [ 78.4745903, 17.3672968 ], [ 78.4745148, 17.3673174 ], [ 78.4743378, 17.3671187 ], [ 78.4740808, 17.3672029 ] ] } },
{ "type": "Feature", "properties": { "road_id": "OSM-WAY-28829971", "road_name": "Ghansi Bazar road", "road_class": "residential", "source": "real:osm", "confidence": 1.0, "attribution": "© OpenStreetMap contributors" }, "geometry": { "type": "LineString", "coordinates": [ [ 78.4725748, 17.3674559 ], [ 78.4728769, 17.3673753 ], [ 78.4729942, 17.3672374 ], [ 78.4730371, 17.3670663 ], [ 78.473158, 17.3670205 ], [ 78.473182, 17.3669052 ], [ 78.4731404, 17.3667759 ], [ 78.4733673, 17.3666775 ], [ 78.4737851, 17.366472 ] ] } },
{ "type": "Feature", "properties": { "road_id": "OSM-WAY-28830129", "road_name": "", "road_class": "residential", "source": "real:osm", "confidence": 1.0, "attribution": "© OpenStreetMap contributors" }, "geometry": { "type": "LineString", "coordinates": [ [ 78.4574403, 17.3656643 ], [ 78.4574976, 17.3656329 ], [ 78.4576199, 17.3655966 ], [ 78.4579219, 17.3655882 ], [ 78.4582727, 17.3655875 ], [ 78.4588504, 17.3655929 ], [ 78.4592634, 17.3655865 ] ] } },
{ "type": "Feature", "properties": { "road_id": "OSM-WAY-28830130", "road_name": "", "road_class": "residential", "source": "real:osm", "confidence": 1.0, "attribution": "© OpenStreetMap contributors" }, "geometry": { "type": "LineString", "coordinates": [ [ 78.4599721, 17.3655905 ], [ 78.4598698, 17.3652242 ], [ 78.4597893, 17.3649141 ], [ 78.4594746, 17.3643996 ], [ 78.4591631, 17.3638404 ], [ 78.459253, 17.3637192 ], [ 78.4592553, 17.3635762 ], [ 78.4591728, 17.3632728 ], [ 78.4591726, 17.3632359 ], [ 78.4591997, 17.3632041 ], [ 78.4593369, 17.363135 ], [ 78.4595118, 17.3630167 ], [ 78.4593164, 17.3627588 ], [ 78.4591126, 17.3625021 ] ] } },
{ "type": "Feature", "properties": { "road_id": "OSM-WAY-28830133", "road_name": "", "road_class": "residential", "source": "real:osm", "confidence": 1.0, "attribution": "© OpenStreetMap contributors" }, "geometry": { "type": "LineString", "coordinates": [ [ 78.459223, 17.3654428 ], [ 78.4598698, 17.3652242 ], [ 78.4602814, 17.365112 ], [ 78.4604982, 17.3650806 ], [ 78.4609047, 17.3649498 ] ] } },
{ "type": "Feature", "properties": { "road_id": "OSM-WAY-28830139", "road_name": "", "road_class": "residential", "source": "real:osm", "confidence": 1.0, "attribution": "© OpenStreetMap contributors" }, "geometry": { "type": "LineString", "coordinates": [ [ 78.4588504, 17.3655929 ], [ 78.4586211, 17.3659299 ] ] } },
{ "type": "Feature", "properties": { "road_id": "OSM-WAY-28830243", "road_name": "", "road_class": "residential", "source": "real:osm", "confidence": 1.0, "attribution": "© OpenStreetMap contributors" }, "geometry": { "type": "LineString", "coordinates": [ [ 78.4617206, 17.3667526 ], [ 78.4616455, 17.366595 ], [ 78.4612004, 17.3661067 ], [ 78.4608179, 17.3657232 ], [ 78.4606424, 17.3653883 ] ] } },
{ "type": "Feature", "properties": { "road_id": "OSM-WAY-28831742", "road_name": "Karvan Road", "road_class": "tertiary", "source": "real:osm", "confidence": 1.0, "attribution": "© OpenStreetMap contributors" }, "geometry": { "type": "LineString", "coordinates": [ [ 78.4441805, 17.3694395 ], [ 78.4443655, 17.3693501 ], [ 78.4444729, 17.3693038 ], [ 78.4449806, 17.369094 ], [ 78.4451921, 17.3690267 ], [ 78.4453518, 17.3694496 ], [ 78.4453759, 17.3694855 ], [ 78.4454652, 17.369537 ], [ 78.4457321, 17.3696516 ], [ 78.4460331, 17.369821 ], [ 78.4461145, 17.3698506 ], [ 78.4465909, 17.3698938 ], [ 78.4466492, 17.3699028 ], [ 78.4468589, 17.3699219 ], [ 78.4470968, 17.369939 ], [ 78.4472222, 17.3699481 ], [ 78.4474454, 17.3699447 ], [ 78.4476716, 17.3699402 ], [ 78.4478971, 17.3699319 ], [ 78.4482432, 17.3699134 ], [ 78.4484639, 17.3698984 ], [ 78.4486081, 17.3698807 ], [ 78.4490698, 17.369773 ], [ 78.4491744, 17.3697585 ], [ 78.4494362, 17.3697311 ], [ 78.4498481, 17.3697482 ], [ 78.4503168, 17.3697392 ], [ 78.4506378, 17.369829 ], [ 78.4510187, 17.3698139 ], [ 78.4514199, 17.3696945 ], [ 78.4517306, 17.3695644 ], [ 78.4517598, 17.3695522 ], [ 78.4520051, 17.3694731 ], [ 78.4525241, 17.3694169 ], [ 78.4528045, 17.3693755 ], [ 78.4534748, 17.3692765 ], [ 78.4537129, 17.3692413 ], [ 78.4541263, 17.3692482 ], [ 78.454174, 17.3692555 ], [ 78.454437, 17.3692464 ], [ 78.4549519, 17.3692354 ], [ 78.4552079, 17.3692378 ], [ 78.4553155, 17.3692381 ], [ 78.4556259, 17.3691973 ], [ 78.4556936, 17.3691808 ], [ 78.4560173, 17.3690555 ], [ 78.4560455, 17.3690443 ], [ 78.4564825, 17.3688755 ], [ 78.4567366, 17.3687786 ], [ 78.4572352, 17.3686659 ] ] } },
{ "type": "Feature", "properties": { "road_id": "OSM-WAY-28832326", "road_name": "", "road_class": "residential", "source": "real:osm", "confidence": 1.0, "attribution": "© OpenStreetMap contributors" }, "geometry": { "type": "LineString", "coordinates": [ [ 78.4541167, 17.3702636 ], [ 78.4540484, 17.370266 ], [ 78.4540703, 17.3701483 ], [ 78.4541281, 17.3700286 ], [ 78.4541586, 17.3699419 ], [ 78.4541797, 17.3698805 ], [ 78.4541962, 17.3698401 ], [ 78.45438, 17.3698628 ], [ 78.4545012, 17.3699084 ], [ 78.4545671, 17.3699464 ], [ 78.4547729, 17.3699728 ], [ 78.4550443, 17.3699613 ], [ 78.4550959, 17.3699546 ] ] } },
{ "type": "Feature", "properties": { "road_id": "OSM-WAY-28832330", "road_name": "", "road_class": "residential", "source": "real:osm", "confidence": 1.0, "attribution": "© OpenStreetMap contributors" }, "geometry": { "type": "LineString", "coordinates": [ [ 78.4560455, 17.3690443 ], [ 78.4562363, 17.3693341 ], [ 78.4565163, 17.3697635 ] ] } },
{ "type": "Feature", "properties": { "road_id": "OSM-WAY-28832332", "road_name": "", "road_class": "residential", "source": "real:osm", "confidence": 1.0, "attribution": "© OpenStreetMap contributors" }, "geometry": { "type": "LineString", "coordinates": [ [ 78.4552079, 17.3692378 ], [ 78.4553485, 17.36996 ] ] } },
{ "type": "Feature", "properties": { "road_id": "OSM-WAY-28832334", "road_name": "", "road_class": "residential", "source": "real:osm", "confidence": 1.0, "attribution": "© OpenStreetMap contributors" }, "geometry": { "type": "LineString", "coordinates": [ [ 78.4553155, 17.3692381 ], [ 78.4551107, 17.3681611 ] ] } },
{ "type": "Feature", "properties": { "road_id": "OSM-WAY-28832338", "road_name": "", "road_class": "residential", "source": "real:osm", "confidence": 1.0, "attribution": "© OpenStreetMap contributors" }, "geometry": { "type": "LineString", "coordinates": [ [ 78.4556778, 17.368061 ], [ 78.4556116, 17.3678713 ], [ 78.4555682, 17.3676665 ] ] } },
{ "type": "Feature", "properties": { "road_id": "OSM-WAY-28832344", "road_name": "", "road_class": "residential", "source": "real:osm", "confidence": 1.0, "attribution": "© OpenStreetMap contributors" }, "geometry": { "type": "LineString", "coordinates": [ [ 78.456204, 17.3672281 ], [ 78.4561047, 17.367254 ], [ 78.455798, 17.3673181 ], [ 78.4555065, 17.3674127 ], [ 78.4552276, 17.3674972 ], [ 78.4549295, 17.3675951 ], [ 78.4546637, 17.3676698 ], [ 78.45441, 17.367744 ], [ 78.4543908, 17.3677496 ], [ 78.4539638, 17.3678788 ] ] } },
{ "type": "Feature", "properties": { "road_id": "OSM-WAY-28832346", "road_name": "", "road_class": "residential", "source": "real:osm", "confidence": 1.0, "attribution": "© OpenStreetMap contributors" }, "geometry": { "type": "LineString", "coordinates": [ [ 78.4531588, 17.3663289 ], [ 78.4538235, 17.3663058 ], [ 78.4540851, 17.3662945 ], [ 78.4542345, 17.3662741 ], [ 78.4545148, 17.3662037 ], [ 78.4548099, 17.3661653 ], [ 78.4550781, 17.3661128 ] ] } },
{ "type": "Feature", "properties": { "road_id": "OSM-WAY-28832349", "road_name": "", "road_class": "residential", "source": "real:osm", "confidence": 1.0, "attribution": "© OpenStreetMap contributors" }, "geometry": { "type": "LineString", "coordinates": [ [ 78.4547028, 17.3658569 ], [ 78.4548099, 17.3661653 ], [ 78.454908, 17.3664922 ], [ 78.4550452, 17.3669491 ], [ 78.4552276, 17.3674972 ] ] } },
{ "type": "Feature", "properties": { "road_id": "OSM-WAY-28832352", "road_name": "", "road_class": "residential", "source": "real:osm", "confidence": 1.0, "attribution": "© OpenStreetMap contributors" }, "geometry": { "type": "LineString", "coordinates": [ [ 78.4555065, 17.3674127 ], [ 78.4553355, 17.3668534 ], [ 78.4552159, 17.3665103 ], [ 78.4550781, 17.3661128 ] ] } },
{ "type": "Feature", "properties": { "road_id": "OSM-WAY-28832353", "road_name": "", "road_class": "residential", "source": "real:osm", "confidence": 1.0, "attribution": "© OpenStreetMap contributors" }, "geometry": { "type": "LineString", "coordinates": [ [ 78.455798, 17.3673181 ], [ 78.455742, 17.3671279 ], [ 78.4556413, 17.3667829 ], [ 78.4555799, 17.366601 ] ] } },
{ "type": "Feature", "properties": { "road_id": "OSM-WAY-28832434", "road_name": "", "road_class": "residential", "source": "real:osm", "confidence": 1.0, "attribution": "© OpenStreetMap contributors" }, "geometry": { "type": "LineString", "coordinates": [ [ 78.4562363, 17.3693341 ], [ 78.4558085, 17.3695242 ] ] } },
{ "type": "Feature", "properties": { "road_id": "OSM-WAY-28832435", "road_name": "", "road_class": "tertiary", "source": "real:osm", "confidence": 1.0, "attribution": "© OpenStreetMap contributors" }, "geometry": { "type": "LineString", "coordinates": [ [ 78.4561008, 17.3667673 ], [ 78.4562485, 17.3669459 ], [ 78.4564249, 17.3671014 ], [ 78.4567731, 17.3673669 ], [ 78.4570105, 17.3676449 ], [ 78.4571807, 17.3678442 ], [ 78.4572807, 17.3679328 ], [ 78.4574493, 17.3680822 ], [ 78.4575368, 17.3682163 ], [ 78.4575772, 17.3685089 ], [ 78.4575864, 17.3685758 ], [ 78.4576143, 17.3686453 ], [ 78.4576813, 17.3687246 ] ] } },
{ "type": "Feature", "properties": { "road_id": "OSM-WAY-49360407", "road_name": "khaleel bidri galli", "road_class": "residential", "source": "real:osm", "confidence": 1.0, "attribution": "© OpenStreetMap contributors" }, "geometry": { "type": "LineString", "coordinates": [ [ 78.4844355, 17.3671089 ], [ 78.4845492, 17.3670232 ], [ 78.4848264, 17.366886 ], [ 78.4851262, 17.3667845 ] ] } },
{ "type": "Feature", "properties": { "road_id": "OSM-WAY-49360411", "road_name": "sbh road", "road_class": "residential", "source": "real:osm", "confidence": 1.0, "attribution": "© OpenStreetMap contributors" }, "geometry": { "type": "LineString", "coordinates": [ [ 78.4846423, 17.3704728 ], [ 78.4845408, 17.3702581 ], [ 78.4845192, 17.3701949 ], [ 78.4843461, 17.3696893 ], [ 78.4843329, 17.3696507 ], [ 78.4842658, 17.3694991 ], [ 78.4841906, 17.3692409 ], [ 78.4841029, 17.3690033 ], [ 78.4839661, 17.3686327 ], [ 78.4839565, 17.3686025 ], [ 78.4838813, 17.3683652 ] ] } },
{ "type": "Feature", "properties": { "road_id": "OSM-WAY-49360420", "road_name": "Badh ka jhaad road", "road_class": "residential", "source": "real:osm", "confidence": 1.0, "attribution": "© OpenStreetMap contributors" }, "geometry": { "type": "LineString", "coordinates": [ [ 78.4849428, 17.3661321 ], [ 78.485004, 17.3664555 ], [ 78.4851262, 17.3667845 ], [ 78.4851697, 17.3669065 ], [ 78.4852555, 17.3671523 ], [ 78.4853628, 17.367439 ], [ 78.4853263, 17.3676156 ] ] } },
{ "type": "Feature", "properties": { "road_id": "OSM-WAY-49360425", "road_name": "Chatta Bazar Road", "road_class": "tertiary", "source": "real:osm", "confidence": 1.0, "attribution": "© OpenStreetMap contributors" }, "geometry": { "type": "LineString", "coordinates": [ [ 78.4799617, 17.3686615 ], [ 78.4796332, 17.3687364 ], [ 78.4793573, 17.3687981 ], [ 78.4780308, 17.3690111 ] ] } },
{ "type": "Feature", "properties": { "road_id": "OSM-WAY-49360742", "road_name": "", "road_class": "residential", "source": "real:osm", "confidence": 1.0, "attribution": "© OpenStreetMap contributors" }, "geometry": { "type": "LineString", "coordinates": [ [ 78.4776969, 17.3656367 ], [ 78.4777576, 17.3662124 ] ] } },
{ "type": "Feature", "properties": { "road_id": "OSM-WAY-49360743", "road_name": "", "road_class": "residential", "source": "real:osm", "confidence": 1.0, "attribution": "© OpenStreetMap contributors" }, "geometry": { "type": "LineString", "coordinates": [ [ 78.4774657, 17.3662997 ], [ 78.4776835, 17.3668562 ], [ 78.4779778, 17.3676231 ] ] } },
{ "type": "Feature", "properties": { "road_id": "OSM-WAY-57366942", "road_name": "", "road_class": "residential", "source": "real:osm", "confidence": 1.0, "attribution": "© OpenStreetMap contributors" }, "geometry": { "type": "LineString", "coordinates": [ [ 78.4612375, 17.3867215 ], [ 78.4613199, 17.3866621 ], [ 78.4614951, 17.3864914 ], [ 78.4617919, 17.3862217 ], [ 78.4620562, 17.3859249 ], [ 78.4622623, 17.3856377 ], [ 78.4624977, 17.3852942 ], [ 78.4630569, 17.3849304 ], [ 78.4631996, 17.3848586 ], [ 78.4633317, 17.3848006 ] ] } },
{ "type": "Feature", "properties": { "road_id": "OSM-WAY-57367709", "road_name": "", "road_class": "residential", "source": "real:osm", "confidence": 1.0, "attribution": "© OpenStreetMap contributors" }, "geometry": { "type": "LineString", "coordinates": [ [ 78.4565044, 17.3753363 ], [ 78.4566077, 17.3758398 ], [ 78.4566862, 17.3761684 ], [ 78.4568261, 17.3765495 ], [ 78.4570897, 17.3772006 ], [ 78.4572612, 17.3773591 ], [ 78.4576401, 17.3777124 ], [ 78.4577556, 17.3778198 ], [ 78.4578858, 17.3779819 ], [ 78.4582593, 17.3782113 ], [ 78.458386, 17.3782971 ], [ 78.4587275, 17.3784825 ], [ 78.4588575, 17.3785609 ], [ 78.4589564, 17.3786434 ], [ 78.4594435, 17.3790926 ], [ 78.4594453, 17.3792649 ], [ 78.4595111, 17.379714 ], [ 78.4596478, 17.3801717 ] ] } },
{ "type": "Feature", "properties": { "road_id": "OSM-WAY-57367711", "road_name": "", "road_class": "residential", "source": "real:osm", "confidence": 1.0, "attribution": "© OpenStreetMap contributors" }, "geometry": { "type": "LineString", "coordinates": [ [ 78.4594435, 17.3790926 ], [ 78.4594505, 17.3790016 ], [ 78.4595007, 17.3783463 ], [ 78.4594993, 17.377863 ], [ 78.459618, 17.3774555 ], [ 78.4596855, 17.3773043 ], [ 78.4597442, 17.3771224 ], [ 78.4598029, 17.376697 ] ] } },
{ "type": "Feature", "properties": { "road_id": "OSM-WAY-58232224", "road_name": "", "road_class": "tertiary", "source": "real:osm", "confidence": 1.0, "attribution": "© OpenStreetMap contributors" }, "geometry": { "type": "LineString", "coordinates": [ [ 78.4477568, 17.3779873 ], [ 78.4480101, 17.3780672 ], [ 78.4480798, 17.378103 ], [ 78.4481254, 17.3781478 ], [ 78.4481724, 17.3781849 ], [ 78.4482341, 17.3782182 ], [ 78.4485093, 17.3782313 ], [ 78.4487993, 17.3782156 ], [ 78.4489503, 17.3782143 ], [ 78.4490817, 17.378214 ], [ 78.4493839, 17.3782043 ], [ 78.4496691, 17.3781899 ], [ 78.4497705, 17.3781891 ], [ 78.4498409, 17.3781829 ], [ 78.4499707, 17.3781748 ], [ 78.450222, 17.3781567 ], [ 78.450259, 17.378149 ], [ 78.4507179, 17.3780881 ], [ 78.4510344, 17.3780396 ], [ 78.4511402, 17.3780331 ], [ 78.4513566, 17.3780046 ], [ 78.4516349, 17.3779791 ], [ 78.4519084, 17.3779529 ], [ 78.4519672, 17.3779559 ], [ 78.452165, 17.3779277 ], [ 78.4522498, 17.3779302 ], [ 78.4524484, 17.3778992 ], [ 78.4525739, 17.3778793 ], [ 78.452682, 17.3778775 ], [ 78.4529413, 17.3778277 ], [ 78.4531235, 17.3777951 ], [ 78.4532585, 17.3777634 ], [ 78.4533965, 17.3777249 ], [ 78.4535999, 17.377681 ], [ 78.4539184, 17.3776123 ], [ 78.4539977, 17.3775952 ], [ 78.454023, 17.3775929 ], [ 78.4541858, 17.3775783 ], [ 78.4543234, 17.3775732 ], [ 78.4545066, 17.3775508 ], [ 78.4546864, 17.3775343 ], [ 78.4556706, 17.3774718 ], [ 78.45608, 17.3774445 ], [ 78.4570897, 17.3772006 ] ] } },
{ "type": "Feature", "properties": { "road_id": "OSM-WAY-59259944", "road_name": "", "road_class": "residential", "source": "real:osm", "confidence": 1.0, "attribution": "© OpenStreetMap contributors" }, "geometry": { "type": "LineString", "coordinates": [ [ 78.4637387, 17.3805153 ], [ 78.4632515, 17.3805416 ], [ 78.4627504, 17.3805687 ], [ 78.4622426, 17.3805961 ], [ 78.461705, 17.3806251 ], [ 78.4613542, 17.3806551 ] ] } },
{ "type": "Feature", "properties": { "road_id": "OSM-WAY-59259974", "road_name": "", "road_class": "residential", "source": "real:osm", "confidence": 1.0, "attribution": "© OpenStreetMap contributors" }, "geometry": { "type": "LineString", "coordinates": [ [ 78.4622219, 17.3797436 ], [ 78.4622426, 17.3805961 ] ] } },
{ "type": "Feature", "properties": { "road_id": "OSM-WAY-59259975", "road_name": "", "road_class": "residential", "source": "real:osm", "confidence": 1.0, "attribution": "© OpenStreetMap contributors" }, "geometry": { "type": "LineString", "coordinates": [ [ 78.4617883, 17.3786432 ], [ 78.4621052, 17.3789947 ], [ 78.462251, 17.3791697 ] ] } },
{ "type": "Feature", "properties": { "road_id": "OSM-WAY-59259976", "road_name": "", "road_class": "residential", "source": "real:osm", "confidence": 1.0, "attribution": "© OpenStreetMap contributors" }, "geometry": { "type": "LineString", "coordinates": [ [ 78.4639237, 17.3787695 ], [ 78.4636585, 17.3789668 ], [ 78.4634774, 17.379201 ], [ 78.463344, 17.3794218 ], [ 78.4633177, 17.3794635 ], [ 78.4632384, 17.3796655 ], [ 78.463127, 17.3800356 ], [ 78.4630802, 17.3801058 ], [ 78.4629836, 17.3802697 ], [ 78.4629154, 17.3804282 ], [ 78.4627504, 17.3805687 ] ] } },
{ "type": "Feature", "properties": { "road_id": "OSM-WAY-59260096", "road_name": "", "road_class": "residential", "source": "real:osm", "confidence": 1.0, "attribution": "© OpenStreetMap contributors" }, "geometry": { "type": "LineString", "coordinates": [ [ 78.463344, 17.3794218 ], [ 78.462904, 17.3793775 ], [ 78.4626939, 17.3794403 ], [ 78.4624182, 17.3795285 ], [ 78.4624311, 17.3797641 ], [ 78.4624688, 17.3799523 ], [ 78.4625122, 17.3801289 ], [ 78.4625775, 17.3802416 ] ] } },
{ "type": "Feature", "properties": { "road_id": "OSM-WAY-59260108", "road_name": "", "road_class": "residential", "source": "real:osm", "confidence": 1.0, "attribution": "© OpenStreetMap contributors" }, "geometry": { "type": "LineString", "coordinates": [ [ 78.4639337, 17.3752316 ], [ 78.4639811, 17.3753764 ], [ 78.4642254, 17.3760731 ], [ 78.4642214, 17.3761128 ], [ 78.4641927, 17.3761356 ], [ 78.4637236, 17.3762933 ], [ 78.4632189, 17.3764877 ] ] } },
{ "type": "Feature", "properties": { "road_id": "OSM-WAY-59260140", "road_name": "", "road_class": "residential", "source": "real:osm", "confidence": 1.0, "attribution": "© OpenStreetMap contributors" }, "geometry": { "type": "LineString", "coordinates": [ [ 78.4694618, 17.3721837 ], [ 78.4693269, 17.3723861 ], [ 78.4690677, 17.3727835 ], [ 78.4689407, 17.3730071 ], [ 78.468876, 17.3730999 ], [ 78.4688633, 17.3731098 ], [ 78.4688448, 17.373113 ], [ 78.4688113, 17.3731127 ], [ 78.4687586, 17.3731055 ] ] } },
{ "type": "Feature", "properties": { "road_id": "OSM-WAY-59260155", "road_name": "Gandhi Gali Rd", "road_class": "residential", "source": "real:osm", "confidence": 1.0, "attribution": "© OpenStreetMap contributors" }, "geometry": { "type": "LineString", "coordinates": [ [ 78.4693657, 17.3718558 ], [ 78.4696585, 17.3719166 ], [ 78.4696867, 17.3719316 ], [ 78.4697182, 17.3719524 ], [ 78.4697641, 17.3719943 ], [ 78.469789, 17.3720295 ], [ 78.4697987, 17.372065 ], [ 78.4698004, 17.3720916 ], [ 78.469796, 17.372161 ], [ 78.4697452, 17.3723161 ], [ 78.4696367, 17.3725316 ], [ 78.4695603, 17.3726913 ], [ 78.4694948, 17.3728746 ], [ 78.469474, 17.3729451 ], [ 78.4694609, 17.3730823 ], [ 78.4694526, 17.3731962 ], [ 78.469457, 17.3733598 ], [ 78.469444, 17.3736286 ] ] } },
{ "type": "Feature", "properties": { "road_id": "OSM-WAY-59260211", "road_name": "", "road_class": "residential", "source": "real:osm", "confidence": 1.0, "attribution": "© OpenStreetMap contributors" }, "geometry": { "type": "LineString", "coordinates": [ [ 78.4670421, 17.3703347 ], [ 78.4667507, 17.3707006 ], [ 78.4665749, 17.3711864 ] ] } },
{ "type": "Feature", "properties": { "road_id": "OSM-WAY-59260224", "road_name": "", "road_class": "residential", "source": "real:osm", "confidence": 1.0, "attribution": "© OpenStreetMap contributors" }, "geometry": { "type": "LineString", "coordinates": [ [ 78.4687969, 17.3726865 ], [ 78.4681376, 17.3726086 ], [ 78.4676808, 17.3725719 ] ] } },
{ "type": "Feature", "properties": { "road_id": "OSM-WAY-59260233", "road_name": "", "road_class": "residential", "source": "real:osm", "confidence": 1.0, "attribution": "© OpenStreetMap contributors" }, "geometry": { "type": "LineString", "coordinates": [ [ 78.4674895, 17.3729342 ], [ 78.4676129, 17.3726732 ], [ 78.4676467, 17.372613 ], [ 78.4676808, 17.3725719 ], [ 78.4677438, 17.3725629 ], [ 78.4677713, 17.3725162 ], [ 78.4679225, 17.3713388 ] ] } },
{ "type": "Feature", "properties": { "road_id": "OSM-WAY-59260259", "road_name": "", "road_class": "residential", "source": "real:osm", "confidence": 1.0, "attribution": "© OpenStreetMap contributors" }, "geometry": { "type": "LineString", "coordinates": [ [ 78.466738, 17.3741233 ], [ 78.4664611, 17.3741853 ], [ 78.465988, 17.3742483 ], [ 78.4655411, 17.3743785 ], [ 78.4651377, 17.3745114 ], [ 78.4646192, 17.3746243 ], [ 78.4644633, 17.3746498 ], [ 78.464424, 17.3746563 ], [ 78.4643833, 17.3746511 ], [ 78.4638511, 17.3747798 ], [ 78.4637847, 17.3748154 ], [ 78.4632892, 17.3748657 ], [ 78.4629447, 17.3749006 ] ] } },
{ "type": "Feature", "properties": { "road_id": "OSM-WAY-59260269", "road_name": "", "road_class": "residential", "source": "real:osm", "confidence": 1.0, "attribution": "© OpenStreetMap contributors" }, "geometry": { "type": "LineString", "coordinates": [ [ 78.4677712, 17.3762757 ], [ 78.4678088, 17.376434 ], [ 78.4678048, 17.3765659 ], [ 78.4677364, 17.3767156 ], [ 78.4677351, 17.3768065 ], [ 78.467759, 17.3770715 ], [ 78.4677768, 17.377213 ], [ 78.4677686, 17.3773863 ], [ 78.4677271, 17.377636 ], [ 78.4677027, 17.3778973 ], [ 78.4676981, 17.3781262 ] ] } },
{ "type": "Feature", "properties": { "road_id": "OSM-WAY-59275197", "road_name": "", "road_class": "residential", "source": "real:osm", "confidence": 1.0, "attribution": "© OpenStreetMap contributors" }, "geometry": { "type": "LineString", "coordinates": [ [ 78.4603458, 17.3840889 ], [ 78.4602177, 17.3840882 ], [ 78.4601068, 17.3841427 ], [ 78.4600787, 17.3841821 ], [ 78.4600396, 17.384554 ], [ 78.4599183, 17.3852543 ], [ 78.4599246, 17.3854713 ], [ 78.459931, 17.3857469 ], [ 78.4599596, 17.3859797 ], [ 78.4600117, 17.3862166 ], [ 78.4600724, 17.3865005 ], [ 78.4601596, 17.3868684 ], [ 78.4602328, 17.3870578 ], [ 78.4603458, 17.3872438 ] ] } },
{ "type": "Feature", "properties": { "road_id": "OSM-WAY-59275199", "road_name": "", "road_class": "residential", "source": "real:osm", "confidence": 1.0, "attribution": "© OpenStreetMap contributors" }, "geometry": { "type": "LineString", "coordinates": [ [ 78.4616806, 17.382843 ], [ 78.4614902, 17.3829152 ], [ 78.4613242, 17.3829782 ], [ 78.4608262, 17.3831344 ] ] } },
{ "type": "Feature", "properties": { "road_id": "OSM-WAY-59866058", "road_name": "", "road_class": "residential", "source": "real:osm", "confidence": 1.0, "attribution": "© OpenStreetMap contributors" }, "geometry": { "type": "LineString", "coordinates": [ [ 78.4794904, 17.3842201 ], [ 78.4790449, 17.3842107 ], [ 78.4790076, 17.3842099 ], [ 78.4787823, 17.3842303 ], [ 78.4785677, 17.3842201 ], [ 78.4783533, 17.3842272 ], [ 78.4779592, 17.3842049 ] ] } },
{ "type": "Feature", "properties": { "road_id": "OSM-WAY-59866059", "road_name": "", "road_class": "tertiary", "source": "real:osm", "confidence": 1.0, "attribution": "© OpenStreetMap contributors" }, "geometry": { "type": "LineString", "coordinates": [ [ 78.4779592, 17.3842049 ], [ 78.4779347, 17.3847865 ], [ 78.4779661, 17.3851979 ] ] } },
{ "type": "Feature", "properties": { "road_id": "OSM-WAY-59866076", "road_name": "Putlibowl Road", "road_class": "tertiary", "source": "real:osm", "confidence": 1.0, "attribution": "© OpenStreetMap contributors" }, "geometry": { "type": "LineString", "coordinates": [ [ 78.4813211, 17.3816415 ], [ 78.4812982, 17.381673 ], [ 78.4809924, 17.3820937 ], [ 78.4808139, 17.3822819 ], [ 78.4807242, 17.3823701 ], [ 78.4805954, 17.3824418 ], [ 78.4802542, 17.3824881 ], [ 78.4799482, 17.382561 ], [ 78.4781538, 17.3827796 ], [ 78.4780558, 17.3831291 ] ] } },
{ "type": "Feature", "properties": { "road_id": "OSM-WAY-59866115", "road_name": "", "road_class": "tertiary", "source": "real:osm", "confidence": 1.0, "attribution": "© OpenStreetMap contributors" }, "geometry": { "type": "LineString", "coordinates": [ [ 78.4792953, 17.3794653 ], [ 78.4787859, 17.3795199 ], [ 78.4785418, 17.3795609 ], [ 78.4785196, 17.379585 ], [ 78.4784828, 17.3796249 ], [ 78.4784291, 17.3797401 ], [ 78.4783889, 17.3798886 ], [ 78.4783618, 17.3799975 ], [ 78.4783513, 17.3800396 ], [ 78.4783559, 17.3804086 ], [ 78.4783723, 17.3807198 ], [ 78.4783782, 17.3809712 ], [ 78.4783855, 17.3812247 ], [ 78.4783875, 17.3812933 ], [ 78.4783487, 17.3816147 ], [ 78.4783222, 17.3818378 ], [ 78.4782985, 17.3820224 ], [ 78.4782647, 17.3821986 ], [ 78.4782162, 17.3824531 ], [ 78.4781837, 17.3825619 ], [ 78.4781538, 17.3827796 ] ] } },
{ "type": "Feature", "properties": { "road_id": "OSM-WAY-59870640", "road_name": "", "road_class": "residential", "source": "real:osm", "confidence": 1.0, "attribution": "© OpenStreetMap contributors" }, "geometry": { "type": "LineString", "coordinates": [ [ 78.4586342, 17.3846758 ], [ 78.4574239, 17.3851859 ], [ 78.4568851, 17.3854129 ], [ 78.4561212, 17.38573 ], [ 78.4559586, 17.3852297 ], [ 78.4558851, 17.3849426 ], [ 78.4558636, 17.3848857 ], [ 78.4558381, 17.3848422 ], [ 78.4558259, 17.384829 ], [ 78.4558106, 17.3848236 ], [ 78.4557787, 17.3848222 ] ] } },
{ "type": "Feature", "properties": { "road_id": "OSM-WAY-59870658", "road_name": "", "road_class": "residential", "source": "real:osm", "confidence": 1.0, "attribution": "© OpenStreetMap contributors" }, "geometry": { "type": "LineString", "coordinates": [ [ 78.4594415, 17.3848746 ], [ 78.4593738, 17.3849401 ], [ 78.4592343, 17.3850117 ], [ 78.459112, 17.3850977 ], [ 78.4591056, 17.3851346 ], [ 78.4590412, 17.385196 ], [ 78.458902, 17.3853086 ], [ 78.458773, 17.3853906 ], [ 78.4586228, 17.385452 ], [ 78.4584511, 17.3855237 ], [ 78.4584049, 17.3855677 ] ] } },
{ "type": "Feature", "properties": { "road_id": "OSM-WAY-69962044", "road_name": "Dabeerpura Nala road", "road_class": "tertiary", "source": "real:osm", "confidence": 1.0, "attribution": "© OpenStreetMap contributors" }, "geometry": { "type": "LineString", "coordinates": [ [ 78.4845452, 17.3671778 ], [ 78.4846478, 17.3672549 ], [ 78.4850689, 17.3675413 ], [ 78.4852358, 17.3676936 ] ] } },
{ "type": "Feature", "properties": { "road_id": "OSM-WAY-105028339", "road_name": "Street Number 7", "road_class": "residential", "source": "real:osm", "confidence": 1.0, "attribution": "© OpenStreetMap contributors" }, "geometry": { "type": "LineString", "coordinates": [ [ 78.4685275, 17.3845116 ], [ 78.4685021, 17.3843352 ], [ 78.4684051, 17.3836607 ], [ 78.4682851, 17.3827241 ] ] } },
{ "type": "Feature", "properties": { "road_id": "OSM-WAY-105028341", "road_name": "", "road_class": "residential", "source": "real:osm", "confidence": 1.0, "attribution": "© OpenStreetMap contributors" }, "geometry": { "type": "LineString", "coordinates": [ [ 78.4682969, 17.3845371 ], [ 78.4682244, 17.3840967 ], [ 78.4681683, 17.3836878 ], [ 78.4681078, 17.3832634 ], [ 78.4680394, 17.3827633 ] ] } },
{ "type": "Feature", "properties": { "road_id": "OSM-WAY-105028342", "road_name": "", "road_class": "residential", "source": "real:osm", "confidence": 1.0, "attribution": "© OpenStreetMap contributors" }, "geometry": { "type": "LineString", "coordinates": [ [ 78.4689955, 17.3842658 ], [ 78.4688558, 17.3836231 ], [ 78.4687797, 17.383121 ], [ 78.4686974, 17.3826599 ] ] } },
{ "type": "Feature", "properties": { "road_id": "OSM-WAY-105028345", "road_name": "", "road_class": "residential", "source": "real:osm", "confidence": 1.0, "attribution": "© OpenStreetMap contributors" }, "geometry": { "type": "LineString", "coordinates": [ [ 78.4692907, 17.3825728 ], [ 78.4694439, 17.38354 ], [ 78.4695392, 17.384128 ], [ 78.4695412, 17.3841555 ], [ 78.4695398, 17.3841683 ], [ 78.4695315, 17.3841795 ], [ 78.4695181, 17.3841853 ], [ 78.4693612, 17.3842058 ], [ 78.469181, 17.384233 ], [ 78.4689955, 17.3842658 ] ] } },
{ "type": "Feature", "properties": { "road_id": "OSM-WAY-105028582", "road_name": "", "road_class": "residential", "source": "real:osm", "confidence": 1.0, "attribution": "© OpenStreetMap contributors" }, "geometry": { "type": "LineString", "coordinates": [ [ 78.4687288, 17.384084 ], [ 78.468662, 17.3836395 ], [ 78.468519, 17.3826889 ] ] } },
{ "type": "Feature", "properties": { "road_id": "OSM-WAY-105029146", "road_name": "", "road_class": "residential", "source": "real:osm", "confidence": 1.0, "attribution": "© OpenStreetMap contributors" }, "geometry": { "type": "LineString", "coordinates": [ [ 78.4692585, 17.383575 ], [ 78.4690988, 17.3826016 ] ] } },
{ "type": "Feature", "properties": { "road_id": "OSM-WAY-105029456", "road_name": "", "road_class": "residential", "source": "real:osm", "confidence": 1.0, "attribution": "© OpenStreetMap contributors" }, "geometry": { "type": "LineString", "coordinates": [ [ 78.4697675, 17.3842011 ], [ 78.4697535, 17.3841027 ], [ 78.4695392, 17.384128 ] ] } },
{ "type": "Feature", "properties": { "road_id": "OSM-WAY-105029459", "road_name": "", "road_class": "residential", "source": "real:osm", "confidence": 1.0, "attribution": "© OpenStreetMap contributors" }, "geometry": { "type": "LineString", "coordinates": [ [ 78.4696309, 17.3835205 ], [ 78.4694755, 17.382545 ] ] } },
{ "type": "Feature", "properties": { "road_id": "OSM-WAY-105029460", "road_name": "", "road_class": "residential", "source": "real:osm", "confidence": 1.0, "attribution": "© OpenStreetMap contributors" }, "geometry": { "type": "LineString", "coordinates": [ [ 78.4697535, 17.3841027 ], [ 78.4696309, 17.3835205 ], [ 78.4694439, 17.38354 ] ] } },
{ "type": "Feature", "properties": { "road_id": "OSM-WAY-105029837", "road_name": "", "road_class": "residential", "source": "real:osm", "confidence": 1.0, "attribution": "© OpenStreetMap contributors" }, "geometry": { "type": "LineString", "coordinates": [ [ 78.4676981, 17.3781262 ], [ 78.4677291, 17.3783743 ], [ 78.4677954, 17.3787909 ], [ 78.4679395, 17.3797416 ], [ 78.4679884, 17.3800788 ], [ 78.4682216, 17.3814155 ] ] } },
{ "type": "Feature", "properties": { "road_id": "OSM-WAY-105030334", "road_name": "", "road_class": "residential", "source": "real:osm", "confidence": 1.0, "attribution": "© OpenStreetMap contributors" }, "geometry": { "type": "LineString", "coordinates": [ [ 78.4696607, 17.3818016 ], [ 78.4697011, 17.3820233 ] ] } },
{ "type": "Feature", "properties": { "road_id": "OSM-WAY-105030335", "road_name": "", "road_class": "residential", "source": "real:osm", "confidence": 1.0, "attribution": "© OpenStreetMap contributors" }, "geometry": { "type": "LineString", "coordinates": [ [ 78.4695174, 17.3810814 ], [ 78.4695691, 17.3813294 ], [ 78.4682559, 17.3815772 ] ] } },
{ "type": "Feature", "properties": { "road_id": "OSM-WAY-105030336", "road_name": "", "road_class": "residential", "source": "real:osm", "confidence": 1.0, "attribution": "© OpenStreetMap contributors" }, "geometry": { "type": "LineString", "coordinates": [ [ 78.4695691, 17.3813294 ], [ 78.4695876, 17.3814284 ], [ 78.4696205, 17.3816125 ], [ 78.4683089, 17.3818687 ] ] } },
{ "type": "Feature", "properties": { "road_id": "OSM-WAY-105030339", "road_name": "", "road_class": "residential", "source": "real:osm", "confidence": 1.0, "attribution": "© OpenStreetMap contributors" }, "geometry": { "type": "LineString", "coordinates": [ [ 78.4696205, 17.3816125 ], [ 78.4696607, 17.3818016 ], [ 78.4683373, 17.3820501 ] ] } },
{ "type": "Feature", "properties": { "road_id": "OSM-WAY-105030544", "road_name": "", "road_class": "residential", "source": "real:osm", "confidence": 1.0, "attribution": "© OpenStreetMap contributors" }, "geometry": { "type": "LineString", "coordinates": [ [ 78.4693249, 17.3821519 ], [ 78.4683763, 17.382316 ] ] } },
{ "type": "Feature", "properties": { "road_id": "OSM-WAY-105030747", "road_name": "Chandan Wadi Goshmahal lane", "road_class": "residential", "source": "real:osm", "confidence": 1.0, "attribution": "© OpenStreetMap contributors" }, "geometry": { "type": "LineString", "coordinates": [ [ 78.4682216, 17.3814155 ], [ 78.4682559, 17.3815772 ], [ 78.4683089, 17.3818687 ], [ 78.4683373, 17.3820501 ], [ 78.4683763, 17.382316 ], [ 78.4683826, 17.3823431 ], [ 78.4684547, 17.3826933 ] ] } },
{ "type": "Feature", "properties": { "road_id": "OSM-WAY-105031343", "road_name": "", "road_class": "living_street", "source": "real:osm", "confidence": 1.0, "attribution": "© OpenStreetMap contributors" }, "geometry": { "type": "LineString", "coordinates": [ [ 78.4679447, 17.3819993 ], [ 78.4680394, 17.3827633 ] ] } },
{ "type": "Feature", "properties": { "road_id": "OSM-WAY-105031345", "road_name": "Goshamahal Road", "road_class": "secondary", "source": "real:osm", "confidence": 1.0, "attribution": "© OpenStreetMap contributors" }, "geometry": { "type": "LineString", "coordinates": [ [ 78.4650574, 17.3827814 ], [ 78.4649914, 17.3827714 ], [ 78.4647267, 17.3827175 ], [ 78.46418, 17.38266 ], [ 78.463807, 17.3826394 ], [ 78.4634219, 17.3825824 ], [ 78.4632803, 17.3825546 ], [ 78.4629009, 17.3825096 ], [ 78.4628564, 17.3824973 ], [ 78.4623519, 17.3824656 ], [ 78.4618115, 17.3823986 ], [ 78.4616721, 17.382387 ], [ 78.4615189, 17.3823908 ], [ 78.4613353, 17.3824218 ], [ 78.4611403, 17.3825037 ], [ 78.4605134, 17.3828014 ], [ 78.4604043, 17.3829078 ], [ 78.4595242, 17.3837941 ], [ 78.4594068, 17.3839074 ], [ 78.4586342, 17.3846758 ], [ 78.4580696, 17.3853705 ], [ 78.4577042, 17.3858043 ], [ 78.4576798, 17.3858344 ], [ 78.4573904, 17.3861921 ], [ 78.4572876, 17.386319 ], [ 78.4568621, 17.3868293 ], [ 78.4567491, 17.3869649 ], [ 78.4567167, 17.3870038 ], [ 78.4566599, 17.3870712 ], [ 78.456566, 17.3871828 ], [ 78.4564166, 17.3873385 ], [ 78.4562248, 17.387609 ], [ 78.4561216, 17.3877666 ], [ 78.4553568, 17.3889017 ], [ 78.4552977, 17.3890121 ], [ 78.4552871, 17.3890319 ] ] } },
{ "type": "Feature", "properties": { "road_id": "OSM-WAY-105031352", "road_name": "", "road_class": "living_street", "source": "real:osm", "confidence": 1.0, "attribution": "© OpenStreetMap contributors" }, "geometry": { "type": "LineString", "coordinates": [ [ 78.467879, 17.3827804 ], [ 78.4678246, 17.3823913 ], [ 78.467809, 17.3822337 ], [ 78.4678009, 17.3821088 ], [ 78.4677848, 17.3820126 ], [ 78.4677101, 17.3816269 ] ] } },
{ "type": "Feature", "properties": { "road_id": "OSM-WAY-105031642", "road_name": "Street Number 24", "road_class": "living_street", "source": "real:osm", "confidence": 1.0, "attribution": "© OpenStreetMap contributors" }, "geometry": { "type": "LineString", "coordinates": [ [ 78.4677964, 17.3801205 ], [ 78.4680146, 17.3814723 ] ] } },
{ "type": "Feature", "properties": { "road_id": "OSM-WAY-105031643", "road_name": "", "road_class": "residential", "source": "real:osm", "confidence": 1.0, "attribution": "© OpenStreetMap contributors" }, "geometry": { "type": "LineString", "coordinates": [ [ 78.4680146, 17.3814723 ], [ 78.4678939, 17.3815316 ], [ 78.4678564, 17.3815471 ], [ 78.4677665, 17.381593 ], [ 78.4677101, 17.3816269 ], [ 78.4675394, 17.3816993 ], [ 78.4676024, 17.3820113 ], [ 78.4676094, 17.3821194 ], [ 78.4675793, 17.382238 ], [ 78.4674349, 17.3824467 ], [ 78.4671954, 17.3828336 ], [ 78.4671827, 17.3828996 ] ] } },
{ "type": "Feature", "properties": { "road_id": "OSM-WAY-105031644", "road_name": "", "road_class": "living_street", "source": "real:osm", "confidence": 1.0, "attribution": "© OpenStreetMap contributors" }, "geometry": { "type": "LineString", "coordinates": [ [ 78.4678564, 17.3815471 ], [ 78.4679447, 17.3819993 ] ] } },
{ "type": "Feature", "properties": { "road_id": "OSM-WAY-116514465", "road_name": "", "road_class": "residential", "source": "real:osm", "confidence": 1.0, "attribution": "© OpenStreetMap contributors" }, "geometry": { "type": "LineString", "coordinates": [ [ 78.4795161, 17.3705024 ], [ 78.4794623, 17.3697972 ], [ 78.4794251, 17.3692728 ], [ 78.4793573, 17.3687981 ] ] } },
{ "type": "Feature", "properties": { "road_id": "OSM-WAY-117262726", "road_name": "", "road_class": "residential", "source": "real:osm", "confidence": 1.0, "attribution": "© OpenStreetMap contributors" }, "geometry": { "type": "LineString", "coordinates": [ [ 78.4796054, 17.3802791 ], [ 78.4796545, 17.3804963 ], [ 78.4797127, 17.3807 ], [ 78.4797423, 17.3807838 ], [ 78.4797718, 17.3808873 ], [ 78.4798332, 17.3810345 ], [ 78.4798473, 17.3810915 ], [ 78.4798775, 17.381217 ], [ 78.4798952, 17.3813123 ], [ 78.4799036, 17.3814064 ], [ 78.4799156, 17.3814288 ], [ 78.4799357, 17.3814454 ], [ 78.4799619, 17.3814493 ], [ 78.4800881, 17.3814337 ], [ 78.4800758, 17.3815186 ], [ 78.4800799, 17.3815613 ], [ 78.4800908, 17.3817037 ], [ 78.4800925, 17.3818398 ], [ 78.4801033, 17.3819825 ], [ 78.4800624, 17.3820285 ], [ 78.4799983, 17.3822093 ], [ 78.4799668, 17.3823457 ], [ 78.4799627, 17.3823658 ], [ 78.4799482, 17.382561 ] ] } },
{ "type": "Feature", "properties": { "road_id": "OSM-WAY-117262727", "road_name": "", "road_class": "tertiary", "source": "real:osm", "confidence": 1.0, "attribution": "© OpenStreetMap contributors" }, "geometry": { "type": "LineString", "coordinates": [ [ 78.4751658, 17.3816244 ], [ 78.4753508, 17.3815183 ], [ 78.4755777, 17.381454 ], [ 78.4760178, 17.3812683 ], [ 78.4764517, 17.3810642 ], [ 78.4766618, 17.3809451 ], [ 78.4768935, 17.3808137 ], [ 78.4770156, 17.3809636 ], [ 78.4771443, 17.3809585 ], [ 78.4772409, 17.3809125 ], [ 78.4772887, 17.3808602 ], [ 78.4773401, 17.3807815 ], [ 78.4774329, 17.3807044 ], [ 78.4776245, 17.3805899 ], [ 78.4777215, 17.3805556 ], [ 78.4777439, 17.3805477 ], [ 78.4778632, 17.3805055 ], [ 78.4780965, 17.3804389 ], [ 78.4783559, 17.3804086 ] ] } },
{ "type": "Feature", "properties": { "road_id": "OSM-WAY-117263716", "road_name": "", "road_class": "residential", "source": "real:osm", "confidence": 1.0, "attribution": "© OpenStreetMap contributors" }, "geometry": { "type": "LineString", "coordinates": [ [ 78.4768935, 17.3808137 ], [ 78.4769749, 17.3807446 ], [ 78.4771929, 17.3805594 ], [ 78.4772307, 17.380521 ], [ 78.4772438, 17.3804884 ], [ 78.4772552, 17.3804391 ], [ 78.4772723, 17.3803914 ], [ 78.4773179, 17.3803405 ], [ 78.4773857, 17.3802648 ], [ 78.4774823, 17.380165 ], [ 78.4774983, 17.3801548 ], [ 78.4775628, 17.3801138 ], [ 78.4776672, 17.3801007 ] ] } },
{ "type": "Feature", "properties": { "road_id": "OSM-WAY-117264854", "road_name": "", "road_class": "service", "source": "real:osm", "confidence": 1.0, "attribution": "© OpenStreetMap contributors" }, "geometry": { "type": "LineString", "coordinates": [ [ 78.4768935, 17.3808137 ], [ 78.477042, 17.3816117 ] ] } },
{ "type": "Feature", "properties": { "road_id": "OSM-WAY-117264858", "road_name": "", "road_class": "service", "source": "real:osm", "confidence": 1.0, "attribution": "© OpenStreetMap contributors" }, "geometry": { "type": "LineString", "coordinates": [ [ 78.4765467, 17.3816846 ], [ 78.477042, 17.3816117 ], [ 78.4773876, 17.3815608 ], [ 78.4778388, 17.3815031 ] ] } },
{ "type": "Feature", "properties": { "road_id": "OSM-WAY-117264860", "road_name": "", "road_class": "service", "source": "real:osm", "confidence": 1.0, "attribution": "© OpenStreetMap contributors" }, "geometry": { "type": "LineString", "coordinates": [ [ 78.4772887, 17.3808602 ], [ 78.4773876, 17.3815608 ] ] } },
{ "type": "Feature", "properties": { "road_id": "OSM-WAY-117264862", "road_name": "", "road_class": "service", "source": "real:osm", "confidence": 1.0, "attribution": "© OpenStreetMap contributors" }, "geometry": { "type": "LineString", "coordinates": [ [ 78.4777215, 17.3805556 ], [ 78.4778388, 17.3815031 ], [ 78.4778785, 17.381926 ], [ 78.4778698, 17.3819586 ], [ 78.4778476, 17.3819791 ], [ 78.4775414, 17.3820233 ], [ 78.4766728, 17.3821487 ], [ 78.4766346, 17.3821442 ], [ 78.4766071, 17.3821237 ], [ 78.476589, 17.3820879 ], [ 78.4765467, 17.3816846 ], [ 78.4764517, 17.3810642 ] ] } },
{ "type": "Feature", "properties": { "road_id": "OSM-WAY-117265070", "road_name": "", "road_class": "residential", "source": "real:osm", "confidence": 1.0, "attribution": "© OpenStreetMap contributors" }, "geometry": { "type": "LineString", "coordinates": [ [ 78.4756186, 17.3822926 ], [ 78.4755883, 17.3818425 ] ] } },
{ "type": "Feature", "properties": { "road_id": "OSM-WAY-117265291", "road_name": "", "road_class": "residential", "source": "real:osm", "confidence": 1.0, "attribution": "© OpenStreetMap contributors" }, "geometry": { "type": "LineString", "coordinates": [ [ 78.4755883, 17.3818425 ], [ 78.4755892, 17.3818059 ], [ 78.4755777, 17.381454 ], [ 78.4755456, 17.3811349 ], [ 78.4755299, 17.3809585 ], [ 78.475513, 17.3807697 ], [ 78.4755095, 17.3807302 ], [ 78.4755081, 17.3807151 ], [ 78.4755048, 17.3806902 ], [ 78.4754319, 17.3800684 ] ] } },
{ "type": "Feature", "properties": { "road_id": "OSM-WAY-117265560", "road_name": "", "road_class": "residential", "source": "real:osm", "confidence": 1.0, "attribution": "© OpenStreetMap contributors" }, "geometry": { "type": "LineString", "coordinates": [ [ 78.4751527, 17.3800902 ], [ 78.4754319, 17.3800684 ], [ 78.4757048, 17.3800373 ], [ 78.4761952, 17.3799471 ], [ 78.4762726, 17.3799285 ], [ 78.476522, 17.3798968 ], [ 78.4765635, 17.3798776 ], [ 78.4765796, 17.3798584 ], [ 78.4765823, 17.3798219 ], [ 78.4765181, 17.3793446 ] ] } },
{ "type": "Feature", "properties": { "road_id": "OSM-WAY-117265690", "road_name": "", "road_class": "residential", "source": "real:osm", "confidence": 1.0, "attribution": "© OpenStreetMap contributors" }, "geometry": { "type": "LineString", "coordinates": [ [ 78.4765181, 17.3793446 ], [ 78.4768922, 17.3796275 ], [ 78.4770216, 17.3797095 ], [ 78.4770701, 17.379743 ], [ 78.4775386, 17.380037 ], [ 78.4776672, 17.3801007 ] ] } },
{ "type": "Feature", "properties": { "road_id": "OSM-WAY-117265765", "road_name": "", "road_class": "residential", "source": "real:osm", "confidence": 1.0, "attribution": "© OpenStreetMap contributors" }, "geometry": { "type": "LineString", "coordinates": [ [ 78.4770216, 17.3797095 ], [ 78.4772945, 17.3795967 ], [ 78.477544, 17.3795123 ], [ 78.4776732, 17.3794871 ], [ 78.4777881, 17.3795199 ], [ 78.4779356, 17.3795993 ], [ 78.478067, 17.3797273 ], [ 78.4781835, 17.3798563 ] ] } },
{ "type": "Feature", "properties": { "road_id": "OSM-WAY-117265945", "road_name": "", "road_class": "residential", "source": "real:osm", "confidence": 1.0, "attribution": "© OpenStreetMap contributors" }, "geometry": { "type": "LineString", "coordinates": [ [ 78.4771853, 17.3781173 ], [ 78.4771283, 17.3781582 ], [ 78.4770934, 17.3782221 ], [ 78.4770907, 17.3783194 ], [ 78.4771578, 17.3785242 ], [ 78.4773568, 17.3791071 ], [ 78.4773902, 17.3791883 ], [ 78.477426, 17.379274 ], [ 78.477544, 17.3795123 ] ] } },
{ "type": "Feature", "properties": { "road_id": "OSM-WAY-117266132", "road_name": "", "road_class": "residential", "source": "real:osm", "confidence": 1.0, "attribution": "© OpenStreetMap contributors" }, "geometry": { "type": "LineString", "coordinates": [ [ 78.4754205, 17.3762478 ], [ 78.4757241, 17.3764674 ], [ 78.475873, 17.3766152 ], [ 78.4760077, 17.3767472 ], [ 78.476172, 17.3769205 ], [ 78.4762605, 17.3770078 ], [ 78.4763667, 17.3771127 ], [ 78.4765007, 17.3772874 ], [ 78.4766267, 17.37749 ], [ 78.4767121, 17.3775996 ], [ 78.4769217, 17.3779047 ], [ 78.4770719, 17.3780583 ], [ 78.4771853, 17.3781173 ], [ 78.4772785, 17.3781658 ], [ 78.4775306, 17.3784141 ], [ 78.4775661, 17.3784417 ], [ 78.4776456, 17.3785006 ], [ 78.4777398, 17.3785703 ], [ 78.4779892, 17.378729 ], [ 78.4782682, 17.3788621 ], [ 78.4784392, 17.378923 ] ] } },
{ "type": "Feature", "properties": { "road_id": "OSM-WAY-117266434", "road_name": "", "road_class": "tertiary", "source": "real:osm", "confidence": 1.0, "attribution": "© OpenStreetMap contributors" }, "geometry": { "type": "LineString", "coordinates": [ [ 78.4785196, 17.379585 ], [ 78.4784392, 17.378923 ], [ 78.478429, 17.3788389 ], [ 78.4783917, 17.3785314 ] ] } },
{ "type": "Feature", "properties": { "road_id": "OSM-WAY-117266435", "road_name": "", "road_class": "residential", "source": "real:osm", "confidence": 1.0, "attribution": "© OpenStreetMap contributors" }, "geometry": { "type": "LineString", "coordinates": [ [ 78.478429, 17.3788389 ], [ 78.4786845, 17.3787838 ] ] } },
{ "type": "Feature", "properties": { "road_id": "OSM-WAY-117268202", "road_name": "", "road_class": "residential", "source": "real:osm", "confidence": 1.0, "attribution": "© OpenStreetMap contributors" }, "geometry": { "type": "LineString", "coordinates": [ [ 78.4775445, 17.3777025 ], [ 78.4777892, 17.377548 ], [ 78.4780697, 17.37749 ], [ 78.4782669, 17.3774612 ] ] } },
{ "type": "Feature", "properties": { "road_id": "OSM-WAY-117268210", "road_name": "", "road_class": "residential", "source": "real:osm", "confidence": 1.0, "attribution": "© OpenStreetMap contributors" }, "geometry": { "type": "LineString", "coordinates": [ [ 78.4751507, 17.3756547 ], [ 78.4758101, 17.3753362 ], [ 78.4758325, 17.3753284 ], [ 78.4760418, 17.3752089 ], [ 78.4763693, 17.3750219 ] ] } },
{ "type": "Feature", "properties": { "road_id": "OSM-WAY-117268505", "road_name": "", "road_class": "residential", "source": "real:osm", "confidence": 1.0, "attribution": "© OpenStreetMap contributors" }, "geometry": { "type": "LineString", "coordinates": [ [ 78.477153, 17.3763445 ], [ 78.4771872, 17.376388 ], [ 78.4771939, 17.3764392 ], [ 78.477159, 17.3765095 ], [ 78.4767407, 17.3768425 ] ] } },
{ "type": "Feature", "properties": { "road_id": "OSM-WAY-117272218", "road_name": "Gowliguda road", "road_class": "residential", "source": "real:osm", "confidence": 1.0, "attribution": "© OpenStreetMap contributors" }, "geometry": { "type": "LineString", "coordinates": [ [ 78.4770754, 17.3736274 ], [ 78.4771151, 17.3737644 ], [ 78.4771509, 17.3739727 ], [ 78.477196, 17.3742034 ], [ 78.4772791, 17.3747337 ], [ 78.4773174, 17.3749885 ], [ 78.4773401, 17.3751225 ], [ 78.4773494, 17.3751555 ], [ 78.4775773, 17.3760061 ] ] } },
{ "type": "Feature", "properties": { "road_id": "OSM-WAY-117273768", "road_name": "", "road_class": "residential", "source": "real:osm", "confidence": 1.0, "attribution": "© OpenStreetMap contributors" }, "geometry": { "type": "LineString", "coordinates": [ [ 78.4765007, 17.3772874 ], [ 78.476227, 17.3774465 ], [ 78.4760884, 17.3774992 ], [ 78.4758864, 17.3775668 ], [ 78.4763826, 17.3788224 ] ] } },
{ "type": "Feature", "properties": { "road_id": "OSM-WAY-117273769", "road_name": "", "road_class": "residential", "source": "real:osm", "confidence": 1.0, "attribution": "© OpenStreetMap contributors" }, "geometry": { "type": "LineString", "coordinates": [ [ 78.4758864, 17.3775668 ], [ 78.4757362, 17.3775822 ], [ 78.4751644, 17.3775978 ] ] } },
{ "type": "Feature", "properties": { "road_id": "OSM-WAY-117274141", "road_name": "", "road_class": "residential", "source": "real:osm", "confidence": 1.0, "attribution": "© OpenStreetMap contributors" }, "geometry": { "type": "LineString", "coordinates": [ [ 78.4739059, 17.3780342 ], [ 78.4740229, 17.3787514 ], [ 78.4742509, 17.3787261 ], [ 78.4746392, 17.3786906 ], [ 78.4750476, 17.3786963 ] ] } },
{ "type": "Feature", "properties": { "road_id": "OSM-WAY-117274291", "road_name": "", "road_class": "residential", "source": "real:osm", "confidence": 1.0, "attribution": "© OpenStreetMap contributors" }, "geometry": { "type": "LineString", "coordinates": [ [ 78.473182, 17.3773126 ], [ 78.4738006, 17.3772195 ] ] } },
{ "type": "Feature", "properties": { "road_id": "OSM-WAY-117275939", "road_name": "", "road_class": "residential", "source": "real:osm", "confidence": 1.0, "attribution": "© OpenStreetMap contributors" }, "geometry": { "type": "LineString", "coordinates": [ [ 78.4720762, 17.3803807 ], [ 78.4724775, 17.3802578 ], [ 78.472698, 17.3802152 ], [ 78.4729527, 17.3801661 ], [ 78.4731081, 17.3801361 ], [ 78.4732084, 17.3801167 ], [ 78.4733791, 17.3800838 ], [ 78.4734281, 17.3800743 ], [ 78.4735389, 17.3800529 ], [ 78.4737061, 17.3800207 ], [ 78.4737672, 17.3800089 ], [ 78.4738541, 17.3799939 ], [ 78.4741732, 17.3799398 ], [ 78.4744958, 17.3799062 ], [ 78.4747362, 17.379873 ], [ 78.4750585, 17.3798581 ] ] } },
{ "type": "Feature", "properties": { "road_id": "OSM-WAY-117275941", "road_name": "", "road_class": "residential", "source": "real:osm", "confidence": 1.0, "attribution": "© OpenStreetMap contributors" }, "geometry": { "type": "LineString", "coordinates": [ [ 78.4724775, 17.3802578 ], [ 78.4723044, 17.3807578 ], [ 78.4722414, 17.3807898 ] ] } },
{ "type": "Feature", "properties": { "road_id": "OSM-WAY-117276585", "road_name": "", "road_class": "residential", "source": "real:osm", "confidence": 1.0, "attribution": "© OpenStreetMap contributors" }, "geometry": { "type": "LineString", "coordinates": [ [ 78.4745945, 17.3804303 ], [ 78.4744958, 17.3799062 ], [ 78.4744456, 17.3796341 ], [ 78.4744392, 17.3795544 ] ] } },
{ "type": "Feature", "properties": { "road_id": "OSM-WAY-117276586", "road_name": "", "road_class": "residential", "source": "real:osm", "confidence": 1.0, "attribution": "© OpenStreetMap contributors" }, "geometry": { "type": "LineString", "coordinates": [ [ 78.4739108, 17.3812848 ], [ 78.4738532, 17.3810071 ], [ 78.4738196, 17.3808688 ], [ 78.4737915, 17.3808138 ], [ 78.4735595, 17.3806141 ], [ 78.4734803, 17.3805399 ], [ 78.4734425, 17.3804852 ], [ 78.4733791, 17.3800838 ] ] } },
{ "type": "Feature", "properties": { "road_id": "OSM-WAY-117276587", "road_name": "", "road_class": "residential", "source": "real:osm", "confidence": 1.0, "attribution": "© OpenStreetMap contributors" }, "geometry": { "type": "LineString", "coordinates": [ [ 78.4735887, 17.380333 ], [ 78.4735389, 17.3800529 ] ] } },
{ "type": "Feature", "properties": { "road_id": "OSM-WAY-117276590", "road_name": "", "road_class": "residential", "source": "real:osm", "confidence": 1.0, "attribution": "© OpenStreetMap contributors" }, "geometry": { "type": "LineString", "coordinates": [ [ 78.4731613, 17.3803936 ], [ 78.4731081, 17.3801361 ] ] } },
{ "type": "Feature", "properties": { "road_id": "OSM-WAY-117276593", "road_name": "", "road_class": "residential", "source": "real:osm", "confidence": 1.0, "attribution": "© OpenStreetMap contributors" }, "geometry": { "type": "LineString", "coordinates": [ [ 78.4727672, 17.3806271 ], [ 78.472698, 17.3802152 ], [ 78.4726085, 17.3797199 ] ] } },
{ "type": "Feature", "properties": { "road_id": "OSM-WAY-117276594", "road_name": "", "road_class": "residential", "source": "real:osm", "confidence": 1.0, "attribution": "© OpenStreetMap contributors" }, "geometry": { "type": "LineString", "coordinates": [ [ 78.4730433, 17.3806347 ], [ 78.4729527, 17.3801661 ], [ 78.4728746, 17.3797479 ] ] } },
{ "type": "Feature", "properties": { "road_id": "OSM-WAY-117276595", "road_name": "", "road_class": "residential", "source": "real:osm", "confidence": 1.0, "attribution": "© OpenStreetMap contributors" }, "geometry": { "type": "LineString", "coordinates": [ [ 78.4743465, 17.3809196 ], [ 78.4743185, 17.3807313 ], [ 78.4741732, 17.3799398 ], [ 78.4740969, 17.3795247 ] ] } },
{ "type": "Feature", "properties": { "road_id": "OSM-WAY-117276773", "road_name": "", "road_class": "residential", "source": "real:osm", "confidence": 1.0, "attribution": "© OpenStreetMap contributors" }, "geometry": { "type": "LineString", "coordinates": [ [ 78.4732959, 17.3819118 ], [ 78.4737762, 17.3818254 ], [ 78.475069, 17.3816595 ] ] } },
{ "type": "Feature", "properties": { "road_id": "OSM-WAY-117276852", "road_name": "", "road_class": "residential", "source": "real:osm", "confidence": 1.0, "attribution": "© OpenStreetMap contributors" }, "geometry": { "type": "LineString", "coordinates": [ [ 78.4729815, 17.3828973 ], [ 78.4731886, 17.3828603 ], [ 78.473499, 17.3828087 ], [ 78.4736472, 17.382784 ], [ 78.4743279, 17.3826706 ], [ 78.4750633, 17.3825482 ] ] } },
{ "type": "Feature", "properties": { "road_id": "OSM-WAY-117276903", "road_name": "Goshamahal North 14 street", "road_class": "residential", "source": "real:osm", "confidence": 1.0, "attribution": "© OpenStreetMap contributors" }, "geometry": { "type": "LineString", "coordinates": [ [ 78.4735408, 17.3834191 ], [ 78.4741511, 17.3833667 ], [ 78.4747802, 17.3833146 ], [ 78.4749562, 17.3833075 ], [ 78.4750685, 17.383297 ] ] } },
{ "type": "Feature", "properties": { "road_id": "OSM-WAY-117276971", "road_name": "", "road_class": "tertiary", "source": "real:osm", "confidence": 1.0, "attribution": "© OpenStreetMap contributors" }, "geometry": { "type": "LineString", "coordinates": [ [ 78.4724832, 17.3868247 ], [ 78.4721232, 17.386646 ], [ 78.4716029, 17.3863877 ], [ 78.4721717, 17.3852631 ], [ 78.472203, 17.3852011 ], [ 78.4725963, 17.3845178 ], [ 78.4726516, 17.3844218 ], [ 78.472774, 17.3841894 ], [ 78.4730674, 17.3837 ], [ 78.4731479, 17.3835167 ], [ 78.4732682, 17.3832702 ] ] } },
{ "type": "Feature", "properties": { "road_id": "OSM-WAY-117277338", "road_name": "", "road_class": "residential", "source": "real:osm", "confidence": 1.0, "attribution": "© OpenStreetMap contributors" }, "geometry": { "type": "LineString", "coordinates": [ [ 78.4694876, 17.3778663 ], [ 78.4695744, 17.3783191 ], [ 78.4697016, 17.3790759 ], [ 78.4697388, 17.3792972 ], [ 78.4697911, 17.3797759 ], [ 78.4698353, 17.3800729 ], [ 78.4698138, 17.3802534 ], [ 78.4697764, 17.3804721 ], [ 78.4697309, 17.3806711 ], [ 78.4697119, 17.3808906 ], [ 78.4697294, 17.3810227 ] ] } },
{ "type": "Feature", "properties": { "road_id": "OSM-WAY-117277525", "road_name": "", "road_class": "residential", "source": "real:osm", "confidence": 1.0, "attribution": "© OpenStreetMap contributors" }, "geometry": { "type": "LineString", "coordinates": [ [ 78.4687507, 17.377976 ], [ 78.4687469, 17.3778003 ], [ 78.4687114, 17.3775559 ], [ 78.468698, 17.3775098 ], [ 78.4686772, 17.377488 ], [ 78.4685304, 17.3774933 ], [ 78.4684371, 17.3770945 ], [ 78.4685941, 17.3771052 ], [ 78.468854, 17.3770892 ], [ 78.4690629, 17.3770856 ], [ 78.4691018, 17.3770872 ], [ 78.469256, 17.3770958 ], [ 78.4696798, 17.3770446 ], [ 78.4698433, 17.3770253 ], [ 78.4699684, 17.3770152 ], [ 78.470449, 17.3769403 ], [ 78.4704718, 17.3769387 ] ] } },
{ "type": "Feature", "properties": { "road_id": "OSM-WAY-117277556", "road_name": "", "road_class": "residential", "source": "real:osm", "confidence": 1.0, "attribution": "© OpenStreetMap contributors" }, "geometry": { "type": "LineString", "coordinates": [ [ 78.4688295, 17.3757765 ], [ 78.468884, 17.3759483 ], [ 78.468868, 17.37606 ], [ 78.4688693, 17.3761627 ], [ 78.4688698, 17.3762039 ], [ 78.4688644, 17.3763964 ], [ 78.468829, 17.3765866 ], [ 78.4688388, 17.3768644 ], [ 78.468854, 17.3770892 ] ] } },
{ "type": "Feature", "properties": { "road_id": "OSM-WAY-117277907", "road_name": "", "road_class": "residential", "source": "real:osm", "confidence": 1.0, "attribution": "© OpenStreetMap contributors" }, "geometry": { "type": "LineString", "coordinates": [ [ 78.4696826, 17.3736817 ], [ 78.4695761, 17.3741414 ], [ 78.4695255, 17.3744679 ], [ 78.469845, 17.3753455 ] ] } },
{ "type": "Feature", "properties": { "road_id": "OSM-WAY-117277981", "road_name": "", "road_class": "residential", "source": "real:osm", "confidence": 1.0, "attribution": "© OpenStreetMap contributors" }, "geometry": { "type": "LineString", "coordinates": [ [ 78.4680123, 17.3731551 ], [ 78.4681376, 17.3726086 ] ] } },
{ "type": "Feature", "properties": { "road_id": "OSM-WAY-117278053", "road_name": "", "road_class": "residential", "source": "real:osm", "confidence": 1.0, "attribution": "© OpenStreetMap contributors" }, "geometry": { "type": "LineString", "coordinates": [ [ 78.4676808, 17.3725719 ], [ 78.4672529, 17.3724955 ] ] } },
{ "type": "Feature", "properties": { "road_id": "OSM-WAY-117278872", "road_name": "", "road_class": "residential", "source": "real:osm", "confidence": 1.0, "attribution": "© OpenStreetMap contributors" }, "geometry": { "type": "LineString", "coordinates": [ [ 78.4674357, 17.3729067 ], [ 78.467142, 17.3735026 ], [ 78.4670224, 17.373712 ], [ 78.4668799, 17.3738643 ], [ 78.466738, 17.3741233 ], [ 78.466674, 17.3742588 ], [ 78.4665933, 17.3744186 ], [ 78.4664834, 17.3745582 ], [ 78.4663953, 17.3746731 ], [ 78.4663024, 17.3748344 ], [ 78.4662009, 17.3750941 ], [ 78.4661587, 17.3752918 ], [ 78.4661317, 17.3753673 ], [ 78.4661071, 17.3754752 ], [ 78.46605, 17.3755976 ], [ 78.4660072, 17.3756817 ], [ 78.4659905, 17.3757412 ], [ 78.4659849, 17.3757999 ], [ 78.4660096, 17.3758803 ], [ 78.4660527, 17.3759633 ] ] } },
{ "type": "Feature", "properties": { "road_id": "OSM-WAY-117279102", "road_name": "", "road_class": "residential", "source": "real:osm", "confidence": 1.0, "attribution": "© OpenStreetMap contributors" }, "geometry": { "type": "LineString", "coordinates": [ [ 78.4644977, 17.3726929 ], [ 78.464766, 17.3726502 ], [ 78.4648873, 17.3727288 ], [ 78.4649746, 17.37275 ], [ 78.4652321, 17.3727768 ], [ 78.4652916, 17.3727759 ], [ 78.465392, 17.3727699 ], [ 78.4654158, 17.3727739 ] ] } },
{ "type": "Feature", "properties": { "road_id": "OSM-WAY-117279710", "road_name": "", "road_class": "residential", "source": "real:osm", "confidence": 1.0, "attribution": "© OpenStreetMap contributors" }, "geometry": { "type": "LineString", "coordinates": [ [ 78.4607969, 17.3690975 ], [ 78.4613163, 17.3692508 ], [ 78.462014, 17.3695008 ], [ 78.4619758, 17.3696925 ], [ 78.4619564, 17.3697423 ], [ 78.4619425, 17.3697954 ], [ 78.4618548, 17.3700897 ], [ 78.4617734, 17.37053 ], [ 78.461728, 17.3708442 ], [ 78.4616839, 17.3711984 ], [ 78.4616516, 17.3714888 ] ] } },
{ "type": "Feature", "properties": { "road_id": "OSM-WAY-117280311", "road_name": "", "road_class": "residential", "source": "real:osm", "confidence": 1.0, "attribution": "© OpenStreetMap contributors" }, "geometry": { "type": "LineString", "coordinates": [ [ 78.4612743, 17.3703569 ], [ 78.4613498, 17.3698642 ], [ 78.4615268, 17.3699056 ], [ 78.4614621, 17.3704163 ] ] } },
{ "type": "Feature", "properties": { "road_id": "OSM-WAY-117280778", "road_name": "", "road_class": "residential", "source": "real:osm", "confidence": 1.0, "attribution": "© OpenStreetMap contributors" }, "geometry": { "type": "LineString", "coordinates": [ [ 78.4602203, 17.3751531 ], [ 78.4606213, 17.3750559 ], [ 78.4608969, 17.3750429 ], [ 78.4615787, 17.375071 ] ] } },
{ "type": "Feature", "properties": { "road_id": "OSM-WAY-117282037", "road_name": "", "road_class": "residential", "source": "real:osm", "confidence": 1.0, "attribution": "© OpenStreetMap contributors" }, "geometry": { "type": "LineString", "coordinates": [ [ 78.4620723, 17.3750687 ], [ 78.4621096, 17.3752378 ], [ 78.4621042, 17.3753813 ], [ 78.4620652, 17.3754371 ], [ 78.4619977, 17.3755251 ], [ 78.461902, 17.3756008 ], [ 78.4615849, 17.3758518 ], [ 78.4613757, 17.3759771 ], [ 78.4610269, 17.3761897 ], [ 78.460522, 17.3764309 ] ] } },
{ "type": "Feature", "properties": { "road_id": "OSM-WAY-117282038", "road_name": "", "road_class": "residential", "source": "real:osm", "confidence": 1.0, "attribution": "© OpenStreetMap contributors" }, "geometry": { "type": "LineString", "coordinates": [ [ 78.4620723, 17.3750687 ], [ 78.4623144, 17.3750531 ], [ 78.4624901, 17.3749878 ], [ 78.4627435, 17.3749301 ] ] } },
{ "type": "Feature", "properties": { "road_id": "OSM-WAY-117282223", "road_name": "", "road_class": "residential", "source": "real:osm", "confidence": 1.0, "attribution": "© OpenStreetMap contributors" }, "geometry": { "type": "LineString", "coordinates": [ [ 78.4634649, 17.3755074 ], [ 78.4637236, 17.3762933 ] ] } },
{ "type": "Feature", "properties": { "road_id": "OSM-WAY-117282628", "road_name": "", "road_class": "residential", "source": "real:osm", "confidence": 1.0, "attribution": "© OpenStreetMap contributors" }, "geometry": { "type": "LineString", "coordinates": [ [ 78.4650814, 17.3763468 ], [ 78.4652569, 17.3766132 ] ] } },
{ "type": "Feature", "properties": { "road_id": "OSM-WAY-117282703", "road_name": "", "road_class": "residential", "source": "real:osm", "confidence": 1.0, "attribution": "© OpenStreetMap contributors" }, "geometry": { "type": "LineString", "coordinates": [ [ 78.4637236, 17.3762933 ], [ 78.464022, 17.3772503 ] ] } },
{ "type": "Feature", "properties": { "road_id": "OSM-WAY-117282783", "road_name": "", "road_class": "residential", "source": "real:osm", "confidence": 1.0, "attribution": "© OpenStreetMap contributors" }, "geometry": { "type": "LineString", "coordinates": [ [ 78.4651377, 17.3745114 ], [ 78.4650932, 17.3746038 ], [ 78.4650598, 17.3746681 ], [ 78.4650127, 17.3747587 ], [ 78.4648813, 17.3749252 ], [ 78.4647319, 17.3750368 ], [ 78.4646587, 17.3751504 ], [ 78.4645514, 17.3753116 ], [ 78.4644472, 17.3754706 ], [ 78.4644313, 17.3755454 ], [ 78.4644306, 17.3756339 ], [ 78.4644393, 17.3759515 ], [ 78.4644537, 17.3760325 ], [ 78.4647442, 17.377023 ] ] } },
{ "type": "Feature", "properties": { "road_id": "OSM-WAY-117283592", "road_name": "", "road_class": "residential", "source": "real:osm", "confidence": 1.0, "attribution": "© OpenStreetMap contributors" }, "geometry": { "type": "LineString", "coordinates": [ [ 78.4656477, 17.3762879 ], [ 78.4655657, 17.3760566 ], [ 78.4655397, 17.3759912 ], [ 78.4654997, 17.3759445 ], [ 78.4654483, 17.3759133 ], [ 78.4654077, 17.3758406 ], [ 78.4653587, 17.37556 ] ] } },
{ "type": "Feature", "properties": { "road_id": "OSM-WAY-117283698", "road_name": "", "road_class": "residential", "source": "real:osm", "confidence": 1.0, "attribution": "© OpenStreetMap contributors" }, "geometry": { "type": "LineString", "coordinates": [ [ 78.4649009, 17.378982 ], [ 78.4653565, 17.378957 ], [ 78.4661722, 17.3789278 ], [ 78.4661267, 17.3785779 ], [ 78.4660405, 17.3777902 ], [ 78.4661398, 17.377756 ], [ 78.4661584, 17.3777303 ], [ 78.4661586, 17.3777066 ], [ 78.4661016, 17.3773549 ], [ 78.4659773, 17.3765872 ] ] } },
{ "type": "Feature", "properties": { "road_id": "OSM-WAY-117284117", "road_name": "", "road_class": "residential", "source": "real:osm", "confidence": 1.0, "attribution": "© OpenStreetMap contributors" }, "geometry": { "type": "LineString", "coordinates": [ [ 78.4667838, 17.378561 ], [ 78.4666378, 17.3785784 ], [ 78.4665122, 17.3785686 ], [ 78.4661267, 17.3785779 ], [ 78.4654831, 17.378539 ], [ 78.4648868, 17.3785567 ], [ 78.4649009, 17.378982 ], [ 78.4643589, 17.3790116 ], [ 78.4640443, 17.3790352 ] ] } },
{ "type": "Feature", "properties": { "road_id": "OSM-WAY-117284325", "road_name": "", "road_class": "residential", "source": "real:osm", "confidence": 1.0, "attribution": "© OpenStreetMap contributors" }, "geometry": { "type": "LineString", "coordinates": [ [ 78.4651008, 17.3779022 ], [ 78.4650772, 17.3779132 ], [ 78.46481, 17.3779562 ], [ 78.4644593, 17.3780211 ], [ 78.4644059, 17.3780306 ] ] } },
{ "type": "Feature", "properties": { "road_id": "OSM-WAY-117284446", "road_name": "", "road_class": "residential", "source": "real:osm", "confidence": 1.0, "attribution": "© OpenStreetMap contributors" }, "geometry": { "type": "LineString", "coordinates": [ [ 78.4654831, 17.378539 ], [ 78.4654698, 17.3782564 ], [ 78.4649281, 17.3782931 ], [ 78.4648938, 17.3783189 ], [ 78.4648844, 17.3783557 ], [ 78.4648868, 17.3785567 ] ] } },
{ "type": "Feature", "properties": { "road_id": "OSM-WAY-117360758", "road_name": "", "road_class": "residential", "source": "real:osm", "confidence": 1.0, "attribution": "© OpenStreetMap contributors" }, "geometry": { "type": "LineString", "coordinates": [ [ 78.4542059, 17.3849593 ], [ 78.4543427, 17.3849311 ], [ 78.4544673, 17.3849044 ], [ 78.4547914, 17.3848766 ], [ 78.4549265, 17.3848365 ], [ 78.4550361, 17.384774 ], [ 78.4551468, 17.384738 ], [ 78.4553029, 17.3847187 ], [ 78.4555207, 17.3846949 ] ] } },
{ "type": "Feature", "properties": { "road_id": "OSM-WAY-119011047", "road_name": "", "road_class": "primary", "source": "real:osm", "confidence": 1.0, "attribution": "© OpenStreetMap contributors" }, "geometry": { "type": "LineString", "coordinates": [ [ 78.4841087, 17.3850248 ], [ 78.4841981, 17.3849134 ], [ 78.4842501, 17.3847876 ] ] } },
{ "type": "Feature", "properties": { "road_id": "OSM-WAY-119011048", "road_name": "Sultan Bazar road", "road_class": "secondary", "source": "real:osm", "confidence": 1.0, "attribution": "© OpenStreetMap contributors" }, "geometry": { "type": "LineString", "coordinates": [ [ 78.4844252, 17.3849984 ], [ 78.485071, 17.3857967 ], [ 78.485328, 17.3860741 ], [ 78.4854193, 17.3861726 ], [ 78.4860405, 17.3868498 ], [ 78.4861996, 17.3870261 ] ] } },
{ "type": "Feature", "properties": { "road_id": "OSM-WAY-119011050", "road_name": "Maharani Jhansi Road", "road_class": "tertiary", "source": "real:osm", "confidence": 1.0, "attribution": "© OpenStreetMap contributors" }, "geometry": { "type": "LineString", "coordinates": [ [ 78.4816626, 17.3820304 ], [ 78.4813211, 17.3816415 ], [ 78.4812763, 17.3815927 ], [ 78.4809252, 17.3812108 ], [ 78.4808773, 17.3811587 ], [ 78.4804857, 17.3806948 ], [ 78.4804286, 17.3806286 ], [ 78.4802305, 17.3804178 ], [ 78.4801982, 17.3803835 ], [ 78.4800605, 17.3802354 ], [ 78.479928, 17.3800914 ], [ 78.4797046, 17.3798181 ], [ 78.4792953, 17.3794653 ], [ 78.4792273, 17.3793973 ], [ 78.4787592, 17.3788535 ], [ 78.4786845, 17.3787838 ], [ 78.4783917, 17.3785314 ], [ 78.4783791, 17.3784035 ], [ 78.4783716, 17.3782767 ], [ 78.4782691, 17.3775128 ], [ 78.4782669, 17.3774612 ], [ 78.4782488, 17.3773046 ], [ 78.4781992, 17.377083 ], [ 78.4781367, 17.3769523 ], [ 78.4779339, 17.3767536 ], [ 78.4778083, 17.3766511 ], [ 78.4773131, 17.3762553 ], [ 78.4768158, 17.3757676 ], [ 78.4763693, 17.3750219 ], [ 78.4763579, 17.3749977 ], [ 78.4762508, 17.3747695 ], [ 78.4760716, 17.3743632 ] ] } },
{ "type": "Feature", "properties": { "road_id": "OSM-WAY-134139737", "road_name": "", "road_class": "secondary", "source": "real:osm", "confidence": 1.0, "attribution": "© OpenStreetMap contributors" }, "geometry": { "type": "LineString", "coordinates": [ [ 78.4577376, 17.3687592 ], [ 78.457787, 17.3687194 ], [ 78.4578398, 17.3686769 ], [ 78.4579229, 17.3686114 ], [ 78.4580631, 17.3684699 ] ] } },
{ "type": "Feature", "properties": { "road_id": "OSM-WAY-134139743", "road_name": "Hussaini Alam Road", "road_class": "secondary", "source": "real:osm", "confidence": 1.0, "attribution": "© OpenStreetMap contributors" }, "geometry": { "type": "LineString", "coordinates": [ [ 78.4594018, 17.3658487 ], [ 78.459502, 17.3657798 ], [ 78.4596334, 17.365721 ], [ 78.4599721, 17.3655905 ], [ 78.4606424, 17.3653883 ], [ 78.4610019, 17.3652674 ], [ 78.4612333, 17.3651977 ], [ 78.4613335, 17.3651675 ], [ 78.4613768, 17.3651549 ], [ 78.4621417, 17.3649323 ], [ 78.4626826, 17.3647605 ], [ 78.4627655, 17.364735 ], [ 78.4632844, 17.364588 ], [ 78.4633595, 17.3645573 ], [ 78.4637985, 17.3644259 ], [ 78.4640626, 17.3643469 ], [ 78.4646554, 17.3641409 ], [ 78.4652881, 17.3639528 ], [ 78.4653373, 17.3639348 ], [ 78.4653829, 17.3639197 ], [ 78.4658187, 17.3637839 ], [ 78.4663918, 17.3635976 ], [ 78.466503, 17.363562 ] ] } },
{ "type": "Feature", "properties": { "road_id": "OSM-WAY-134824335", "road_name": "Darul Shifa Road", "road_class": "primary", "source": "real:osm", "confidence": 1.0, "attribution": "© OpenStreetMap contributors" }, "geometry": { "type": "LineString", "coordinates": [ [ 78.4829737, 17.3732793 ], [ 78.4829343, 17.3732146 ], [ 78.4828819, 17.3731416 ], [ 78.4828373, 17.3730641 ] ] } },
{ "type": "Feature", "properties": { "road_id": "OSM-WAY-170187403", "road_name": "", "road_class": "residential", "source": "real:osm", "confidence": 1.0, "attribution": "© OpenStreetMap contributors" }, "geometry": { "type": "LineString", "coordinates": [ [ 78.4713523, 17.3753804 ], [ 78.4707767, 17.3753781 ], [ 78.4706265, 17.3754088 ], [ 78.4704897, 17.3754493 ], [ 78.470328, 17.3755311 ] ] } },
{ "type": "Feature", "properties": { "road_id": "OSM-WAY-170187409", "road_name": "", "road_class": "residential", "source": "real:osm", "confidence": 1.0, "attribution": "© OpenStreetMap contributors" }, "geometry": { "type": "LineString", "coordinates": [ [ 78.4725314, 17.3763284 ], [ 78.472645, 17.3763131 ], [ 78.4729858, 17.3762352 ], [ 78.4736094, 17.376081 ] ] } },
{ "type": "Feature", "properties": { "road_id": "OSM-WAY-170187415", "road_name": "", "road_class": "service", "source": "real:osm", "confidence": 1.0, "attribution": "© OpenStreetMap contributors" }, "geometry": { "type": "LineString", "coordinates": [ [ 78.4704529, 17.3858988 ], [ 78.4703642, 17.3858276 ], [ 78.4703243, 17.3857977 ], [ 78.4701933, 17.3858359 ], [ 78.4700686, 17.3858711 ], [ 78.469978, 17.3858814 ], [ 78.4699397, 17.3858782 ], [ 78.4698024, 17.3858629 ], [ 78.4694557, 17.3857548 ], [ 78.4693563, 17.385692 ], [ 78.4692873, 17.385573 ], [ 78.4692884, 17.3855494 ], [ 78.4693142, 17.3854866 ], [ 78.4693783, 17.3853663 ], [ 78.4694782, 17.3851801 ], [ 78.4695294, 17.3850847 ], [ 78.4696393, 17.3849337 ], [ 78.469737, 17.3848537 ], [ 78.4697895, 17.3848108 ], [ 78.4698337, 17.3847862 ], [ 78.4699495, 17.384761 ], [ 78.4701326, 17.3847394 ], [ 78.4703335, 17.3847066 ], [ 78.4705579, 17.38467 ], [ 78.4710611, 17.3845932 ], [ 78.4711863, 17.3845724 ], [ 78.4713034, 17.3845529 ], [ 78.4714667, 17.3845258 ], [ 78.4716001, 17.3845035 ], [ 78.4718146, 17.3844512 ], [ 78.4718448, 17.3845536 ], [ 78.4718663, 17.3846367 ], [ 78.4719005, 17.3847436 ], [ 78.4719548, 17.3849778 ], [ 78.4719916, 17.3851308 ] ] } },
{ "type": "Feature", "properties": { "road_id": "OSM-WAY-170187421", "road_name": "", "road_class": "residential", "source": "real:osm", "confidence": 1.0, "attribution": "© OpenStreetMap contributors" }, "geometry": { "type": "LineString", "coordinates": [ [ 78.4707278, 17.3738914 ], [ 78.4707074, 17.3743079 ], [ 78.4707319, 17.3748327 ] ] } },
{ "type": "Feature", "properties": { "road_id": "OSM-WAY-170187422", "road_name": "", "road_class": "service", "source": "real:osm", "confidence": 1.0, "attribution": "© OpenStreetMap contributors" }, "geometry": { "type": "LineString", "coordinates": [ [ 78.4723643, 17.3844237 ], [ 78.4721601, 17.3849844 ], [ 78.4720923, 17.3850976 ], [ 78.4720369, 17.3852009 ], [ 78.4716279, 17.3859639 ], [ 78.4715961, 17.3859946 ], [ 78.4715498, 17.3860164 ], [ 78.4714786, 17.3860305 ] ] } },
{ "type": "Feature", "properties": { "road_id": "OSM-WAY-170187432", "road_name": "", "road_class": "residential", "source": "real:osm", "confidence": 1.0, "attribution": "© OpenStreetMap contributors" }, "geometry": { "type": "LineString", "coordinates": [ [ 78.4750519, 17.3769994 ], [ 78.4746362, 17.3770037 ], [ 78.4745895, 17.3770485 ], [ 78.4745922, 17.3773535 ], [ 78.4746006, 17.3776102 ], [ 78.4746156, 17.3780019 ], [ 78.4746392, 17.3786906 ] ] } },
{ "type": "Feature", "properties": { "road_id": "OSM-WAY-170187433", "road_name": "", "road_class": "residential", "source": "real:osm", "confidence": 1.0, "attribution": "© OpenStreetMap contributors" }, "geometry": { "type": "LineString", "coordinates": [ [ 78.472639, 17.3769115 ], [ 78.4730444, 17.3782792 ], [ 78.473218, 17.3789885 ], [ 78.4732241, 17.3790124 ], [ 78.4733549, 17.3795217 ] ] } },
{ "type": "Feature", "properties": { "road_id": "OSM-WAY-170187434", "road_name": "", "road_class": "residential", "source": "real:osm", "confidence": 1.0, "attribution": "© OpenStreetMap contributors" }, "geometry": { "type": "LineString", "coordinates": [ [ 78.4707767, 17.3753781 ], [ 78.4707319, 17.3748327 ] ] } },
{ "type": "Feature", "properties": { "road_id": "OSM-WAY-170187438", "road_name": "", "road_class": "residential", "source": "real:osm", "confidence": 1.0, "attribution": "© OpenStreetMap contributors" }, "geometry": { "type": "LineString", "coordinates": [ [ 78.4700893, 17.3746357 ], [ 78.4700956, 17.3742845 ], [ 78.4700972, 17.3741456 ], [ 78.4700975, 17.3737632 ] ] } },
{ "type": "Feature", "properties": { "road_id": "OSM-WAY-170187441", "road_name": "", "road_class": "residential", "source": "real:osm", "confidence": 1.0, "attribution": "© OpenStreetMap contributors" }, "geometry": { "type": "LineString", "coordinates": [ [ 78.4713252, 17.3751101 ], [ 78.4720758, 17.3751131 ] ] } },
{ "type": "Feature", "properties": { "road_id": "OSM-WAY-170187446", "road_name": "", "road_class": "service", "source": "real:osm", "confidence": 1.0, "attribution": "© OpenStreetMap contributors" }, "geometry": { "type": "LineString", "coordinates": [ [ 78.469978, 17.3858814 ], [ 78.4699525, 17.3859518 ], [ 78.4699411, 17.3859991 ], [ 78.4699397, 17.3860523 ], [ 78.4699411, 17.3861488 ], [ 78.4699357, 17.3862093 ], [ 78.469923, 17.3862672 ], [ 78.4698673, 17.3865066 ], [ 78.4698205, 17.3867818 ], [ 78.4697761, 17.3869046 ], [ 78.4697345, 17.3870582 ], [ 78.4697211, 17.3871593 ], [ 78.4697225, 17.3872272 ], [ 78.4697251, 17.3872457 ], [ 78.4697325, 17.3872988 ], [ 78.4697788, 17.387375 ], [ 78.4698351, 17.3874332 ], [ 78.4698847, 17.3874696 ], [ 78.4699565, 17.3874946 ], [ 78.470051, 17.3875215 ], [ 78.470194, 17.3875556 ], [ 78.4702879, 17.3875517 ], [ 78.4704944, 17.3874826 ], [ 78.4706035, 17.3874139 ], [ 78.470984, 17.3871223 ], [ 78.4710163, 17.3870926 ], [ 78.4711262, 17.3869138 ], [ 78.4712205, 17.3867214 ], [ 78.4713908, 17.3863057 ], [ 78.4714786, 17.3860305 ], [ 78.4713124, 17.3855147 ], [ 78.4712813, 17.3853554 ], [ 78.4711576, 17.3848814 ], [ 78.4711516, 17.3848584 ], [ 78.4711065, 17.3847218 ], [ 78.4710611, 17.3845932 ] ] } },
{ "type": "Feature", "properties": { "road_id": "OSM-WAY-170187449", "road_name": "", "road_class": "residential", "source": "real:osm", "confidence": 1.0, "attribution": "© OpenStreetMap contributors" }, "geometry": { "type": "LineString", "coordinates": [ [ 78.4711119, 17.3716537 ], [ 78.4711242, 17.3721129 ], [ 78.471142, 17.3722576 ], [ 78.4711935, 17.3726757 ], [ 78.4712511, 17.3729564 ], [ 78.4712756, 17.3730756 ], [ 78.4713244, 17.3733788 ], [ 78.4713464, 17.3735153 ], [ 78.4714123, 17.3738461 ], [ 78.471367, 17.3741209 ], [ 78.4713199, 17.374538 ], [ 78.4713162, 17.3747327 ], [ 78.4713252, 17.3751101 ], [ 78.4713523, 17.3753804 ], [ 78.471393, 17.3758908 ], [ 78.471476, 17.3766409 ], [ 78.4715132, 17.3769706 ], [ 78.4715456, 17.3772471 ] ] } },
{ "type": "Feature", "properties": { "road_id": "OSM-WAY-170187459", "road_name": "", "road_class": "residential", "source": "real:osm", "confidence": 1.0, "attribution": "© OpenStreetMap contributors" }, "geometry": { "type": "LineString", "coordinates": [ [ 78.4704877, 17.3761002 ], [ 78.470448, 17.3759861 ], [ 78.4703594, 17.3756522 ], [ 78.470328, 17.3755311 ], [ 78.4702631, 17.375349 ], [ 78.4701737, 17.3751728 ] ] } },
{ "type": "Feature", "properties": { "road_id": "OSM-WAY-170187460", "road_name": "", "road_class": "residential", "source": "real:osm", "confidence": 1.0, "attribution": "© OpenStreetMap contributors" }, "geometry": { "type": "LineString", "coordinates": [ [ 78.472639, 17.3769115 ], [ 78.4725314, 17.3763284 ], [ 78.4725189, 17.3761753 ], [ 78.4724865, 17.3759169 ], [ 78.4724378, 17.3756739 ], [ 78.4723877, 17.3755974 ] ] } },
{ "type": "Feature", "properties": { "road_id": "OSM-WAY-170187463", "road_name": "", "road_class": "residential", "source": "real:osm", "confidence": 1.0, "attribution": "© OpenStreetMap contributors" }, "geometry": { "type": "LineString", "coordinates": [ [ 78.4698464, 17.371755 ], [ 78.4695964, 17.3718353 ], [ 78.4693657, 17.3718558 ] ] } },
{ "type": "Feature", "properties": { "road_id": "OSM-WAY-170187466", "road_name": "", "road_class": "residential", "source": "real:osm", "confidence": 1.0, "attribution": "© OpenStreetMap contributors" }, "geometry": { "type": "LineString", "coordinates": [ [ 78.4721593, 17.3756841 ], [ 78.4721169, 17.3753944 ], [ 78.4720758, 17.3751131 ], [ 78.4720364, 17.3747186 ] ] } },
{ "type": "Feature", "properties": { "road_id": "OSM-WAY-207568770", "road_name": "", "road_class": "trunk_link", "source": "real:osm", "confidence": 1.0, "attribution": "© OpenStreetMap contributors" }, "geometry": { "type": "LineString", "coordinates": [ [ 78.4750565, 17.3765808 ], [ 78.4751566, 17.3765801 ] ] } },
{ "type": "Feature", "properties": { "road_id": "OSM-WAY-207568773", "road_name": "", "road_class": "trunk_link", "source": "real:osm", "confidence": 1.0, "attribution": "© OpenStreetMap contributors" }, "geometry": { "type": "LineString", "coordinates": [ [ 78.4749471, 17.3839859 ], [ 78.4750829, 17.3839637 ], [ 78.4751448, 17.3839691 ], [ 78.475266, 17.3840075 ] ] } },
{ "type": "Feature", "properties": { "road_id": "OSM-WAY-207568781", "road_name": "Jambagh Road", "road_class": "primary", "source": "real:osm", "confidence": 1.0, "attribution": "© OpenStreetMap contributors" }, "geometry": { "type": "LineString", "coordinates": [ [ 78.4850156, 17.3806551 ], [ 78.4849299, 17.3807249 ], [ 78.4848365, 17.3807961 ], [ 78.4847553, 17.3808357 ], [ 78.4846616, 17.380868 ], [ 78.4846302, 17.3808769 ], [ 78.4841372, 17.381016 ], [ 78.4836758, 17.381156 ], [ 78.4835416, 17.3812072 ], [ 78.4833295, 17.3812824 ], [ 78.482996, 17.3814141 ], [ 78.4829549, 17.3814297 ], [ 78.4827197, 17.3815229 ], [ 78.4825847, 17.3815812 ], [ 78.4823749, 17.3816719 ], [ 78.4817926, 17.3819764 ], [ 78.4816626, 17.3820304 ] ] } },
{ "type": "Feature", "properties": { "road_id": "OSM-WAY-207568789", "road_name": "", "road_class": "trunk", "source": "real:osm", "confidence": 1.0, "attribution": "© OpenStreetMap contributors" }, "geometry": { "type": "LineString", "coordinates": [ [ 78.47604, 17.37424 ], [ 78.4757847, 17.3744229 ], [ 78.4755611, 17.3745587 ], [ 78.4753764, 17.3746409 ], [ 78.4752338, 17.3747527 ], [ 78.4751565, 17.3748439 ], [ 78.4751369, 17.3748763 ], [ 78.4750895, 17.3749545 ], [ 78.4750654, 17.375071 ], [ 78.4750609, 17.3752325 ], [ 78.4750493, 17.3756547 ], [ 78.4750417, 17.3759233 ], [ 78.4750303, 17.3760957 ], [ 78.4750075, 17.3761801 ], [ 78.4750019, 17.3764138 ], [ 78.4750398, 17.3764984 ], [ 78.4750565, 17.3765808 ], [ 78.4750509, 17.3768463 ], [ 78.4750519, 17.3769994 ], [ 78.4750553, 17.3775526 ], [ 78.4750591, 17.3780176 ], [ 78.4750476, 17.3786963 ], [ 78.4750171, 17.3788339 ], [ 78.4749503, 17.3790229 ], [ 78.4749252, 17.3791372 ], [ 78.4749197, 17.3793039 ], [ 78.4749252, 17.3793664 ], [ 78.474947, 17.3794619 ], [ 78.474987, 17.3795713 ], [ 78.475018, 17.379639 ], [ 78.4750442, 17.379725 ], [ 78.4750585, 17.3798581 ], [ 78.4750546, 17.3802018 ], [ 78.4750582, 17.3805691 ], [ 78.4750613, 17.3808816 ], [ 78.4750649, 17.3812476 ], [ 78.475069, 17.3816595 ], [ 78.4750665, 17.382017 ], [ 78.4750746, 17.3822043 ], [ 78.4750633, 17.3825482 ], [ 78.4750685, 17.383297 ], [ 78.4750699, 17.3833803 ], [ 78.4750719, 17.3834988 ], [ 78.4750751, 17.3835634 ], [ 78.4750789, 17.3836228 ], [ 78.4750912, 17.3837328 ] ] } },
{ "type": "Feature", "properties": { "road_id": "OSM-WAY-207830803", "road_name": "", "road_class": "trunk", "source": "real:osm", "confidence": 1.0, "attribution": "© OpenStreetMap contributors" }, "geometry": { "type": "LineString", "coordinates": [ [ 78.4559516, 17.3623269 ], [ 78.4561514, 17.3629308 ], [ 78.4562771, 17.3633142 ], [ 78.4564363, 17.3638208 ], [ 78.456523, 17.3640539 ], [ 78.4565903, 17.3642076 ], [ 78.4566841, 17.3643849 ], [ 78.4568168, 17.3646315 ], [ 78.4570749, 17.3650786 ], [ 78.4574036, 17.3656098 ], [ 78.4574403, 17.3656643 ], [ 78.4576555, 17.3659829 ], [ 78.4578746, 17.3662348 ], [ 78.4580492, 17.3663931 ], [ 78.4582423, 17.3665595 ], [ 78.4583235, 17.366628 ] ] } },
{ "type": "Feature", "properties": { "road_id": "OSM-WAY-207830809", "road_name": "Mumbai Highway", "road_class": "trunk", "source": "real:osm", "confidence": 1.0, "attribution": "© OpenStreetMap contributors" }, "geometry": { "type": "LineString", "coordinates": [ [ 78.4847769, 17.3806013 ], [ 78.4845576, 17.3805512 ], [ 78.4843831, 17.3805055 ], [ 78.4841663, 17.3804286 ], [ 78.4838203, 17.3802673 ], [ 78.4835547, 17.3801086 ], [ 78.4833884, 17.3800011 ], [ 78.4832034, 17.379845 ], [ 78.4829968, 17.3796504 ], [ 78.4828987, 17.379532 ], [ 78.4828313, 17.3794508 ], [ 78.4827045, 17.3792153 ], [ 78.4825274, 17.3789056 ], [ 78.4824228, 17.3787392 ], [ 78.4823493, 17.3786281 ], [ 78.4822196, 17.3784318 ] ] } },
{ "type": "Feature", "properties": { "road_id": "OSM-WAY-207830810", "road_name": "Jambagh Road", "road_class": "primary", "source": "real:osm", "confidence": 1.0, "attribution": "© OpenStreetMap contributors" }, "geometry": { "type": "LineString", "coordinates": [ [ 78.4817363, 17.3821072 ], [ 78.4818914, 17.3820363 ], [ 78.4821198, 17.3819005 ], [ 78.4826424, 17.3816821 ], [ 78.4830425, 17.3815149 ], [ 78.4835423, 17.3813375 ], [ 78.4839403, 17.3812156 ], [ 78.4845711, 17.38103 ], [ 78.4847279, 17.3809842 ], [ 78.4848756, 17.3809344 ], [ 78.4849729, 17.3808873 ], [ 78.4850097, 17.3808602 ], [ 78.4850399, 17.3808301 ], [ 78.4850544, 17.3807966 ], [ 78.4850802, 17.3807544 ], [ 78.4850804, 17.3806618 ] ] } },
{ "type": "Feature", "properties": { "road_id": "OSM-WAY-207830811", "road_name": "Mumbai Highway", "road_class": "trunk", "source": "real:osm", "confidence": 1.0, "attribution": "© OpenStreetMap contributors" }, "geometry": { "type": "LineString", "coordinates": [ [ 78.477387, 17.3737076 ], [ 78.4774699, 17.3737851 ], [ 78.4776434, 17.373805 ], [ 78.4779216, 17.3737786 ], [ 78.4782893, 17.3736982 ], [ 78.4783762, 17.3736792 ], [ 78.4786728, 17.3736549 ], [ 78.4788132, 17.3736728 ], [ 78.4789233, 17.3737169 ], [ 78.4791408, 17.3738726 ], [ 78.4793548, 17.3740245 ], [ 78.4796085, 17.3742272 ], [ 78.4797929, 17.3744008 ], [ 78.4799191, 17.3745733 ], [ 78.4799799, 17.3746564 ], [ 78.4801778, 17.3749659 ], [ 78.4802171, 17.3750195 ], [ 78.480349, 17.3752427 ], [ 78.4803678, 17.3752752 ] ] } },
{ "type": "Feature", "properties": { "road_id": "OSM-WAY-207830812", "road_name": "", "road_class": "trunk", "source": "real:osm", "confidence": 1.0, "attribution": "© OpenStreetMap contributors" }, "geometry": { "type": "LineString", "coordinates": [ [ 78.4769306, 17.3707073 ], [ 78.4769578, 17.370643 ], [ 78.4769655, 17.3706213 ] ] } },
{ "type": "Feature", "properties": { "road_id": "OSM-WAY-207830813", "road_name": "Mumbai Highway", "road_class": "trunk", "source": "real:osm", "confidence": 1.0, "attribution": "© OpenStreetMap contributors" }, "geometry": { "type": "LineString", "coordinates": [ [ 78.4821963, 17.3786037 ], [ 78.4821712, 17.3786208 ], [ 78.4821122, 17.3787078 ], [ 78.4820733, 17.3788211 ], [ 78.4820961, 17.3789279 ], [ 78.4821505, 17.3790093 ], [ 78.482306, 17.379155 ], [ 78.4825836, 17.3794125 ], [ 78.4827294, 17.3795054 ], [ 78.4828267, 17.37959 ], [ 78.4828869, 17.3796504 ], [ 78.4830501, 17.3798016 ], [ 78.4832593, 17.3799782 ], [ 78.4834222, 17.3800967 ], [ 78.4837796, 17.3803289 ], [ 78.4840375, 17.3804516 ], [ 78.4843107, 17.380549 ], [ 78.4846196, 17.3806438 ], [ 78.4847291, 17.3806774 ], [ 78.4849299, 17.3807249 ], [ 78.4850802, 17.3807544 ], [ 78.485209, 17.380743 ] ] } },
{ "type": "Feature", "properties": { "road_id": "OSM-WAY-207830817", "road_name": "", "road_class": "trunk", "source": "real:osm", "confidence": 1.0, "attribution": "© OpenStreetMap contributors" }, "geometry": { "type": "LineString", "coordinates": [ [ 78.4584352, 17.3663846 ], [ 78.4582039, 17.3663758 ], [ 78.4580692, 17.3663202 ], [ 78.457858, 17.3661204 ], [ 78.4576935, 17.365931 ], [ 78.4574976, 17.3656329 ], [ 78.4571307, 17.3650478 ], [ 78.4570947, 17.3649932 ] ] } },
{ "type": "Feature", "properties": { "road_id": "OSM-WAY-207830819", "road_name": "", "road_class": "trunk", "source": "real:osm", "confidence": 1.0, "attribution": "© OpenStreetMap contributors" }, "geometry": { "type": "LineString", "coordinates": [ [ 78.4758631, 17.3725391 ], [ 78.4759171, 17.3725985 ], [ 78.4759416, 17.3726221 ], [ 78.4759671, 17.372633 ], [ 78.4759956, 17.3726333 ], [ 78.4760308, 17.3726193 ], [ 78.4760543, 17.3726013 ], [ 78.4760754, 17.3725799 ], [ 78.4761069, 17.3725485 ], [ 78.476132, 17.3725226 ], [ 78.4761656, 17.3724868 ] ] } },
{ "type": "Feature", "properties": { "road_id": "OSM-WAY-207830825", "road_name": "", "road_class": "primary", "source": "real:osm", "confidence": 1.0, "attribution": "© OpenStreetMap contributors" }, "geometry": { "type": "LineString", "coordinates": [ [ 78.4685496, 17.3679801 ], [ 78.4684322, 17.3676816 ] ] } },
{ "type": "Feature", "properties": { "road_id": "OSM-WAY-207889077", "road_name": "", "road_class": "primary", "source": "real:osm", "confidence": 1.0, "attribution": "© OpenStreetMap contributors" }, "geometry": { "type": "LineString", "coordinates": [ [ 78.4689798, 17.3713885 ], [ 78.4689639, 17.3713208 ], [ 78.4689571, 17.3712494 ], [ 78.4689559, 17.371097 ], [ 78.4689529, 17.3707319 ] ] } },
{ "type": "Feature", "properties": { "road_id": "OSM-WAY-207898267", "road_name": "", "road_class": "primary", "source": "real:osm", "confidence": 1.0, "attribution": "© OpenStreetMap contributors" }, "geometry": { "type": "LineString", "coordinates": [ [ 78.4689413, 17.3691671 ], [ 78.4689498, 17.3691184 ], [ 78.4689754, 17.3690756 ], [ 78.4690149, 17.3690438 ] ] } },
{ "type": "Feature", "properties": { "road_id": "OSM-WAY-208173032", "road_name": "MGBS Road", "road_class": "service", "source": "real:osm", "confidence": 1.0, "attribution": "© OpenStreetMap contributors" }, "geometry": { "type": "LineString", "coordinates": [ [ 78.4839777, 17.378482 ], [ 78.4837211, 17.3781579 ] ] } },
{ "type": "Feature", "properties": { "road_id": "OSM-WAY-208173033", "road_name": "MGBS Road", "road_class": "service", "source": "real:osm", "confidence": 1.0, "attribution": "© OpenStreetMap contributors" }, "geometry": { "type": "LineString", "coordinates": [ [ 78.484148, 17.3774336 ], [ 78.484291, 17.3777191 ], [ 78.484291, 17.3777702 ], [ 78.4842615, 17.3778227 ], [ 78.4840885, 17.3778752 ], [ 78.4838472, 17.3780249 ], [ 78.4837211, 17.3781579 ], [ 78.4831875, 17.3783662 ] ] } },
{ "type": "Feature", "properties": { "road_id": "OSM-WAY-208176944", "road_name": "", "road_class": "residential", "source": "real:osm", "confidence": 1.0, "attribution": "© OpenStreetMap contributors" }, "geometry": { "type": "LineString", "coordinates": [ [ 78.4823159, 17.3797278 ], [ 78.4824659, 17.3801039 ], [ 78.4826763, 17.3807049 ], [ 78.4829677, 17.3813512 ], [ 78.482996, 17.3814141 ] ] } },
{ "type": "Feature", "properties": { "road_id": "OSM-WAY-208176945", "road_name": "", "road_class": "residential", "source": "real:osm", "confidence": 1.0, "attribution": "© OpenStreetMap contributors" }, "geometry": { "type": "LineString", "coordinates": [ [ 78.4818571, 17.3799245 ], [ 78.4820985, 17.3798242 ], [ 78.4823159, 17.3797278 ], [ 78.4823713, 17.3797114 ], [ 78.4828267, 17.37959 ] ] } },
{ "type": "Feature", "properties": { "road_id": "OSM-WAY-208176946", "road_name": "", "road_class": "residential", "source": "real:osm", "confidence": 1.0, "attribution": "© OpenStreetMap contributors" }, "geometry": { "type": "LineString", "coordinates": [ [ 78.4828267, 17.37959 ], [ 78.4828987, 17.379532 ] ] } },
{ "type": "Feature", "properties": { "road_id": "OSM-WAY-208176947", "road_name": "TGSRTC MGBS  Bus Station Road", "road_class": "tertiary", "source": "real:osm", "confidence": 1.0, "attribution": "© OpenStreetMap contributors" }, "geometry": { "type": "LineString", "coordinates": [ [ 78.4823367, 17.3783751 ], [ 78.4828415, 17.3781308 ] ] } },
{ "type": "Feature", "properties": { "road_id": "OSM-WAY-208176949", "road_name": "", "road_class": "service", "source": "real:osm", "confidence": 1.0, "attribution": "© OpenStreetMap contributors" }, "geometry": { "type": "LineString", "coordinates": [ [ 78.4815885, 17.377484 ], [ 78.4814079, 17.37759 ], [ 78.4820733, 17.3788211 ] ] } },
{ "type": "Feature", "properties": { "road_id": "OSM-WAY-213636357", "road_name": "", "road_class": "tertiary", "source": "real:osm", "confidence": 1.0, "attribution": "© OpenStreetMap contributors" }, "geometry": { "type": "LineString", "coordinates": [ [ 78.4783559, 17.3804086 ], [ 78.4785157, 17.3804099 ], [ 78.4789066, 17.3805412 ], [ 78.4796054, 17.3802791 ], [ 78.4797133, 17.3802173 ], [ 78.479928, 17.3800914 ] ] } },
{ "type": "Feature", "properties": { "road_id": "OSM-WAY-213636359", "road_name": "", "road_class": "residential", "source": "real:osm", "confidence": 1.0, "attribution": "© OpenStreetMap contributors" }, "geometry": { "type": "LineString", "coordinates": [ [ 78.4794946, 17.381791 ], [ 78.4794993, 17.3817566 ], [ 78.4794854, 17.3816473 ], [ 78.479463, 17.3815897 ], [ 78.4794552, 17.3815497 ], [ 78.4794467, 17.3815074 ], [ 78.4794415, 17.3814722 ], [ 78.4794085, 17.3813576 ], [ 78.4793837, 17.3812865 ], [ 78.4793544, 17.3812351 ], [ 78.4793014, 17.3812163 ], [ 78.4792471, 17.3812003 ], [ 78.4790489, 17.3812016 ], [ 78.4788663, 17.3812272 ], [ 78.4787966, 17.3812252 ], [ 78.4786303, 17.3812349 ], [ 78.4783855, 17.3812247 ] ] } },
{ "type": "Feature", "properties": { "road_id": "OSM-WAY-213636360", "road_name": "", "road_class": "residential", "source": "real:osm", "confidence": 1.0, "attribution": "© OpenStreetMap contributors" }, "geometry": { "type": "LineString", "coordinates": [ [ 78.48206, 17.3807505 ], [ 78.4816694, 17.3807326 ], [ 78.4815989, 17.3806941 ], [ 78.4815708, 17.3806788 ], [ 78.4815282, 17.3806384 ], [ 78.4815058, 17.3806124 ], [ 78.4814673, 17.3805341 ], [ 78.4813882, 17.380321 ], [ 78.4813048, 17.3801161 ] ] } },
{ "type": "Feature", "properties": { "road_id": "OSM-WAY-213636362", "road_name": "", "road_class": "service", "source": "real:osm", "confidence": 1.0, "attribution": "© OpenStreetMap contributors" }, "geometry": { "type": "LineString", "coordinates": [ [ 78.4829549, 17.3814297 ], [ 78.4829177, 17.3813603 ], [ 78.4828969, 17.3813443 ], [ 78.4828667, 17.3813315 ], [ 78.4828375, 17.3813328 ], [ 78.4827366, 17.3813699 ], [ 78.4827179, 17.3813897 ], [ 78.4827018, 17.3814147 ], [ 78.4826944, 17.3814499 ], [ 78.4827197, 17.3815229 ] ] } },
{ "type": "Feature", "properties": { "road_id": "OSM-WAY-213636365", "road_name": "", "road_class": "residential", "source": "real:osm", "confidence": 1.0, "attribution": "© OpenStreetMap contributors" }, "geometry": { "type": "LineString", "coordinates": [ [ 78.4790489, 17.3812016 ], [ 78.4790185, 17.380991 ], [ 78.4790132, 17.3807922 ], [ 78.4789937, 17.3807242 ], [ 78.4789428, 17.3806065 ], [ 78.4789066, 17.3805412 ] ] } },
{ "type": "Feature", "properties": { "road_id": "OSM-WAY-215192766", "road_name": "", "road_class": "trunk", "source": "real:osm", "confidence": 1.0, "attribution": "© OpenStreetMap contributors" }, "geometry": { "type": "LineString", "coordinates": [ [ 78.4770284, 17.3736153 ], [ 78.476917, 17.3734507 ], [ 78.4764782, 17.373076 ], [ 78.4763014, 17.3729303 ] ] } },
{ "type": "Feature", "properties": { "road_id": "OSM-WAY-238191410", "road_name": "", "road_class": "residential", "source": "real:osm", "confidence": 1.0, "attribution": "© OpenStreetMap contributors" }, "geometry": { "type": "LineString", "coordinates": [ [ 78.4704462, 17.3638005 ], [ 78.4710156, 17.3654928 ], [ 78.4709971, 17.3655214 ], [ 78.471032, 17.3656979 ], [ 78.4711727, 17.3660696 ], [ 78.4712953, 17.3663933 ], [ 78.4713908, 17.36673 ] ] } },
{ "type": "Feature", "properties": { "road_id": "OSM-WAY-238191413", "road_name": "", "road_class": "residential", "source": "real:osm", "confidence": 1.0, "attribution": "© OpenStreetMap contributors" }, "geometry": { "type": "LineString", "coordinates": [ [ 78.4738276, 17.3641292 ], [ 78.47403, 17.3641665 ], [ 78.4741479, 17.364596 ], [ 78.4743069, 17.3648019 ], [ 78.4745564, 17.3651252 ], [ 78.4748724, 17.3656083 ], [ 78.4750527, 17.3660576 ] ] } },
{ "type": "Feature", "properties": { "road_id": "OSM-WAY-238191611", "road_name": "Dabeerpura Nala road", "road_class": "tertiary", "source": "real:osm", "confidence": 1.0, "attribution": "© OpenStreetMap contributors" }, "geometry": { "type": "LineString", "coordinates": [ [ 78.4845249, 17.3618955 ], [ 78.4845146, 17.3621056 ], [ 78.4844787, 17.3624182 ], [ 78.4844392, 17.3626867 ], [ 78.4844372, 17.3627303 ], [ 78.4844314, 17.3628085 ], [ 78.4844427, 17.3629481 ], [ 78.4844878, 17.3630802 ], [ 78.4846043, 17.3632313 ], [ 78.4846408, 17.3632642 ], [ 78.4847014, 17.3633435 ], [ 78.4847599, 17.3634862 ], [ 78.4847679, 17.3636311 ], [ 78.4847388, 17.3637817 ], [ 78.4846798, 17.363935 ], [ 78.4846292, 17.3640607 ], [ 78.484568, 17.3642009 ], [ 78.4845163, 17.3643002 ], [ 78.4844243, 17.3645298 ], [ 78.4843128, 17.3647677 ], [ 78.4842056, 17.3650075 ], [ 78.4841259, 17.3652261 ], [ 78.4841047, 17.3653526 ], [ 78.4840918, 17.3655028 ], [ 78.4841038, 17.366264 ], [ 78.4841236, 17.3663602 ], [ 78.4842135, 17.3667145 ], [ 78.4844355, 17.3671089 ], [ 78.4845452, 17.3671778 ] ] } },
{ "type": "Feature", "properties": { "road_id": "OSM-WAY-238191612", "road_name": "Dabeerpura Road", "road_class": "secondary", "source": "real:osm", "confidence": 1.0, "attribution": "© OpenStreetMap contributors" }, "geometry": { "type": "LineString", "coordinates": [ [ 78.4819351, 17.3691171 ], [ 78.4825032, 17.3689788 ], [ 78.4825517, 17.3688724 ], [ 78.4826322, 17.3687446 ], [ 78.4828013, 17.3687034 ], [ 78.4830705, 17.3686162 ], [ 78.4838813, 17.3683652 ], [ 78.4839269, 17.3683524 ], [ 78.4843855, 17.3682227 ], [ 78.4844455, 17.3682009 ], [ 78.4850365, 17.368038 ], [ 78.4851454, 17.3680055 ] ] } },
{ "type": "Feature", "properties": { "road_id": "OSM-WAY-238195756", "road_name": "", "road_class": "residential", "source": "real:osm", "confidence": 1.0, "attribution": "© OpenStreetMap contributors" }, "geometry": { "type": "LineString", "coordinates": [ [ 78.4516458, 17.3681125 ], [ 78.4521012, 17.3681741 ], [ 78.4522527, 17.368221 ], [ 78.4523945, 17.3682431 ], [ 78.4524875, 17.3682377 ], [ 78.4525715, 17.36821 ], [ 78.4527518, 17.3681419 ], [ 78.452914, 17.3680729 ], [ 78.4530152, 17.3679992 ], [ 78.4531198, 17.3679582 ], [ 78.4531823, 17.3679387 ], [ 78.4533082, 17.3679497 ], [ 78.4534536, 17.3680039 ], [ 78.453952, 17.3680338 ], [ 78.4547335, 17.3678275 ], [ 78.4555682, 17.3676665 ], [ 78.4559653, 17.3675544 ] ] } },
{ "type": "Feature", "properties": { "road_id": "OSM-WAY-238281767", "road_name": "", "road_class": "service", "source": "real:osm", "confidence": 1.0, "attribution": "© OpenStreetMap contributors" }, "geometry": { "type": "LineString", "coordinates": [ [ 78.4829798, 17.3676452 ], [ 78.4829666, 17.3675951 ], [ 78.4827839, 17.366912 ] ] } },
{ "type": "Feature", "properties": { "road_id": "OSM-WAY-238281776", "road_name": "", "road_class": "residential", "source": "real:osm", "confidence": 1.0, "attribution": "© OpenStreetMap contributors" }, "geometry": { "type": "LineString", "coordinates": [ [ 78.4781024, 17.3713211 ], [ 78.478055, 17.3707909 ], [ 78.478044, 17.3704772 ], [ 78.4780646, 17.3703193 ], [ 78.4780476, 17.3701164 ], [ 78.4780293, 17.369926 ], [ 78.4779943, 17.3698372 ], [ 78.4778148, 17.3693258 ], [ 78.4777823, 17.3691073 ] ] } },
{ "type": "Feature", "properties": { "road_id": "OSM-WAY-238282843", "road_name": "", "road_class": "service", "source": "real:osm", "confidence": 1.0, "attribution": "© OpenStreetMap contributors" }, "geometry": { "type": "LineString", "coordinates": [ [ 78.4690163, 17.368059 ], [ 78.4689876, 17.367973 ], [ 78.4688504, 17.3674887 ] ] } },
{ "type": "Feature", "properties": { "road_id": "OSM-WAY-238284089", "road_name": "Salar Jung Road", "road_class": "secondary", "source": "real:osm", "confidence": 1.0, "attribution": "© OpenStreetMap contributors" }, "geometry": { "type": "LineString", "coordinates": [ [ 78.4823679, 17.3732405 ], [ 78.4825076, 17.3733542 ], [ 78.4826554, 17.3734581 ], [ 78.4827605, 17.373523 ] ] } },
{ "type": "Feature", "properties": { "road_id": "OSM-WAY-238284100", "road_name": "", "road_class": "service", "source": "real:osm", "confidence": 1.0, "attribution": "© OpenStreetMap contributors" }, "geometry": { "type": "LineString", "coordinates": [ [ 78.4720942, 17.3694081 ], [ 78.4720303, 17.3697055 ], [ 78.4720178, 17.3697638 ] ] } },
{ "type": "Feature", "properties": { "road_id": "OSM-WAY-238284101", "road_name": "Salar Jung Road", "road_class": "secondary", "source": "real:osm", "confidence": 1.0, "attribution": "© OpenStreetMap contributors" }, "geometry": { "type": "LineString", "coordinates": [ [ 78.4827933, 17.3733277 ], [ 78.4826827, 17.3733312 ], [ 78.4825731, 17.3733175 ], [ 78.4824672, 17.373287 ], [ 78.4823679, 17.3732405 ] ] } },
{ "type": "Feature", "properties": { "road_id": "OSM-WAY-238284102", "road_name": "", "road_class": "service", "source": "real:osm", "confidence": 1.0, "attribution": "© OpenStreetMap contributors" }, "geometry": { "type": "LineString", "coordinates": [ [ 78.4710577, 17.369561 ], [ 78.4710865, 17.3692354 ], [ 78.4710935, 17.3692156 ], [ 78.4711059, 17.3691993 ], [ 78.4711203, 17.3691893 ], [ 78.4711361, 17.3691829 ], [ 78.4711629, 17.3691817 ], [ 78.4712052, 17.3691881 ], [ 78.4720942, 17.3694081 ], [ 78.472639, 17.3695329 ], [ 78.4726502, 17.3694839 ], [ 78.4728442, 17.3686394 ], [ 78.4728597, 17.3685719 ], [ 78.472868, 17.3685368 ] ] } },
{ "type": "Feature", "properties": { "road_id": "OSM-WAY-238284105", "road_name": "Aziz Jung Road", "road_class": "tertiary", "source": "real:osm", "confidence": 1.0, "attribution": "© OpenStreetMap contributors" }, "geometry": { "type": "LineString", "coordinates": [ [ 78.4831149, 17.373448 ], [ 78.4831617, 17.3733665 ], [ 78.4832278, 17.3732984 ], [ 78.4833094, 17.3732477 ] ] } },
{ "type": "Feature", "properties": { "road_id": "OSM-WAY-238285577", "road_name": "", "road_class": "residential", "source": "real:osm", "confidence": 1.0, "attribution": "© OpenStreetMap contributors" }, "geometry": { "type": "LineString", "coordinates": [ [ 78.4763795, 17.3697399 ], [ 78.4758464, 17.3696922 ], [ 78.475766, 17.3696642 ], [ 78.475185, 17.3696467 ] ] } },
{ "type": "Feature", "properties": { "road_id": "OSM-WAY-238285997", "road_name": "", "road_class": "residential", "source": "real:osm", "confidence": 1.0, "attribution": "© OpenStreetMap contributors" }, "geometry": { "type": "LineString", "coordinates": [ [ 78.4789117, 17.3651508 ], [ 78.4784572, 17.3651222 ], [ 78.4781068, 17.3650985 ] ] } },
{ "type": "Feature", "properties": { "road_id": "OSM-WAY-238286001", "road_name": "", "road_class": "residential", "source": "real:osm", "confidence": 1.0, "attribution": "© OpenStreetMap contributors" }, "geometry": { "type": "LineString", "coordinates": [ [ 78.4785797, 17.3655889 ], [ 78.4786019, 17.3656631 ], [ 78.4786513, 17.3657747 ], [ 78.4786767, 17.3658441 ], [ 78.4787025, 17.3659208 ], [ 78.478743, 17.3660522 ], [ 78.4787256, 17.3661919 ], [ 78.4787814, 17.3663789 ], [ 78.4788361, 17.3665128 ] ] } },
{ "type": "Feature", "properties": { "road_id": "OSM-WAY-238286002", "road_name": "", "road_class": "residential", "source": "real:osm", "confidence": 1.0, "attribution": "© OpenStreetMap contributors" }, "geometry": { "type": "LineString", "coordinates": [ [ 78.4785797, 17.3655889 ], [ 78.4789914, 17.3654966 ], [ 78.4789184, 17.3651885 ], [ 78.4789117, 17.3651508 ], [ 78.4788535, 17.3649065 ] ] } },
{ "type": "Feature", "properties": { "road_id": "OSM-WAY-238286004", "road_name": "", "road_class": "living_street", "source": "real:osm", "confidence": 1.0, "attribution": "© OpenStreetMap contributors" }, "geometry": { "type": "LineString", "coordinates": [ [ 78.4781068, 17.3650985 ], [ 78.4779563, 17.3650981 ], [ 78.4779244, 17.3649516 ], [ 78.4779124, 17.3648416 ], [ 78.4778899, 17.3645076 ], [ 78.4777745, 17.3644742 ], [ 78.4776944, 17.364141 ], [ 78.4775428, 17.3638085 ], [ 78.4774855, 17.3636573 ], [ 78.4773908, 17.3633169 ], [ 78.4773261, 17.3630269 ] ] } },
{ "type": "Feature", "properties": { "road_id": "OSM-WAY-238302520", "road_name": "Akbar Bazaar Street", "road_class": "residential", "source": "real:osm", "confidence": 1.0, "attribution": "© OpenStreetMap contributors" }, "geometry": { "type": "LineString", "coordinates": [ [ 78.4651377, 17.3745114 ], [ 78.4652181, 17.3743578 ], [ 78.4653051, 17.3741853 ], [ 78.4653898, 17.3739821 ], [ 78.4654192, 17.3738959 ], [ 78.4654927, 17.3735598 ], [ 78.4655156, 17.373477 ], [ 78.4655556, 17.373337 ], [ 78.4657366, 17.3728878 ], [ 78.4658357, 17.3726666 ], [ 78.4660176, 17.3722605 ] ] } },
{ "type": "Feature", "properties": { "road_id": "OSM-WAY-238302525", "road_name": "", "road_class": "residential", "source": "real:osm", "confidence": 1.0, "attribution": "© OpenStreetMap contributors" }, "geometry": { "type": "LineString", "coordinates": [ [ 78.4654158, 17.3727739 ], [ 78.4654961, 17.3725534 ], [ 78.4655545, 17.3724293 ], [ 78.4656123, 17.3723027 ] ] } },
{ "type": "Feature", "properties": { "road_id": "OSM-WAY-238302526", "road_name": "", "road_class": "residential", "source": "real:osm", "confidence": 1.0, "attribution": "© OpenStreetMap contributors" }, "geometry": { "type": "LineString", "coordinates": [ [ 78.467142, 17.3735026 ], [ 78.4661871, 17.3730417 ], [ 78.4660789, 17.372995 ], [ 78.4657366, 17.3728878 ] ] } },
{ "type": "Feature", "properties": { "road_id": "OSM-WAY-238302528", "road_name": "", "road_class": "residential", "source": "real:osm", "confidence": 1.0, "attribution": "© OpenStreetMap contributors" }, "geometry": { "type": "LineString", "coordinates": [ [ 78.4660789, 17.372995 ], [ 78.4660391, 17.3732821 ], [ 78.4660378, 17.373324 ], [ 78.4660269, 17.3736696 ], [ 78.4660082, 17.373927 ], [ 78.465988, 17.3742483 ] ] } },
{ "type": "Feature", "properties": { "road_id": "OSM-WAY-238302529", "road_name": "", "road_class": "residential", "source": "real:osm", "confidence": 1.0, "attribution": "© OpenStreetMap contributors" }, "geometry": { "type": "LineString", "coordinates": [ [ 78.467142, 17.3735026 ], [ 78.467474, 17.3736187 ], [ 78.4677657, 17.3736803 ], [ 78.4678695, 17.3737136 ], [ 78.4679818, 17.3737547 ], [ 78.4680473, 17.3737239 ], [ 78.4683158, 17.3737166 ], [ 78.4684352, 17.3736871 ] ] } },
{ "type": "Feature", "properties": { "road_id": "OSM-WAY-238302615", "road_name": "", "road_class": "service", "source": "real:osm", "confidence": 1.0, "attribution": "© OpenStreetMap contributors" }, "geometry": { "type": "LineString", "coordinates": [ [ 78.4741393, 17.3716663 ], [ 78.4740578, 17.3718977 ], [ 78.4740778, 17.3719739 ], [ 78.4741934, 17.3721376 ], [ 78.4741855, 17.3722365 ], [ 78.4741137, 17.3722937 ], [ 78.4740259, 17.3723013 ], [ 78.4737187, 17.3722061 ], [ 78.4736669, 17.3721338 ], [ 78.4736843, 17.3720641 ], [ 78.4737566, 17.372004 ], [ 78.4739581, 17.3718863 ], [ 78.4740018, 17.3718738 ], [ 78.4740859, 17.3716466 ] ] } },
{ "type": "Feature", "properties": { "road_id": "OSM-WAY-238302616", "road_name": "", "road_class": "service", "source": "real:osm", "confidence": 1.0, "attribution": "© OpenStreetMap contributors" }, "geometry": { "type": "LineString", "coordinates": [ [ 78.4721683, 17.3718948 ], [ 78.472785, 17.3720759 ], [ 78.4728567, 17.3721002 ], [ 78.4728842, 17.3721162 ], [ 78.4728976, 17.3721444 ], [ 78.4728916, 17.3721886 ], [ 78.4727877, 17.3725258 ], [ 78.4727944, 17.3725809 ], [ 78.4728279, 17.3726237 ], [ 78.4734834, 17.3728381 ] ] } },
{ "type": "Feature", "properties": { "road_id": "OSM-WAY-238302617", "road_name": "", "road_class": "service", "source": "real:osm", "confidence": 1.0, "attribution": "© OpenStreetMap contributors" }, "geometry": { "type": "LineString", "coordinates": [ [ 78.4755777, 17.3726706 ], [ 78.4743051, 17.3722137 ], [ 78.4741934, 17.3721376 ], [ 78.4737566, 17.372004 ], [ 78.4731842, 17.3718901 ], [ 78.4723632, 17.3716503 ], [ 78.4722834, 17.371642 ], [ 78.4722492, 17.3716523 ], [ 78.4722271, 17.3716862 ], [ 78.4721931, 17.3718126 ], [ 78.4721683, 17.3718948 ], [ 78.4720673, 17.3722289 ] ] } },
{ "type": "Feature", "properties": { "road_id": "OSM-WAY-238302862", "road_name": "", "road_class": "tertiary", "source": "real:osm", "confidence": 1.0, "attribution": "© OpenStreetMap contributors" }, "geometry": { "type": "LineString", "coordinates": [ [ 78.4637404, 17.3778026 ], [ 78.4638209, 17.3781236 ], [ 78.4638799, 17.3785349 ], [ 78.4639237, 17.3787695 ], [ 78.4640443, 17.3790352 ], [ 78.4641697, 17.3793778 ], [ 78.4642359, 17.3796238 ], [ 78.4643568, 17.3799979 ], [ 78.4650215, 17.3811722 ], [ 78.465095, 17.3813802 ], [ 78.4651932, 17.3816577 ], [ 78.4652642, 17.3818113 ], [ 78.4655715, 17.3824628 ], [ 78.465683, 17.382701 ] ] } },
{ "type": "Feature", "properties": { "road_id": "OSM-WAY-238317039", "road_name": "", "road_class": "tertiary", "source": "real:osm", "confidence": 1.0, "attribution": "© OpenStreetMap contributors" }, "geometry": { "type": "LineString", "coordinates": [ [ 78.4505138, 17.3748152 ], [ 78.4506576, 17.3748433 ], [ 78.4508243, 17.3748758 ], [ 78.4510207, 17.3748976 ], [ 78.4512221, 17.3749093 ], [ 78.4516205, 17.3749175 ], [ 78.4520043, 17.3748874 ], [ 78.4520579, 17.374884 ], [ 78.4524664, 17.3748801 ], [ 78.4525791, 17.3749219 ], [ 78.4528352, 17.3749963 ], [ 78.4531297, 17.3750956 ], [ 78.4532947, 17.375154 ], [ 78.453484, 17.3752164 ], [ 78.4536401, 17.3752656 ], [ 78.454023, 17.3753981 ], [ 78.4543171, 17.37538 ], [ 78.4546546, 17.3752892 ], [ 78.4553142, 17.3753717 ], [ 78.4556804, 17.3753827 ], [ 78.456344, 17.3753397 ], [ 78.4565044, 17.3753363 ], [ 78.4566515, 17.3753127 ], [ 78.4569223, 17.3752924 ], [ 78.4571785, 17.3753079 ], [ 78.4576054, 17.3753212 ], [ 78.4577893, 17.3753294 ], [ 78.4580102, 17.3753397 ], [ 78.4580748, 17.3753438 ], [ 78.4584139, 17.3753248 ], [ 78.4586512, 17.3753078 ], [ 78.4591761, 17.375272 ], [ 78.4595954, 17.3752366 ], [ 78.4597667, 17.3752278 ], [ 78.4602203, 17.3751531 ] ] } },
{ "type": "Feature", "properties": { "road_id": "OSM-WAY-238355682", "road_name": "", "road_class": "residential", "source": "real:osm", "confidence": 1.0, "attribution": "© OpenStreetMap contributors" }, "geometry": { "type": "LineString", "coordinates": [ [ 78.4581529, 17.370003 ], [ 78.4580266, 17.3691034 ], [ 78.4580165, 17.3690427 ] ] } },
{ "type": "Feature", "properties": { "road_id": "OSM-WAY-238355687", "road_name": "", "road_class": "residential", "source": "real:osm", "confidence": 1.0, "attribution": "© OpenStreetMap contributors" }, "geometry": { "type": "LineString", "coordinates": [ [ 78.4532543, 17.3733746 ], [ 78.4545461, 17.3726126 ], [ 78.4546565, 17.3725168 ], [ 78.4547162, 17.3722741 ], [ 78.4548099, 17.3721282 ], [ 78.4549281, 17.3719263 ], [ 78.4550229, 17.3717279 ], [ 78.4550827, 17.3716029 ], [ 78.4553228, 17.3711635 ], [ 78.4555938, 17.3706867 ], [ 78.4558125, 17.3706301 ], [ 78.4560923, 17.3705576 ], [ 78.456464, 17.370453 ], [ 78.4568926, 17.3703323 ], [ 78.4569682, 17.3703133 ], [ 78.457202, 17.370241 ], [ 78.4573068, 17.3702101 ], [ 78.4578343, 17.3700546 ], [ 78.4580309, 17.3699967 ], [ 78.4581529, 17.370003 ], [ 78.4582086, 17.3700005 ], [ 78.4585883, 17.3700071 ] ] } },
{ "type": "Feature", "properties": { "road_id": "OSM-WAY-274242461", "road_name": "", "road_class": "residential", "source": "real:osm", "confidence": 1.0, "attribution": "© OpenStreetMap contributors" }, "geometry": { "type": "LineString", "coordinates": [ [ 78.4838495, 17.3662012 ], [ 78.4839113, 17.3661891 ], [ 78.483787, 17.3653038 ], [ 78.4837821, 17.3652328 ], [ 78.4837709, 17.365071 ], [ 78.4837076, 17.3647998 ], [ 78.4836906, 17.3646293 ], [ 78.4836861, 17.3644082 ], [ 78.4838772, 17.3643917 ], [ 78.4839487, 17.3637589 ], [ 78.4840168, 17.3634553 ], [ 78.4840272, 17.3632078 ], [ 78.4840692, 17.3630001 ], [ 78.484057, 17.3626769 ], [ 78.4841504, 17.3626724 ], [ 78.4842282, 17.3626757 ], [ 78.4844392, 17.3626867 ] ] } },
{ "type": "Feature", "properties": { "road_id": "OSM-WAY-274245897", "road_name": "", "road_class": "residential", "source": "real:osm", "confidence": 1.0, "attribution": "© OpenStreetMap contributors" }, "geometry": { "type": "LineString", "coordinates": [ [ 78.4845192, 17.3701949 ], [ 78.4848084, 17.3700934 ], [ 78.4849036, 17.37006 ], [ 78.485053, 17.3699958 ], [ 78.4853261, 17.3698785 ] ] } },
{ "type": "Feature", "properties": { "road_id": "OSM-WAY-274245900", "road_name": "", "road_class": "residential", "source": "real:osm", "confidence": 1.0, "attribution": "© OpenStreetMap contributors" }, "geometry": { "type": "LineString", "coordinates": [ [ 78.4839557, 17.3698125 ], [ 78.4838839, 17.3695485 ], [ 78.4836514, 17.3687019 ] ] } },
{ "type": "Feature", "properties": { "road_id": "OSM-WAY-274564748", "road_name": "Malakunta Road", "road_class": "primary", "source": "real:osm", "confidence": 1.0, "attribution": "© OpenStreetMap contributors" }, "geometry": { "type": "LineString", "coordinates": [ [ 78.4724918, 17.3819855 ], [ 78.4726677, 17.3825465 ], [ 78.4727141, 17.3826097 ], [ 78.4728036, 17.382768 ], [ 78.4728372, 17.3828187 ], [ 78.4729359, 17.3829408 ], [ 78.4731535, 17.3831568 ], [ 78.4732682, 17.3832702 ], [ 78.4734926, 17.3834652 ], [ 78.474394, 17.3840816 ], [ 78.4744665, 17.3841479 ], [ 78.4744726, 17.3842447 ] ] } },
{ "type": "Feature", "properties": { "road_id": "OSM-WAY-280702674", "road_name": "", "road_class": "residential", "source": "real:osm", "confidence": 1.0, "attribution": "© OpenStreetMap contributors" }, "geometry": { "type": "LineString", "coordinates": [ [ 78.4669908, 17.3849306 ], [ 78.4671018, 17.3857002 ], [ 78.4675197, 17.3855853 ] ] } },
{ "type": "Feature", "properties": { "road_id": "OSM-WAY-280702679", "road_name": "", "road_class": "residential", "source": "real:osm", "confidence": 1.0, "attribution": "© OpenStreetMap contributors" }, "geometry": { "type": "LineString", "coordinates": [ [ 78.4680562, 17.3845005 ], [ 78.4678726, 17.3836089 ], [ 78.4678296, 17.383408 ] ] } },
{ "type": "Feature", "properties": { "road_id": "OSM-WAY-280703095", "road_name": "", "road_class": "residential", "source": "real:osm", "confidence": 1.0, "attribution": "© OpenStreetMap contributors" }, "geometry": { "type": "LineString", "coordinates": [ [ 78.4738845, 17.3849174 ], [ 78.4732642, 17.3845134 ], [ 78.472774, 17.3841894 ] ] } },
{ "type": "Feature", "properties": { "road_id": "OSM-WAY-280703096", "road_name": "", "road_class": "residential", "source": "real:osm", "confidence": 1.0, "attribution": "© OpenStreetMap contributors" }, "geometry": { "type": "LineString", "coordinates": [ [ 78.4741487, 17.3846034 ], [ 78.4736828, 17.3842662 ] ] } },
{ "type": "Feature", "properties": { "road_id": "OSM-WAY-280703099", "road_name": "", "road_class": "residential", "source": "real:osm", "confidence": 1.0, "attribution": "© OpenStreetMap contributors" }, "geometry": { "type": "LineString", "coordinates": [ [ 78.4710358, 17.3823102 ], [ 78.471063, 17.3823784 ], [ 78.4711059, 17.382429 ], [ 78.4711488, 17.3824565 ], [ 78.4712125, 17.3824687 ], [ 78.4726677, 17.3825465 ] ] } },
{ "type": "Feature", "properties": { "road_id": "OSM-WAY-280703101", "road_name": "", "road_class": "residential", "source": "real:osm", "confidence": 1.0, "attribution": "© OpenStreetMap contributors" }, "geometry": { "type": "LineString", "coordinates": [ [ 78.4700521, 17.3824582 ], [ 78.4701629, 17.3831365 ], [ 78.4702811, 17.3839559 ], [ 78.4702738, 17.3839917 ], [ 78.470249, 17.3840135 ], [ 78.4701819, 17.3840301 ], [ 78.4697535, 17.3841027 ] ] } },
{ "type": "Feature", "properties": { "road_id": "OSM-WAY-280703104", "road_name": "", "road_class": "service", "source": "real:osm", "confidence": 1.0, "attribution": "© OpenStreetMap contributors" }, "geometry": { "type": "LineString", "coordinates": [ [ 78.4716673, 17.3829854 ], [ 78.4716806, 17.3830502 ], [ 78.4717723, 17.3835799 ], [ 78.4718147, 17.3837696 ], [ 78.4718301, 17.3838151 ], [ 78.4718677, 17.383849 ], [ 78.4718972, 17.3838631 ], [ 78.4719401, 17.3838695 ], [ 78.472275, 17.3838206 ] ] } },
{ "type": "Feature", "properties": { "road_id": "OSM-WAY-280703107", "road_name": "", "road_class": "residential", "source": "real:osm", "confidence": 1.0, "attribution": "© OpenStreetMap contributors" }, "geometry": { "type": "LineString", "coordinates": [ [ 78.4731479, 17.3835167 ], [ 78.4730903, 17.3834579 ], [ 78.4728478, 17.3831945 ], [ 78.4728038, 17.3831054 ], [ 78.472791, 17.3830696 ], [ 78.4727271, 17.3828232 ] ] } },
{ "type": "Feature", "properties": { "road_id": "OSM-WAY-280708840", "road_name": "", "road_class": "service", "source": "real:osm", "confidence": 1.0, "attribution": "© OpenStreetMap contributors" }, "geometry": { "type": "LineString", "coordinates": [ [ 78.4698337, 17.3847862 ], [ 78.4699082, 17.3851714 ], [ 78.4699633, 17.3854562 ], [ 78.4700009, 17.3856509 ] ] } },
{ "type": "Feature", "properties": { "road_id": "OSM-WAY-280708845", "road_name": "", "road_class": "service", "source": "real:osm", "confidence": 1.0, "attribution": "© OpenStreetMap contributors" }, "geometry": { "type": "LineString", "coordinates": [ [ 78.4715129, 17.385208 ], [ 78.4713926, 17.3848413 ], [ 78.4713403, 17.3846818 ], [ 78.4713034, 17.3845529 ] ] } },
{ "type": "Feature", "properties": { "road_id": "OSM-WAY-280708846", "road_name": "", "road_class": "residential", "source": "real:osm", "confidence": 1.0, "attribution": "© OpenStreetMap contributors" }, "geometry": { "type": "LineString", "coordinates": [ [ 78.4671552, 17.3848868 ], [ 78.4671443, 17.3848523 ], [ 78.4669815, 17.3843333 ] ] } },
{ "type": "Feature", "properties": { "road_id": "OSM-WAY-280708855", "road_name": "", "road_class": "service", "source": "real:osm", "confidence": 1.0, "attribution": "© OpenStreetMap contributors" }, "geometry": { "type": "LineString", "coordinates": [ [ 78.4714047, 17.3852776 ], [ 78.4712716, 17.384864 ], [ 78.47122, 17.3847036 ], [ 78.4711863, 17.3845724 ] ] } },
{ "type": "Feature", "properties": { "road_id": "OSM-WAY-280708865", "road_name": "", "road_class": "service", "source": "real:osm", "confidence": 1.0, "attribution": "© OpenStreetMap contributors" }, "geometry": { "type": "LineString", "coordinates": [ [ 78.469737, 17.3848537 ], [ 78.4697999, 17.3851905 ], [ 78.4698488, 17.3854348 ], [ 78.4698547, 17.385584 ] ] } },
{ "type": "Feature", "properties": { "road_id": "OSM-WAY-280708883", "road_name": "", "road_class": "service", "source": "real:osm", "confidence": 1.0, "attribution": "© OpenStreetMap contributors" }, "geometry": { "type": "LineString", "coordinates": [ [ 78.4701326, 17.3847394 ], [ 78.4702083, 17.3851246 ], [ 78.4702981, 17.385634 ] ] } },
{ "type": "Feature", "properties": { "road_id": "OSM-WAY-280708888", "road_name": "", "road_class": "service", "source": "real:osm", "confidence": 1.0, "attribution": "© OpenStreetMap contributors" }, "geometry": { "type": "LineString", "coordinates": [ [ 78.4705579, 17.38467 ], [ 78.4705873, 17.3849311 ], [ 78.4706872, 17.3857613 ] ] } },
{ "type": "Feature", "properties": { "road_id": "OSM-WAY-280708908", "road_name": "", "road_class": "service", "source": "real:osm", "confidence": 1.0, "attribution": "© OpenStreetMap contributors" }, "geometry": { "type": "LineString", "coordinates": [ [ 78.4717504, 17.3850797 ], [ 78.4716724, 17.3847862 ], [ 78.4716001, 17.3845035 ] ] } },
{ "type": "Feature", "properties": { "road_id": "OSM-WAY-280708928", "road_name": "", "road_class": "service", "source": "real:osm", "confidence": 1.0, "attribution": "© OpenStreetMap contributors" }, "geometry": { "type": "LineString", "coordinates": [ [ 78.4716472, 17.3851358 ], [ 78.4716376, 17.3851059 ], [ 78.4715432, 17.3848127 ], [ 78.4714977, 17.3846533 ], [ 78.4714667, 17.3845258 ] ] } },
{ "type": "Feature", "properties": { "road_id": "OSM-WAY-280708946", "road_name": "", "road_class": "residential", "source": "real:osm", "confidence": 1.0, "attribution": "© OpenStreetMap contributors" }, "geometry": { "type": "LineString", "coordinates": [ [ 78.4661727, 17.38396 ], [ 78.4670056, 17.3837875 ], [ 78.4670972, 17.3837721 ], [ 78.4671986, 17.3837476 ], [ 78.467542, 17.3836765 ], [ 78.4677034, 17.3836435 ], [ 78.4678726, 17.3836089 ], [ 78.4679496, 17.3835988 ], [ 78.467961, 17.3835956 ], [ 78.4679711, 17.3835853 ], [ 78.4679731, 17.3835681 ], [ 78.4679235, 17.3832289 ] ] } },
{ "type": "Feature", "properties": { "road_id": "OSM-WAY-280708948", "road_name": "", "road_class": "service", "source": "real:osm", "confidence": 1.0, "attribution": "© OpenStreetMap contributors" }, "geometry": { "type": "LineString", "coordinates": [ [ 78.4704875, 17.3855934 ], [ 78.4704135, 17.3850889 ], [ 78.4703335, 17.3847066 ] ] } },
{ "type": "Feature", "properties": { "road_id": "OSM-WAY-280708952", "road_name": "", "road_class": "residential", "source": "real:osm", "confidence": 1.0, "attribution": "© OpenStreetMap contributors" }, "geometry": { "type": "LineString", "coordinates": [ [ 78.467542, 17.3836765 ], [ 78.4675749, 17.3838351 ], [ 78.46761, 17.3840119 ], [ 78.4676497, 17.3842096 ], [ 78.4677212, 17.3844252 ] ] } },
{ "type": "Feature", "properties": { "road_id": "OSM-WAY-280708959", "road_name": "", "road_class": "living_street", "source": "real:osm", "confidence": 1.0, "attribution": "© OpenStreetMap contributors" }, "geometry": { "type": "LineString", "coordinates": [ [ 78.4677963, 17.3847204 ], [ 78.4677975, 17.3847366 ], [ 78.467858, 17.3851145 ], [ 78.4678686, 17.3852283 ] ] } },
{ "type": "Feature", "properties": { "road_id": "OSM-WAY-280708966", "road_name": "", "road_class": "service", "source": "real:osm", "confidence": 1.0, "attribution": "© OpenStreetMap contributors" }, "geometry": { "type": "LineString", "coordinates": [ [ 78.4699495, 17.384761 ], [ 78.4700278, 17.385148 ], [ 78.470096, 17.3854856 ], [ 78.4700994, 17.3855022 ], [ 78.4701425, 17.3857156 ] ] } },
{ "type": "Feature", "properties": { "road_id": "OSM-WAY-280708997", "road_name": "", "road_class": "residential", "source": "real:osm", "confidence": 1.0, "attribution": "© OpenStreetMap contributors" }, "geometry": { "type": "LineString", "coordinates": [ [ 78.4673907, 17.3846083 ], [ 78.4672908, 17.3842254 ], [ 78.4671986, 17.3837476 ] ] } },
{ "type": "Feature", "properties": { "road_id": "OSM-WAY-280709001", "road_name": "", "road_class": "service", "source": "real:osm", "confidence": 1.0, "attribution": "© OpenStreetMap contributors" }, "geometry": { "type": "LineString", "coordinates": [ [ 78.4722083, 17.3844086 ], [ 78.4721838, 17.3841261 ], [ 78.4721868, 17.3840822 ], [ 78.4721999, 17.3840592 ], [ 78.4722197, 17.3840506 ], [ 78.4722811, 17.3840342 ], [ 78.4722965, 17.3840358 ], [ 78.4723153, 17.3840448 ], [ 78.4723236, 17.3840544 ], [ 78.472328, 17.384073 ], [ 78.4723643, 17.3844237 ] ] } },
{ "type": "Feature", "properties": { "road_id": "OSM-WAY-280709033", "road_name": "", "road_class": "residential", "source": "real:osm", "confidence": 1.0, "attribution": "© OpenStreetMap contributors" }, "geometry": { "type": "LineString", "coordinates": [ [ 78.4664356, 17.3850589 ], [ 78.4669908, 17.3849306 ], [ 78.4671552, 17.3848868 ], [ 78.4675862, 17.3847466 ], [ 78.4677807, 17.3847078 ], [ 78.4677929, 17.3847145 ], [ 78.4677963, 17.3847204 ] ] } },
{ "type": "Feature", "properties": { "road_id": "OSM-WAY-280711657", "road_name": "", "road_class": "service", "source": "real:osm", "confidence": 1.0, "attribution": "© OpenStreetMap contributors" }, "geometry": { "type": "LineString", "coordinates": [ [ 78.4718146, 17.3844512 ], [ 78.4719819, 17.3844334 ], [ 78.4722083, 17.3844086 ], [ 78.4722862, 17.3844069 ], [ 78.4723643, 17.3844237 ], [ 78.472402, 17.384441 ], [ 78.4724992, 17.3844794 ] ] } },
{ "type": "Feature", "properties": { "road_id": "OSM-WAY-280711663", "road_name": "", "road_class": "service", "source": "real:osm", "confidence": 1.0, "attribution": "© OpenStreetMap contributors" }, "geometry": { "type": "LineString", "coordinates": [ [ 78.4696393, 17.3849337 ], [ 78.46962, 17.3848825 ], [ 78.4695643, 17.3848594 ], [ 78.4694785, 17.384862 ], [ 78.469388, 17.3848671 ], [ 78.4690319, 17.3849324 ], [ 78.4689447, 17.3849733 ], [ 78.4688763, 17.3851058 ] ] } },
{ "type": "Feature", "properties": { "road_id": "OSM-WAY-281244017", "road_name": "", "road_class": "tertiary", "source": "real:osm", "confidence": 1.0, "attribution": "© OpenStreetMap contributors" }, "geometry": { "type": "LineString", "coordinates": [ [ 78.4633294, 17.3847424 ], [ 78.4632552, 17.3847035 ], [ 78.462928, 17.384509 ], [ 78.4627872, 17.3843715 ], [ 78.4625871, 17.3841425 ], [ 78.462535, 17.3840841 ], [ 78.4624635, 17.3839705 ], [ 78.4622824, 17.3836126 ], [ 78.4622403, 17.3835238 ], [ 78.4622089, 17.3834892 ], [ 78.4621741, 17.3834274 ], [ 78.4621614, 17.3834088 ], [ 78.4621411, 17.3833598 ], [ 78.4621164, 17.3833052 ], [ 78.4621065, 17.3832803 ], [ 78.4620352, 17.3831357 ], [ 78.4620128, 17.3830903 ], [ 78.4618115, 17.3823986 ] ] } },
{ "type": "Feature", "properties": { "road_id": "OSM-WAY-281244018", "road_name": "", "road_class": "residential", "source": "real:osm", "confidence": 1.0, "attribution": "© OpenStreetMap contributors" }, "geometry": { "type": "LineString", "coordinates": [ [ 78.4610377, 17.3849917 ], [ 78.4610434, 17.3850846 ], [ 78.4610838, 17.3851798 ], [ 78.4611659, 17.3853049 ], [ 78.4612113, 17.385331 ], [ 78.4612866, 17.3853353 ], [ 78.4614796, 17.3852893 ], [ 78.4616526, 17.3852316 ], [ 78.4617824, 17.3851645 ], [ 78.4618997, 17.3851253 ], [ 78.4620578, 17.385087 ], [ 78.4620331, 17.384935 ] ] } },
{ "type": "Feature", "properties": { "road_id": "OSM-WAY-281244019", "road_name": "", "road_class": "residential", "source": "real:osm", "confidence": 1.0, "attribution": "© OpenStreetMap contributors" }, "geometry": { "type": "LineString", "coordinates": [ [ 78.4609345, 17.3849687 ], [ 78.4606354, 17.3851841 ], [ 78.4603892, 17.3852386 ], [ 78.460448, 17.385468 ], [ 78.4606878, 17.3860143 ], [ 78.4610677, 17.3858752 ], [ 78.4614991, 17.3856932 ], [ 78.461752, 17.3854555 ], [ 78.4618864, 17.385377 ], [ 78.4619584, 17.3853101 ], [ 78.4619944, 17.3852684 ], [ 78.462108, 17.3851785 ], [ 78.4620578, 17.385087 ] ] } },
{ "type": "Feature", "properties": { "road_id": "OSM-WAY-281244020", "road_name": "", "road_class": "residential", "source": "real:osm", "confidence": 1.0, "attribution": "© OpenStreetMap contributors" }, "geometry": { "type": "LineString", "coordinates": [ [ 78.4625871, 17.3841425 ], [ 78.4623082, 17.3842059 ], [ 78.4618085, 17.3843157 ], [ 78.4615888, 17.3843555 ], [ 78.4612304, 17.3843988 ], [ 78.4611838, 17.3844448 ], [ 78.4611677, 17.3845062 ], [ 78.4612017, 17.3848232 ], [ 78.4613678, 17.384832 ], [ 78.4613955, 17.3848557 ], [ 78.4614097, 17.3849081 ], [ 78.4614325, 17.3849453 ], [ 78.461484, 17.3849621 ], [ 78.4617208, 17.3849517 ], [ 78.4617813, 17.3849427 ], [ 78.461878, 17.3849032 ], [ 78.4619788, 17.3849009 ], [ 78.462014, 17.3849081 ], [ 78.4620331, 17.384935 ] ] } },
{ "type": "Feature", "properties": { "road_id": "OSM-WAY-281244021", "road_name": "", "road_class": "residential", "source": "real:osm", "confidence": 1.0, "attribution": "© OpenStreetMap contributors" }, "geometry": { "type": "LineString", "coordinates": [ [ 78.4614902, 17.3829152 ], [ 78.4613353, 17.3824218 ] ] } },
{ "type": "Feature", "properties": { "road_id": "OSM-WAY-281244023", "road_name": "", "road_class": "residential", "source": "real:osm", "confidence": 1.0, "attribution": "© OpenStreetMap contributors" }, "geometry": { "type": "LineString", "coordinates": [ [ 78.461878, 17.3849032 ], [ 78.4618085, 17.3843157 ] ] } },
{ "type": "Feature", "properties": { "road_id": "OSM-WAY-281244026", "road_name": "", "road_class": "residential", "source": "real:osm", "confidence": 1.0, "attribution": "© OpenStreetMap contributors" }, "geometry": { "type": "LineString", "coordinates": [ [ 78.4634717, 17.3845518 ], [ 78.4634246, 17.3835343 ], [ 78.4634288, 17.3829306 ], [ 78.4634219, 17.3825824 ] ] } },
{ "type": "Feature", "properties": { "road_id": "OSM-WAY-281244028", "road_name": "", "road_class": "residential", "source": "real:osm", "confidence": 1.0, "attribution": "© OpenStreetMap contributors" }, "geometry": { "type": "LineString", "coordinates": [ [ 78.4613242, 17.3829782 ], [ 78.4613703, 17.3831378 ], [ 78.4613714, 17.3831968 ], [ 78.4613532, 17.38324 ], [ 78.4612921, 17.3833562 ], [ 78.4612745, 17.3833974 ], [ 78.4612738, 17.3834403 ], [ 78.4613629, 17.3840111 ] ] } },
{ "type": "Feature", "properties": { "road_id": "OSM-WAY-281244029", "road_name": "", "road_class": "residential", "source": "real:osm", "confidence": 1.0, "attribution": "© OpenStreetMap contributors" }, "geometry": { "type": "LineString", "coordinates": [ [ 78.4612017, 17.3848232 ], [ 78.4611142, 17.3848329 ], [ 78.4610822, 17.3848475 ], [ 78.4610584, 17.3848828 ], [ 78.4610377, 17.3849917 ], [ 78.4609345, 17.3849687 ] ] } },
{ "type": "Feature", "properties": { "road_id": "OSM-WAY-281244030", "road_name": "", "road_class": "residential", "source": "real:osm", "confidence": 1.0, "attribution": "© OpenStreetMap contributors" }, "geometry": { "type": "LineString", "coordinates": [ [ 78.4632552, 17.3847035 ], [ 78.4627439, 17.3849542 ] ] } },
{ "type": "Feature", "properties": { "road_id": "OSM-WAY-281244031", "road_name": "", "road_class": "residential", "source": "real:osm", "confidence": 1.0, "attribution": "© OpenStreetMap contributors" }, "geometry": { "type": "LineString", "coordinates": [ [ 78.4622941, 17.3846155 ], [ 78.4623573, 17.3845906 ], [ 78.4626155, 17.384459 ], [ 78.4627872, 17.3843715 ] ] } },
{ "type": "Feature", "properties": { "road_id": "OSM-WAY-281244032", "road_name": "", "road_class": "residential", "source": "real:osm", "confidence": 1.0, "attribution": "© OpenStreetMap contributors" }, "geometry": { "type": "LineString", "coordinates": [ [ 78.4638247, 17.3844595 ], [ 78.4639945, 17.3842858 ], [ 78.4641722, 17.3840705 ], [ 78.464292, 17.3839119 ], [ 78.4644753, 17.3836416 ], [ 78.4647533, 17.3831681 ], [ 78.4649914, 17.3827714 ] ] } },
{ "type": "Feature", "properties": { "road_id": "OSM-WAY-281244033", "road_name": "", "road_class": "residential", "source": "real:osm", "confidence": 1.0, "attribution": "© OpenStreetMap contributors" }, "geometry": { "type": "LineString", "coordinates": [ [ 78.4624635, 17.3839705 ], [ 78.4626968, 17.3837935 ], [ 78.4630467, 17.3834904 ], [ 78.463286, 17.3831315 ], [ 78.4634288, 17.3829306 ] ] } },
{ "type": "Feature", "properties": { "road_id": "OSM-WAY-281244535", "road_name": "", "road_class": "residential", "source": "real:osm", "confidence": 1.0, "attribution": "© OpenStreetMap contributors" }, "geometry": { "type": "LineString", "coordinates": [ [ 78.4627504, 17.3805687 ], [ 78.4627953, 17.381441 ], [ 78.4628248, 17.3820144 ], [ 78.4628564, 17.3824973 ] ] } },
{ "type": "Feature", "properties": { "road_id": "OSM-WAY-281244536", "road_name": "", "road_class": "residential", "source": "real:osm", "confidence": 1.0, "attribution": "© OpenStreetMap contributors" }, "geometry": { "type": "LineString", "coordinates": [ [ 78.4632803, 17.3825546 ], [ 78.463257, 17.3820229 ], [ 78.463257, 17.3818177 ], [ 78.4632515, 17.3805416 ] ] } },
{ "type": "Feature", "properties": { "road_id": "OSM-WAY-281244545", "road_name": "", "road_class": "residential", "source": "real:osm", "confidence": 1.0, "attribution": "© OpenStreetMap contributors" }, "geometry": { "type": "LineString", "coordinates": [ [ 78.4623519, 17.3824656 ], [ 78.4622803, 17.3814422 ], [ 78.4622793, 17.381415 ], [ 78.4622426, 17.3805961 ] ] } },
{ "type": "Feature", "properties": { "road_id": "OSM-WAY-281244547", "road_name": "", "road_class": "residential", "source": "real:osm", "confidence": 1.0, "attribution": "© OpenStreetMap contributors" }, "geometry": { "type": "LineString", "coordinates": [ [ 78.4586342, 17.3846758 ], [ 78.4588487, 17.3848454 ], [ 78.459112, 17.3850977 ] ] } },
{ "type": "Feature", "properties": { "road_id": "OSM-WAY-281244549", "road_name": "", "road_class": "residential", "source": "real:osm", "confidence": 1.0, "attribution": "© OpenStreetMap contributors" }, "geometry": { "type": "LineString", "coordinates": [ [ 78.4648581, 17.3817619 ], [ 78.4649345, 17.3812216 ], [ 78.4650215, 17.3811722 ] ] } },
{ "type": "Feature", "properties": { "road_id": "OSM-WAY-281244552", "road_name": "", "road_class": "residential", "source": "real:osm", "confidence": 1.0, "attribution": "© OpenStreetMap contributors" }, "geometry": { "type": "LineString", "coordinates": [ [ 78.46418, 17.38266 ], [ 78.4641789, 17.3835234 ], [ 78.4647267, 17.3827175 ] ] } },
{ "type": "Feature", "properties": { "road_id": "OSM-WAY-281244554", "road_name": "", "road_class": "residential", "source": "real:osm", "confidence": 1.0, "attribution": "© OpenStreetMap contributors" }, "geometry": { "type": "LineString", "coordinates": [ [ 78.4645705, 17.3817756 ], [ 78.4646277, 17.3814464 ] ] } },
{ "type": "Feature", "properties": { "road_id": "OSM-WAY-281244555", "road_name": "", "road_class": "residential", "source": "real:osm", "confidence": 1.0, "attribution": "© OpenStreetMap contributors" }, "geometry": { "type": "LineString", "coordinates": [ [ 78.4645705, 17.3817756 ], [ 78.4648581, 17.3817619 ], [ 78.4647267, 17.3827175 ] ] } },
{ "type": "Feature", "properties": { "road_id": "OSM-WAY-281244558", "road_name": "", "road_class": "residential", "source": "real:osm", "confidence": 1.0, "attribution": "© OpenStreetMap contributors" }, "geometry": { "type": "LineString", "coordinates": [ [ 78.4620535, 17.3783453 ], [ 78.4621202, 17.3786131 ], [ 78.4621835, 17.3788671 ], [ 78.462251, 17.3791697 ] ] } },
{ "type": "Feature", "properties": { "road_id": "OSM-WAY-281244559", "road_name": "", "road_class": "residential", "source": "real:osm", "confidence": 1.0, "attribution": "© OpenStreetMap contributors" }, "geometry": { "type": "LineString", "coordinates": [ [ 78.4593738, 17.3849401 ], [ 78.4590779, 17.3845968 ], [ 78.4593753, 17.3843453 ] ] } },
{ "type": "Feature", "properties": { "road_id": "OSM-WAY-281244561", "road_name": "", "road_class": "residential", "source": "real:osm", "confidence": 1.0, "attribution": "© OpenStreetMap contributors" }, "geometry": { "type": "LineString", "coordinates": [ [ 78.4624182, 17.3795285 ], [ 78.462251, 17.3791697 ] ] } },
{ "type": "Feature", "properties": { "road_id": "OSM-WAY-281244563", "road_name": "", "road_class": "residential", "source": "real:osm", "confidence": 1.0, "attribution": "© OpenStreetMap contributors" }, "geometry": { "type": "LineString", "coordinates": [ [ 78.4641789, 17.3835234 ], [ 78.464176, 17.383571 ], [ 78.4641525, 17.3836521 ], [ 78.46382, 17.3836327 ] ] } },
{ "type": "Feature", "properties": { "road_id": "OSM-WAY-281244567", "road_name": "", "road_class": "residential", "source": "real:osm", "confidence": 1.0, "attribution": "© OpenStreetMap contributors" }, "geometry": { "type": "LineString", "coordinates": [ [ 78.4594834, 17.3841505 ], [ 78.4595423, 17.3842429 ], [ 78.4596705, 17.3844734 ], [ 78.4597073, 17.3845746 ], [ 78.4597075, 17.3846736 ], [ 78.4596461, 17.3849639 ], [ 78.4595987, 17.3852121 ] ] } },
{ "type": "Feature", "properties": { "road_id": "OSM-WAY-281244568", "road_name": "", "road_class": "residential", "source": "real:osm", "confidence": 1.0, "attribution": "© OpenStreetMap contributors" }, "geometry": { "type": "LineString", "coordinates": [ [ 78.4595423, 17.3842429 ], [ 78.4594194, 17.3843088 ], [ 78.4594032, 17.3843336 ], [ 78.45941, 17.3843745 ], [ 78.4594737, 17.3844563 ], [ 78.4594801, 17.3845127 ], [ 78.4594571, 17.3847037 ], [ 78.459464, 17.3848025 ], [ 78.4594596, 17.3848414 ], [ 78.4594415, 17.3848746 ] ] } },
{ "type": "Feature", "properties": { "road_id": "OSM-WAY-281244569", "road_name": "", "road_class": "residential", "source": "real:osm", "confidence": 1.0, "attribution": "© OpenStreetMap contributors" }, "geometry": { "type": "LineString", "coordinates": [ [ 78.4649345, 17.3812216 ], [ 78.4644608, 17.3811152 ], [ 78.4644232, 17.381078 ], [ 78.464375, 17.3810287 ], [ 78.4643454, 17.380929 ], [ 78.4642301, 17.3805715 ], [ 78.4641211, 17.3803332 ], [ 78.4639464, 17.3797527 ], [ 78.4642359, 17.3796238 ] ] } },
{ "type": "Feature", "properties": { "road_id": "OSM-WAY-281244570", "road_name": "", "road_class": "residential", "source": "real:osm", "confidence": 1.0, "attribution": "© OpenStreetMap contributors" }, "geometry": { "type": "LineString", "coordinates": [ [ 78.4655176, 17.3859292 ], [ 78.4655109, 17.3858721 ], [ 78.4654925, 17.3857921 ], [ 78.4654675, 17.3856598 ], [ 78.4654716, 17.385606 ], [ 78.4654676, 17.3855851 ], [ 78.4654054, 17.385294 ], [ 78.4653821, 17.3851315 ], [ 78.46533, 17.384935 ] ] } },
{ "type": "Feature", "properties": { "road_id": "OSM-WAY-281244571", "road_name": "", "road_class": "residential", "source": "real:osm", "confidence": 1.0, "attribution": "© OpenStreetMap contributors" }, "geometry": { "type": "LineString", "coordinates": [ [ 78.4637821, 17.3818428 ], [ 78.4641394, 17.3818442 ] ] } },
{ "type": "Feature", "properties": { "road_id": "OSM-WAY-281244573", "road_name": "", "road_class": "residential", "source": "real:osm", "confidence": 1.0, "attribution": "© OpenStreetMap contributors" }, "geometry": { "type": "LineString", "coordinates": [ [ 78.4595242, 17.3837941 ], [ 78.4596516, 17.3838293 ], [ 78.4597488, 17.3838464 ], [ 78.4598723, 17.3839133 ], [ 78.4599798, 17.3840512 ], [ 78.4600787, 17.3841821 ] ] } },
{ "type": "Feature", "properties": { "road_id": "OSM-WAY-281244577", "road_name": "", "road_class": "residential", "source": "real:osm", "confidence": 1.0, "attribution": "© OpenStreetMap contributors" }, "geometry": { "type": "LineString", "coordinates": [ [ 78.4634246, 17.3835343 ], [ 78.4638192, 17.3835343 ] ] } },
{ "type": "Feature", "properties": { "road_id": "OSM-WAY-281244584", "road_name": "", "road_class": "residential", "source": "real:osm", "confidence": 1.0, "attribution": "© OpenStreetMap contributors" }, "geometry": { "type": "LineString", "coordinates": [ [ 78.463127, 17.3800356 ], [ 78.4637603, 17.3801416 ] ] } },
{ "type": "Feature", "properties": { "road_id": "OSM-WAY-281244585", "road_name": "", "road_class": "residential", "source": "real:osm", "confidence": 1.0, "attribution": "© OpenStreetMap contributors" }, "geometry": { "type": "LineString", "coordinates": [ [ 78.4603458, 17.3840889 ], [ 78.4602426, 17.3845981 ], [ 78.4601719, 17.3849209 ] ] } },
{ "type": "Feature", "properties": { "road_id": "OSM-WAY-281245664", "road_name": "", "road_class": "tertiary", "source": "real:osm", "confidence": 1.0, "attribution": "© OpenStreetMap contributors" }, "geometry": { "type": "LineString", "coordinates": [ [ 78.4570897, 17.3772006 ], [ 78.4573494, 17.377315 ], [ 78.4582459, 17.3775564 ], [ 78.4584429, 17.3775972 ], [ 78.4589163, 17.3777051 ], [ 78.4591109, 17.3777478 ], [ 78.4594993, 17.377863 ], [ 78.4597215, 17.3778912 ], [ 78.4599244, 17.3778862 ], [ 78.4600151, 17.3778779 ], [ 78.4600932, 17.3778669 ], [ 78.4601837, 17.3778541 ], [ 78.4604044, 17.3778008 ], [ 78.4605474, 17.3777462 ], [ 78.4607606, 17.3776837 ] ] } },
{ "type": "Feature", "properties": { "road_id": "OSM-WAY-281245667", "road_name": "", "road_class": "residential", "source": "real:osm", "confidence": 1.0, "attribution": "© OpenStreetMap contributors" }, "geometry": { "type": "LineString", "coordinates": [ [ 78.4564705, 17.3814344 ], [ 78.4565861, 17.3817097 ], [ 78.4567043, 17.3819273 ] ] } },
{ "type": "Feature", "properties": { "road_id": "OSM-WAY-281245669", "road_name": "", "road_class": "residential", "source": "real:osm", "confidence": 1.0, "attribution": "© OpenStreetMap contributors" }, "geometry": { "type": "LineString", "coordinates": [ [ 78.4568248, 17.3813128 ], [ 78.4569072, 17.3815598 ] ] } },
{ "type": "Feature", "properties": { "road_id": "OSM-WAY-281245671", "road_name": "", "road_class": "residential", "source": "real:osm", "confidence": 1.0, "attribution": "© OpenStreetMap contributors" }, "geometry": { "type": "LineString", "coordinates": [ [ 78.458386, 17.3782971 ], [ 78.4584429, 17.3775972 ] ] } },
{ "type": "Feature", "properties": { "road_id": "OSM-WAY-281245672", "road_name": "", "road_class": "residential", "source": "real:osm", "confidence": 1.0, "attribution": "© OpenStreetMap contributors" }, "geometry": { "type": "LineString", "coordinates": [ [ 78.4546542, 17.3788976 ], [ 78.4551263, 17.3788109 ] ] } },
{ "type": "Feature", "properties": { "road_id": "OSM-WAY-281245675", "road_name": "", "road_class": "residential", "source": "real:osm", "confidence": 1.0, "attribution": "© OpenStreetMap contributors" }, "geometry": { "type": "LineString", "coordinates": [ [ 78.4582593, 17.3782113 ], [ 78.4582276, 17.3787035 ] ] } },
{ "type": "Feature", "properties": { "road_id": "OSM-WAY-281245677", "road_name": "", "road_class": "residential", "source": "real:osm", "confidence": 1.0, "attribution": "© OpenStreetMap contributors" }, "geometry": { "type": "LineString", "coordinates": [ [ 78.455081, 17.3770688 ], [ 78.4557506, 17.3770192 ] ] } },
{ "type": "Feature", "properties": { "road_id": "OSM-WAY-281245678", "road_name": "", "road_class": "residential", "source": "real:osm", "confidence": 1.0, "attribution": "© OpenStreetMap contributors" }, "geometry": { "type": "LineString", "coordinates": [ [ 78.4597215, 17.3778912 ], [ 78.4597409, 17.3783306 ] ] } },
{ "type": "Feature", "properties": { "road_id": "OSM-WAY-281245680", "road_name": "", "road_class": "residential", "source": "real:osm", "confidence": 1.0, "attribution": "© OpenStreetMap contributors" }, "geometry": { "type": "LineString", "coordinates": [ [ 78.4584202, 17.3798011 ], [ 78.4587547, 17.3797877 ] ] } },
{ "type": "Feature", "properties": { "road_id": "OSM-WAY-281245684", "road_name": "", "road_class": "residential", "source": "real:osm", "confidence": 1.0, "attribution": "© OpenStreetMap contributors" }, "geometry": { "type": "LineString", "coordinates": [ [ 78.4580328, 17.3799388 ], [ 78.458209, 17.3799494 ], [ 78.458797, 17.3799657 ] ] } },
{ "type": "Feature", "properties": { "road_id": "OSM-WAY-281245685", "road_name": "", "road_class": "residential", "source": "real:osm", "confidence": 1.0, "attribution": "© OpenStreetMap contributors" }, "geometry": { "type": "LineString", "coordinates": [ [ 78.4543462, 17.3769443 ], [ 78.455068, 17.3769171 ] ] } },
{ "type": "Feature", "properties": { "road_id": "OSM-WAY-281245686", "road_name": "", "road_class": "residential", "source": "real:osm", "confidence": 1.0, "attribution": "© OpenStreetMap contributors" }, "geometry": { "type": "LineString", "coordinates": [ [ 78.4545291, 17.3834388 ], [ 78.4550831, 17.3835263 ], [ 78.4554266, 17.3835805 ], [ 78.455455, 17.3833576 ] ] } },
{ "type": "Feature", "properties": { "road_id": "OSM-WAY-281245688", "road_name": "", "road_class": "residential", "source": "real:osm", "confidence": 1.0, "attribution": "© OpenStreetMap contributors" }, "geometry": { "type": "LineString", "coordinates": [ [ 78.4554645, 17.3840384 ], [ 78.4558614, 17.3840548 ], [ 78.4559753, 17.3840882 ], [ 78.4562374, 17.3842141 ] ] } },
{ "type": "Feature", "properties": { "road_id": "OSM-WAY-281245692", "road_name": "", "road_class": "residential", "source": "real:osm", "confidence": 1.0, "attribution": "© OpenStreetMap contributors" }, "geometry": { "type": "LineString", "coordinates": [ [ 78.4556804, 17.3753827 ], [ 78.4557572, 17.3762384 ], [ 78.4557709, 17.3764126 ], [ 78.4557576, 17.3764396 ], [ 78.4557294, 17.3764459 ] ] } },
{ "type": "Feature", "properties": { "road_id": "OSM-WAY-281245695", "road_name": "", "road_class": "residential", "source": "real:osm", "confidence": 1.0, "attribution": "© OpenStreetMap contributors" }, "geometry": { "type": "LineString", "coordinates": [ [ 78.4603399, 17.3770161 ], [ 78.4602857, 17.3770353 ], [ 78.460249, 17.3770663 ], [ 78.4602399, 17.3771372 ], [ 78.4604044, 17.3778008 ], [ 78.4605303, 17.3782454 ], [ 78.460267, 17.378289 ] ] } },
{ "type": "Feature", "properties": { "road_id": "OSM-WAY-281245697", "road_name": "", "road_class": "residential", "source": "real:osm", "confidence": 1.0, "attribution": "© OpenStreetMap contributors" }, "geometry": { "type": "LineString", "coordinates": [ [ 78.4588691, 17.3801118 ], [ 78.458797, 17.3799657 ], [ 78.4587547, 17.3797877 ], [ 78.4586987, 17.3794873 ] ] } },
{ "type": "Feature", "properties": { "road_id": "OSM-WAY-281245698", "road_name": "", "road_class": "residential", "source": "real:osm", "confidence": 1.0, "attribution": "© OpenStreetMap contributors" }, "geometry": { "type": "LineString", "coordinates": [ [ 78.4568014, 17.3822439 ], [ 78.4567043, 17.3819273 ], [ 78.4573706, 17.3817178 ] ] } },
{ "type": "Feature", "properties": { "road_id": "OSM-WAY-281245699", "road_name": "", "road_class": "residential", "source": "real:osm", "confidence": 1.0, "attribution": "© OpenStreetMap contributors" }, "geometry": { "type": "LineString", "coordinates": [ [ 78.4582459, 17.3775564 ], [ 78.4582564, 17.3772302 ], [ 78.4582571, 17.3771226 ], [ 78.4582896, 17.3770654 ], [ 78.458514, 17.3768372 ], [ 78.4585552, 17.3768064 ], [ 78.4586105, 17.3767924 ], [ 78.4587795, 17.3767885 ], [ 78.4588642, 17.3767741 ], [ 78.4592897, 17.3767221 ], [ 78.4596773, 17.3766909 ], [ 78.4598029, 17.376697 ], [ 78.4599166, 17.3766716 ], [ 78.4600465, 17.3766236 ], [ 78.4600624, 17.3766147 ], [ 78.4602239, 17.3765245 ], [ 78.460522, 17.3764309 ] ] } },
{ "type": "Feature", "properties": { "road_id": "OSM-WAY-281245702", "road_name": "", "road_class": "residential", "source": "real:osm", "confidence": 1.0, "attribution": "© OpenStreetMap contributors" }, "geometry": { "type": "LineString", "coordinates": [ [ 78.4578172, 17.3801912 ], [ 78.4579862, 17.3800348 ], [ 78.4580169, 17.379991 ], [ 78.4580328, 17.3799388 ], [ 78.4580448, 17.3797675 ], [ 78.4580369, 17.3794806 ], [ 78.4580178, 17.3793251 ], [ 78.4579721, 17.3790458 ], [ 78.4579428, 17.3790036 ], [ 78.4578989, 17.378983 ], [ 78.4577957, 17.3789768 ] ] } },
{ "type": "Feature", "properties": { "road_id": "OSM-WAY-281245704", "road_name": "", "road_class": "residential", "source": "real:osm", "confidence": 1.0, "attribution": "© OpenStreetMap contributors" }, "geometry": { "type": "LineString", "coordinates": [ [ 78.4580863, 17.375483 ], [ 78.4581465, 17.376005 ], [ 78.4581905, 17.3763606 ], [ 78.4582037, 17.3764886 ], [ 78.4582169, 17.3765761 ] ] } },
{ "type": "Feature", "properties": { "road_id": "OSM-WAY-281245705", "road_name": "", "road_class": "residential", "source": "real:osm", "confidence": 1.0, "attribution": "© OpenStreetMap contributors" }, "geometry": { "type": "LineString", "coordinates": [ [ 78.4545036, 17.3829026 ], [ 78.4555157, 17.3830767 ], [ 78.4560129, 17.383164 ], [ 78.4569899, 17.3833518 ] ] } },
{ "type": "Feature", "properties": { "road_id": "OSM-WAY-281245710", "road_name": "", "road_class": "residential", "source": "real:osm", "confidence": 1.0, "attribution": "© OpenStreetMap contributors" }, "geometry": { "type": "LineString", "coordinates": [ [ 78.4581929, 17.380233 ], [ 78.4588691, 17.3801118 ], [ 78.4589946, 17.3803591 ], [ 78.4590995, 17.3805529 ] ] } },
{ "type": "Feature", "properties": { "road_id": "OSM-WAY-281245711", "road_name": "", "road_class": "residential", "source": "real:osm", "confidence": 1.0, "attribution": "© OpenStreetMap contributors" }, "geometry": { "type": "LineString", "coordinates": [ [ 78.4570234, 17.3761551 ], [ 78.4570746, 17.3763326 ], [ 78.4573598, 17.377142 ] ] } },
{ "type": "Feature", "properties": { "road_id": "OSM-WAY-281245712", "road_name": "", "road_class": "residential", "source": "real:osm", "confidence": 1.0, "attribution": "© OpenStreetMap contributors" }, "geometry": { "type": "LineString", "coordinates": [ [ 78.4589988, 17.3806296 ], [ 78.4582366, 17.3806091 ], [ 78.458185, 17.3805757 ], [ 78.458177, 17.3805246 ], [ 78.4581929, 17.380233 ], [ 78.458209, 17.3799494 ] ] } },
{ "type": "Feature", "properties": { "road_id": "OSM-WAY-281245713", "road_name": "", "road_class": "residential", "source": "real:osm", "confidence": 1.0, "attribution": "© OpenStreetMap contributors" }, "geometry": { "type": "LineString", "coordinates": [ [ 78.4578858, 17.3779819 ], [ 78.457856, 17.3783131 ], [ 78.4577608, 17.3786329 ], [ 78.4577957, 17.3789768 ], [ 78.4577726, 17.379101 ] ] } },
{ "type": "Feature", "properties": { "road_id": "OSM-WAY-281245715", "road_name": "", "road_class": "residential", "source": "real:osm", "confidence": 1.0, "attribution": "© OpenStreetMap contributors" }, "geometry": { "type": "LineString", "coordinates": [ [ 78.4576659, 17.3806681 ], [ 78.4576729, 17.3805307 ], [ 78.4577661, 17.3802839 ], [ 78.4578172, 17.3801912 ], [ 78.4577899, 17.380118 ], [ 78.4577613, 17.3797714 ], [ 78.4577474, 17.3795709 ] ] } },
{ "type": "Feature", "properties": { "road_id": "OSM-WAY-281245716", "road_name": "", "road_class": "residential", "source": "real:osm", "confidence": 1.0, "attribution": "© OpenStreetMap contributors" }, "geometry": { "type": "LineString", "coordinates": [ [ 78.4545193, 17.3831493 ], [ 78.4551008, 17.3832607 ], [ 78.4551074, 17.383266 ], [ 78.4551092, 17.3832708 ], [ 78.4551062, 17.3833017 ], [ 78.4550831, 17.3835263 ] ] } },
{ "type": "Feature", "properties": { "road_id": "OSM-WAY-281245717", "road_name": "", "road_class": "residential", "source": "real:osm", "confidence": 1.0, "attribution": "© OpenStreetMap contributors" }, "geometry": { "type": "LineString", "coordinates": [ [ 78.4565481, 17.3814026 ], [ 78.4564037, 17.3810577 ], [ 78.4564094, 17.3810147 ], [ 78.456447, 17.3809853 ], [ 78.4566677, 17.3809506 ], [ 78.457065, 17.3808351 ], [ 78.4576659, 17.3806681 ], [ 78.457775, 17.3808068 ], [ 78.4578232, 17.3808608 ], [ 78.4578882, 17.3809196 ], [ 78.4579425, 17.3809704 ] ] } },
{ "type": "Feature", "properties": { "road_id": "OSM-WAY-281245718", "road_name": "", "road_class": "residential", "source": "real:osm", "confidence": 1.0, "attribution": "© OpenStreetMap contributors" }, "geometry": { "type": "LineString", "coordinates": [ [ 78.4566066, 17.383839 ], [ 78.456331, 17.383693 ], [ 78.4562408, 17.3836571 ], [ 78.4561204, 17.3836187 ], [ 78.4560104, 17.3836203 ], [ 78.4559151, 17.3836474 ], [ 78.455854, 17.38365 ], [ 78.4554266, 17.3835805 ], [ 78.4554232, 17.3837994 ], [ 78.4554526, 17.3839947 ], [ 78.4554645, 17.3840384 ], [ 78.4550967, 17.3840087 ], [ 78.4550967, 17.3841454 ] ] } },
{ "type": "Feature", "properties": { "road_id": "OSM-WAY-281245719", "road_name": "", "road_class": "residential", "source": "real:osm", "confidence": 1.0, "attribution": "© OpenStreetMap contributors" }, "geometry": { "type": "LineString", "coordinates": [ [ 78.4564758, 17.3828286 ], [ 78.4561543, 17.3827712 ], [ 78.4561336, 17.382502 ], [ 78.4561048, 17.3822354 ], [ 78.4568014, 17.3822439 ], [ 78.4575658, 17.3822706 ] ] } },
{ "type": "Feature", "properties": { "road_id": "OSM-WAY-281245720", "road_name": "", "road_class": "residential", "source": "real:osm", "confidence": 1.0, "attribution": "© OpenStreetMap contributors" }, "geometry": { "type": "LineString", "coordinates": [ [ 78.4556706, 17.3774718 ], [ 78.4555355, 17.378089 ], [ 78.45551, 17.3782559 ], [ 78.4554695, 17.378401 ], [ 78.4554491, 17.378515 ], [ 78.4554639, 17.3787077 ], [ 78.4555179, 17.3788991 ], [ 78.4555744, 17.3790611 ], [ 78.4556522, 17.3792291 ] ] } },
{ "type": "Feature", "properties": { "road_id": "OSM-WAY-281245722", "road_name": "", "road_class": "residential", "source": "real:osm", "confidence": 1.0, "attribution": "© OpenStreetMap contributors" }, "geometry": { "type": "LineString", "coordinates": [ [ 78.4549994, 17.3765207 ], [ 78.4550308, 17.3766407 ], [ 78.4550506, 17.3767214 ], [ 78.4550642, 17.3768286 ], [ 78.455068, 17.3769171 ], [ 78.455081, 17.3770688 ], [ 78.4550821, 17.3771423 ], [ 78.4550798, 17.3771629 ], [ 78.4550573, 17.3771755 ], [ 78.4544484, 17.37722 ], [ 78.4543935, 17.3772489 ], [ 78.4543525, 17.3772982 ] ] } },
{ "type": "Feature", "properties": { "road_id": "OSM-WAY-281245725", "road_name": "", "road_class": "residential", "source": "real:osm", "confidence": 1.0, "attribution": "© OpenStreetMap contributors" }, "geometry": { "type": "LineString", "coordinates": [ [ 78.4559323, 17.3825871 ], [ 78.4561336, 17.382502 ] ] } },
{ "type": "Feature", "properties": { "road_id": "OSM-WAY-281245726", "road_name": "", "road_class": "residential", "source": "real:osm", "confidence": 1.0, "attribution": "© OpenStreetMap contributors" }, "geometry": { "type": "LineString", "coordinates": [ [ 78.4661005, 17.3818129 ], [ 78.4660813, 17.381373 ], [ 78.4660325, 17.3812035 ] ] } },
{ "type": "Feature", "properties": { "road_id": "OSM-WAY-281245730", "road_name": "", "road_class": "residential", "source": "real:osm", "confidence": 1.0, "attribution": "© OpenStreetMap contributors" }, "geometry": { "type": "LineString", "coordinates": [ [ 78.4673572, 17.3773347 ], [ 78.4673039, 17.3770137 ] ] } },
{ "type": "Feature", "properties": { "road_id": "OSM-WAY-281245734", "road_name": "", "road_class": "residential", "source": "real:osm", "confidence": 1.0, "attribution": "© OpenStreetMap contributors" }, "geometry": { "type": "LineString", "coordinates": [ [ 78.466733, 17.3829386 ], [ 78.466626, 17.3824269 ], [ 78.4665359, 17.3819523 ], [ 78.4665282, 17.3819116 ], [ 78.4664742, 17.3815916 ], [ 78.4664202, 17.3812716 ], [ 78.4663792, 17.3811147 ] ] } },
{ "type": "Feature", "properties": { "road_id": "OSM-WAY-281245735", "road_name": "", "road_class": "residential", "source": "real:osm", "confidence": 1.0, "attribution": "© OpenStreetMap contributors" }, "geometry": { "type": "LineString", "coordinates": [ [ 78.4679884, 17.3800788 ], [ 78.4677964, 17.3801205 ], [ 78.4676173, 17.3801609 ], [ 78.467449, 17.3802023 ], [ 78.4671811, 17.380244 ], [ 78.4671525, 17.3802635 ], [ 78.4671463, 17.3802952 ], [ 78.4672047, 17.3805185 ], [ 78.4672846, 17.3808035 ], [ 78.4674861, 17.3814357 ] ] } },
{ "type": "Feature", "properties": { "road_id": "OSM-WAY-281245736", "road_name": "", "road_class": "residential", "source": "real:osm", "confidence": 1.0, "attribution": "© OpenStreetMap contributors" }, "geometry": { "type": "LineString", "coordinates": [ [ 78.4604976, 17.3796716 ], [ 78.460608, 17.379824 ], [ 78.460657, 17.3798828 ], [ 78.4606887, 17.3799555 ], [ 78.4607365, 17.3800651 ], [ 78.4608677, 17.3805552 ], [ 78.460978, 17.3810152 ] ] } },
{ "type": "Feature", "properties": { "road_id": "OSM-WAY-281245737", "road_name": "", "road_class": "residential", "source": "real:osm", "confidence": 1.0, "attribution": "© OpenStreetMap contributors" }, "geometry": { "type": "LineString", "coordinates": [ [ 78.4672047, 17.3805185 ], [ 78.4670014, 17.3805823 ], [ 78.466988, 17.3805955 ], [ 78.4669869, 17.3806169 ], [ 78.4671804, 17.3811092 ], [ 78.4674577, 17.3817343 ], [ 78.4675394, 17.3816993 ] ] } },
{ "type": "Feature", "properties": { "road_id": "OSM-WAY-281245738", "road_name": "", "road_class": "service", "source": "real:osm", "confidence": 1.0, "attribution": "© OpenStreetMap contributors" }, "geometry": { "type": "LineString", "coordinates": [ [ 78.4671409, 17.3827605 ], [ 78.4671364, 17.382669 ], [ 78.4671245, 17.3824298 ], [ 78.4672179, 17.3822774 ], [ 78.467243, 17.3821888 ], [ 78.4672312, 17.3820916 ], [ 78.4671992, 17.3818412 ], [ 78.4671834, 17.3817657 ] ] } },
{ "type": "Feature", "properties": { "road_id": "OSM-WAY-281246799", "road_name": "", "road_class": "residential", "source": "real:osm", "confidence": 1.0, "attribution": "© OpenStreetMap contributors" }, "geometry": { "type": "LineString", "coordinates": [ [ 78.4612962, 17.371204 ], [ 78.4613314, 17.3715465 ], [ 78.4613503, 17.3717335 ], [ 78.4616809, 17.3725173 ], [ 78.4617958, 17.3727504 ], [ 78.4618621, 17.3729496 ], [ 78.461899, 17.3731557 ], [ 78.4619113, 17.3732595 ], [ 78.4619114, 17.3734393 ], [ 78.4619006, 17.373483 ], [ 78.4618512, 17.3735432 ], [ 78.4618273, 17.3735753 ], [ 78.4618218, 17.3736107 ], [ 78.4618913, 17.3738924 ], [ 78.4619026, 17.3739113 ], [ 78.4619271, 17.3739221 ] ] } },
{ "type": "Feature", "properties": { "road_id": "OSM-WAY-281246801", "road_name": "", "road_class": "residential", "source": "real:osm", "confidence": 1.0, "attribution": "© OpenStreetMap contributors" }, "geometry": { "type": "LineString", "coordinates": [ [ 78.4597092, 17.3696015 ], [ 78.4596271, 17.3700248 ], [ 78.4596465, 17.3704298 ], [ 78.4597702, 17.3710655 ], [ 78.4598147, 17.3711915 ], [ 78.4598686, 17.3713782 ], [ 78.4598777, 17.3715838 ], [ 78.4598852, 17.3717524 ], [ 78.4598633, 17.3720366 ], [ 78.4598523, 17.3721398 ], [ 78.4598603, 17.3723561 ], [ 78.4598782, 17.3725401 ], [ 78.4598441, 17.3725541 ], [ 78.4596591, 17.3726016 ] ] } },
{ "type": "Feature", "properties": { "road_id": "OSM-WAY-281246802", "road_name": "", "road_class": "residential", "source": "real:osm", "confidence": 1.0, "attribution": "© OpenStreetMap contributors" }, "geometry": { "type": "LineString", "coordinates": [ [ 78.4569682, 17.3703133 ], [ 78.4570908, 17.371047 ], [ 78.4572452, 17.3716627 ], [ 78.4572852, 17.3718819 ], [ 78.4573118, 17.3720315 ], [ 78.4573135, 17.3720859 ], [ 78.4572985, 17.3721445 ] ] } },
{ "type": "Feature", "properties": { "road_id": "OSM-WAY-281246803", "road_name": "", "road_class": "residential", "source": "real:osm", "confidence": 1.0, "attribution": "© OpenStreetMap contributors" }, "geometry": { "type": "LineString", "coordinates": [ [ 78.4635785, 17.3743323 ], [ 78.4635289, 17.3740482 ], [ 78.4635076, 17.3738881 ] ] } },
{ "type": "Feature", "properties": { "road_id": "OSM-WAY-281246804", "road_name": "", "road_class": "residential", "source": "real:osm", "confidence": 1.0, "attribution": "© OpenStreetMap contributors" }, "geometry": { "type": "LineString", "coordinates": [ [ 78.4546077, 17.3740998 ], [ 78.4546752, 17.3741023 ], [ 78.45531, 17.3740761 ] ] } },
{ "type": "Feature", "properties": { "road_id": "OSM-WAY-281246805", "road_name": "", "road_class": "residential", "source": "real:osm", "confidence": 1.0, "attribution": "© OpenStreetMap contributors" }, "geometry": { "type": "LineString", "coordinates": [ [ 78.4583623, 17.3746199 ], [ 78.4585864, 17.3746182 ], [ 78.4585659, 17.3742942 ] ] } },
{ "type": "Feature", "properties": { "road_id": "OSM-WAY-281246806", "road_name": "", "road_class": "residential", "source": "real:osm", "confidence": 1.0, "attribution": "© OpenStreetMap contributors" }, "geometry": { "type": "LineString", "coordinates": [ [ 78.4571785, 17.3753079 ], [ 78.4572067, 17.3748032 ] ] } },
{ "type": "Feature", "properties": { "road_id": "OSM-WAY-281246807", "road_name": "", "road_class": "residential", "source": "real:osm", "confidence": 1.0, "attribution": "© OpenStreetMap contributors" }, "geometry": { "type": "LineString", "coordinates": [ [ 78.4552428, 17.372393 ], [ 78.4555281, 17.3726471 ] ] } },
{ "type": "Feature", "properties": { "road_id": "OSM-WAY-281246808", "road_name": "", "road_class": "residential", "source": "real:osm", "confidence": 1.0, "attribution": "© OpenStreetMap contributors" }, "geometry": { "type": "LineString", "coordinates": [ [ 78.4633872, 17.3743752 ], [ 78.4633081, 17.3738741 ], [ 78.4633102, 17.373862 ], [ 78.4633204, 17.3738535 ], [ 78.4633346, 17.3738519 ], [ 78.4633406, 17.3738483 ], [ 78.4633425, 17.3738427 ], [ 78.463333, 17.3737291 ] ] } },
{ "type": "Feature", "properties": { "road_id": "OSM-WAY-281246809", "road_name": "", "road_class": "residential", "source": "real:osm", "confidence": 1.0, "attribution": "© OpenStreetMap contributors" }, "geometry": { "type": "LineString", "coordinates": [ [ 78.4571269, 17.3732634 ], [ 78.4569852, 17.373284 ] ] } },
{ "type": "Feature", "properties": { "road_id": "OSM-WAY-281246810", "road_name": "", "road_class": "residential", "source": "real:osm", "confidence": 1.0, "attribution": "© OpenStreetMap contributors" }, "geometry": { "type": "LineString", "coordinates": [ [ 78.4553887, 17.3722976 ], [ 78.4551755, 17.3719365 ] ] } },
{ "type": "Feature", "properties": { "road_id": "OSM-WAY-281246811", "road_name": "", "road_class": "residential", "source": "real:osm", "confidence": 1.0, "attribution": "© OpenStreetMap contributors" }, "geometry": { "type": "LineString", "coordinates": [ [ 78.4584139, 17.3753248 ], [ 78.4583623, 17.3746199 ] ] } },
{ "type": "Feature", "properties": { "road_id": "OSM-WAY-281246812", "road_name": "", "road_class": "residential", "source": "real:osm", "confidence": 1.0, "attribution": "© OpenStreetMap contributors" }, "geometry": { "type": "LineString", "coordinates": [ [ 78.4636213, 17.3736957 ], [ 78.4638661, 17.3736801 ] ] } },
{ "type": "Feature", "properties": { "road_id": "OSM-WAY-281246813", "road_name": "", "road_class": "residential", "source": "real:osm", "confidence": 1.0, "attribution": "© OpenStreetMap contributors" }, "geometry": { "type": "LineString", "coordinates": [ [ 78.4610308, 17.3720142 ], [ 78.4612879, 17.3718078 ], [ 78.4613503, 17.3717335 ] ] } },
{ "type": "Feature", "properties": { "road_id": "OSM-WAY-281246814", "road_name": "", "road_class": "residential", "source": "real:osm", "confidence": 1.0, "attribution": "© OpenStreetMap contributors" }, "geometry": { "type": "LineString", "coordinates": [ [ 78.4556189, 17.37219 ], [ 78.4557047, 17.3723436 ] ] } },
{ "type": "Feature", "properties": { "road_id": "OSM-WAY-281246815", "road_name": "", "road_class": "residential", "source": "real:osm", "confidence": 1.0, "attribution": "© OpenStreetMap contributors" }, "geometry": { "type": "LineString", "coordinates": [ [ 78.4582086, 17.3700005 ], [ 78.4582142, 17.3703131 ], [ 78.4581497, 17.3705592 ] ] } },
{ "type": "Feature", "properties": { "road_id": "OSM-WAY-281246818", "road_name": "", "road_class": "residential", "source": "real:osm", "confidence": 1.0, "attribution": "© OpenStreetMap contributors" }, "geometry": { "type": "LineString", "coordinates": [ [ 78.4630472, 17.3773548 ], [ 78.4629163, 17.3769762 ], [ 78.4628169, 17.3765468 ], [ 78.4625081, 17.3766223 ], [ 78.4624845, 17.3765995 ], [ 78.4624287, 17.3763388 ], [ 78.4624867, 17.3763263 ], [ 78.4626486, 17.3762915 ] ] } },
{ "type": "Feature", "properties": { "road_id": "OSM-WAY-281246819", "road_name": "", "road_class": "residential", "source": "real:osm", "confidence": 1.0, "attribution": "© OpenStreetMap contributors" }, "geometry": { "type": "LineString", "coordinates": [ [ 78.4639609, 17.3742569 ], [ 78.463925, 17.3739969 ], [ 78.4638661, 17.3736801 ], [ 78.4638415, 17.3734394 ] ] } },
{ "type": "Feature", "properties": { "road_id": "OSM-WAY-281246820", "road_name": "", "road_class": "residential", "source": "real:osm", "confidence": 1.0, "attribution": "© OpenStreetMap contributors" }, "geometry": { "type": "LineString", "coordinates": [ [ 78.4574154, 17.372817 ], [ 78.4576858, 17.3727393 ], [ 78.4577087, 17.3728601 ] ] } },
{ "type": "Feature", "properties": { "road_id": "OSM-WAY-281246821", "road_name": "", "road_class": "residential", "source": "real:osm", "confidence": 1.0, "attribution": "© OpenStreetMap contributors" }, "geometry": { "type": "LineString", "coordinates": [ [ 78.456344, 17.3753397 ], [ 78.4562574, 17.3748656 ], [ 78.4562149, 17.3746185 ], [ 78.4561647, 17.3743469 ] ] } },
{ "type": "Feature", "properties": { "road_id": "OSM-WAY-281246822", "road_name": "", "road_class": "residential", "source": "real:osm", "confidence": 1.0, "attribution": "© OpenStreetMap contributors" }, "geometry": { "type": "LineString", "coordinates": [ [ 78.4564108, 17.3722622 ], [ 78.4572852, 17.3718819 ] ] } },
{ "type": "Feature", "properties": { "road_id": "OSM-WAY-281246823", "road_name": "", "road_class": "residential", "source": "real:osm", "confidence": 1.0, "attribution": "© OpenStreetMap contributors" }, "geometry": { "type": "LineString", "coordinates": [ [ 78.4598147, 17.3711915 ], [ 78.4592418, 17.3711861 ], [ 78.4592536, 17.371366 ], [ 78.4592418, 17.3714311 ] ] } },
{ "type": "Feature", "properties": { "road_id": "OSM-WAY-281246824", "road_name": "", "road_class": "residential", "source": "real:osm", "confidence": 1.0, "attribution": "© OpenStreetMap contributors" }, "geometry": { "type": "LineString", "coordinates": [ [ 78.4557361, 17.3729752 ], [ 78.4557909, 17.3734186 ] ] } },
{ "type": "Feature", "properties": { "road_id": "OSM-WAY-281246825", "road_name": "", "road_class": "residential", "source": "real:osm", "confidence": 1.0, "attribution": "© OpenStreetMap contributors" }, "geometry": { "type": "LineString", "coordinates": [ [ 78.4582139, 17.3739059 ], [ 78.4581669, 17.373636 ], [ 78.4581235, 17.3733866 ], [ 78.4589695, 17.3732361 ] ] } },
{ "type": "Feature", "properties": { "road_id": "OSM-WAY-281246826", "road_name": "", "road_class": "residential", "source": "real:osm", "confidence": 1.0, "attribution": "© OpenStreetMap contributors" }, "geometry": { "type": "LineString", "coordinates": [ [ 78.4553142, 17.3753717 ], [ 78.4553282, 17.3748942 ], [ 78.4553243, 17.374687 ], [ 78.4553157, 17.3744201 ], [ 78.4553207, 17.3743909 ], [ 78.45531, 17.3740761 ] ] } },
{ "type": "Feature", "properties": { "road_id": "OSM-WAY-281246827", "road_name": "", "road_class": "residential", "source": "real:osm", "confidence": 1.0, "attribution": "© OpenStreetMap contributors" }, "geometry": { "type": "LineString", "coordinates": [ [ 78.4560923, 17.3705576 ], [ 78.4561078, 17.3707768 ], [ 78.456106, 17.3711336 ] ] } },
{ "type": "Feature", "properties": { "road_id": "OSM-WAY-281246828", "road_name": "", "road_class": "residential", "source": "real:osm", "confidence": 1.0, "attribution": "© OpenStreetMap contributors" }, "geometry": { "type": "LineString", "coordinates": [ [ 78.4557047, 17.3723436 ], [ 78.4563278, 17.3720787 ], [ 78.45676, 17.3718737 ] ] } },
{ "type": "Feature", "properties": { "road_id": "OSM-WAY-281246829", "road_name": "", "road_class": "residential", "source": "real:osm", "confidence": 1.0, "attribution": "© OpenStreetMap contributors" }, "geometry": { "type": "LineString", "coordinates": [ [ 78.4629792, 17.3756469 ], [ 78.4623657, 17.3757874 ], [ 78.4623513, 17.3756362 ] ] } },
{ "type": "Feature", "properties": { "road_id": "OSM-WAY-281246830", "road_name": "", "road_class": "residential", "source": "real:osm", "confidence": 1.0, "attribution": "© OpenStreetMap contributors" }, "geometry": { "type": "LineString", "coordinates": [ [ 78.4578295, 17.3731314 ], [ 78.4574494, 17.3731888 ], [ 78.4571269, 17.3732634 ], [ 78.4571724, 17.3735124 ] ] } },
{ "type": "Feature", "properties": { "road_id": "OSM-WAY-281246831", "road_name": "", "road_class": "residential", "source": "real:osm", "confidence": 1.0, "attribution": "© OpenStreetMap contributors" }, "geometry": { "type": "LineString", "coordinates": [ [ 78.4548099, 17.3721282 ], [ 78.4552428, 17.372393 ] ] } },
{ "type": "Feature", "properties": { "road_id": "OSM-WAY-281246832", "road_name": "", "road_class": "residential", "source": "real:osm", "confidence": 1.0, "attribution": "© OpenStreetMap contributors" }, "geometry": { "type": "LineString", "coordinates": [ [ 78.4547412, 17.3729067 ], [ 78.455431, 17.372711 ], [ 78.4555281, 17.3726471 ], [ 78.4556214, 17.3726651 ] ] } },
{ "type": "Feature", "properties": { "road_id": "OSM-WAY-281246835", "road_name": "", "road_class": "residential", "source": "real:osm", "confidence": 1.0, "attribution": "© OpenStreetMap contributors" }, "geometry": { "type": "LineString", "coordinates": [ [ 78.4637229, 17.3711805 ], [ 78.4636366, 17.3714422 ], [ 78.4635539, 17.3716367 ] ] } },
{ "type": "Feature", "properties": { "road_id": "OSM-WAY-281246836", "road_name": "", "road_class": "residential", "source": "real:osm", "confidence": 1.0, "attribution": "© OpenStreetMap contributors" }, "geometry": { "type": "LineString", "coordinates": [ [ 78.4596807, 17.3744839 ], [ 78.459413, 17.3745079 ], [ 78.4589084, 17.3745871 ], [ 78.4585864, 17.3746182 ], [ 78.4585985, 17.3749452 ], [ 78.4586512, 17.3753078 ] ] } },
{ "type": "Feature", "properties": { "road_id": "OSM-WAY-281246837", "road_name": "", "road_class": "residential", "source": "real:osm", "confidence": 1.0, "attribution": "© OpenStreetMap contributors" }, "geometry": { "type": "LineString", "coordinates": [ [ 78.4572452, 17.3716627 ], [ 78.4574397, 17.3715727 ], [ 78.4577825, 17.3714851 ], [ 78.4579734, 17.3714059 ], [ 78.4580694, 17.3711452 ] ] } },
{ "type": "Feature", "properties": { "road_id": "OSM-WAY-281246838", "road_name": "", "road_class": "residential", "source": "real:osm", "confidence": 1.0, "attribution": "© OpenStreetMap contributors" }, "geometry": { "type": "LineString", "coordinates": [ [ 78.4612576, 17.3707087 ], [ 78.4612484, 17.3706641 ], [ 78.4612606, 17.3704995 ], [ 78.4612743, 17.3703569 ] ] } },
{ "type": "Feature", "properties": { "road_id": "OSM-WAY-281246839", "road_name": "", "road_class": "residential", "source": "real:osm", "confidence": 1.0, "attribution": "© OpenStreetMap contributors" }, "geometry": { "type": "LineString", "coordinates": [ [ 78.4552428, 17.372393 ], [ 78.4553887, 17.3722976 ], [ 78.4556189, 17.37219 ], [ 78.4562388, 17.3718971 ] ] } },
{ "type": "Feature", "properties": { "road_id": "OSM-WAY-281246842", "road_name": "", "road_class": "residential", "source": "real:osm", "confidence": 1.0, "attribution": "© OpenStreetMap contributors" }, "geometry": { "type": "LineString", "coordinates": [ [ 78.4634115, 17.3710147 ], [ 78.4633067, 17.3711811 ], [ 78.4631709, 17.3713908 ], [ 78.463025, 17.3715714 ], [ 78.4627818, 17.3716303 ] ] } },
{ "type": "Feature", "properties": { "road_id": "OSM-WAY-281246843", "road_name": "", "road_class": "residential", "source": "real:osm", "confidence": 1.0, "attribution": "© OpenStreetMap contributors" }, "geometry": { "type": "LineString", "coordinates": [ [ 78.4596005, 17.3733534 ], [ 78.460217, 17.3730883 ], [ 78.4603513, 17.3735826 ], [ 78.460412, 17.3736889 ], [ 78.4604772, 17.3737417 ], [ 78.4605361, 17.3737814 ], [ 78.4605819, 17.3739039 ] ] } },
{ "type": "Feature", "properties": { "road_id": "OSM-WAY-281246845", "road_name": "", "road_class": "residential", "source": "real:osm", "confidence": 1.0, "attribution": "© OpenStreetMap contributors" }, "geometry": { "type": "LineString", "coordinates": [ [ 78.4597667, 17.3752278 ], [ 78.4596807, 17.3744839 ], [ 78.4598841, 17.3744426 ], [ 78.4598957, 17.3745651 ], [ 78.4599419, 17.3747933 ] ] } },
{ "type": "Feature", "properties": { "road_id": "OSM-WAY-281246846", "road_name": "", "road_class": "residential", "source": "real:osm", "confidence": 1.0, "attribution": "© OpenStreetMap contributors" }, "geometry": { "type": "LineString", "coordinates": [ [ 78.4626845, 17.3745103 ], [ 78.4633872, 17.3743752 ], [ 78.4635785, 17.3743323 ], [ 78.4639609, 17.3742569 ], [ 78.4642582, 17.3742276 ], [ 78.4642906, 17.3742327 ], [ 78.4643105, 17.3742542 ] ] } },
{ "type": "Feature", "properties": { "road_id": "OSM-WAY-281246847", "road_name": "", "road_class": "residential", "source": "real:osm", "confidence": 1.0, "attribution": "© OpenStreetMap contributors" }, "geometry": { "type": "LineString", "coordinates": [ [ 78.4610868, 17.3697838 ], [ 78.4609852, 17.3702653 ], [ 78.4609664, 17.3704867 ], [ 78.4609777, 17.3705975 ], [ 78.4610396, 17.3707828 ], [ 78.4610911, 17.3709113 ], [ 78.4612153, 17.3711288 ], [ 78.4611355, 17.3711569 ], [ 78.4610973, 17.3711774 ], [ 78.4610772, 17.371202 ], [ 78.4609995, 17.371491 ] ] } },
{ "type": "Feature", "properties": { "road_id": "OSM-WAY-281246848", "road_name": "", "road_class": "residential", "source": "real:osm", "confidence": 1.0, "attribution": "© OpenStreetMap contributors" }, "geometry": { "type": "LineString", "coordinates": [ [ 78.4598782, 17.3725401 ], [ 78.460056, 17.3725037 ], [ 78.460132, 17.3724735 ], [ 78.4601966, 17.3724286 ], [ 78.4603026, 17.3723182 ], [ 78.4603954, 17.3722573 ], [ 78.4604887, 17.3722194 ], [ 78.4605823, 17.3721888 ] ] } },
{ "type": "Feature", "properties": { "road_id": "OSM-WAY-281246849", "road_name": "", "road_class": "residential", "source": "real:osm", "confidence": 1.0, "attribution": "© OpenStreetMap contributors" }, "geometry": { "type": "LineString", "coordinates": [ [ 78.4582532, 17.3742616 ], [ 78.4588849, 17.3742066 ], [ 78.4592933, 17.3741577 ], [ 78.4593731, 17.3741449 ], [ 78.4593872, 17.3741984 ], [ 78.459413, 17.3745079 ] ] } },
{ "type": "Feature", "properties": { "road_id": "OSM-WAY-281246850", "road_name": "", "road_class": "residential", "source": "real:osm", "confidence": 1.0, "attribution": "© OpenStreetMap contributors" }, "geometry": { "type": "LineString", "coordinates": [ [ 78.4591222, 17.3737223 ], [ 78.4582139, 17.3739059 ], [ 78.4565498, 17.3742855 ], [ 78.4561647, 17.3743469 ], [ 78.4559004, 17.3743833 ] ] } },
{ "type": "Feature", "properties": { "road_id": "OSM-WAY-281246851", "road_name": "", "road_class": "residential", "source": "real:osm", "confidence": 1.0, "attribution": "© OpenStreetMap contributors" }, "geometry": { "type": "LineString", "coordinates": [ [ 78.4588277, 17.3729614 ], [ 78.4588702, 17.3729669 ], [ 78.4588926, 17.3729882 ], [ 78.4589695, 17.3732361 ], [ 78.4591222, 17.3737223 ], [ 78.4592359, 17.3737173 ], [ 78.459398, 17.3737308 ], [ 78.4595843, 17.3737267 ], [ 78.4597658, 17.373684 ] ] } },
{ "type": "Feature", "properties": { "road_id": "OSM-WAY-281246852", "road_name": "", "road_class": "residential", "source": "real:osm", "confidence": 1.0, "attribution": "© OpenStreetMap contributors" }, "geometry": { "type": "LineString", "coordinates": [ [ 78.4627719, 17.3708409 ], [ 78.4627672, 17.3710801 ], [ 78.462773, 17.3713246 ], [ 78.4627818, 17.3716303 ], [ 78.4628077, 17.3723199 ], [ 78.4629048, 17.3728927 ], [ 78.4629539, 17.3732227 ], [ 78.4625262, 17.3732675 ] ] } },
{ "type": "Feature", "properties": { "road_id": "OSM-WAY-281246853", "road_name": "", "road_class": "residential", "source": "real:osm", "confidence": 1.0, "attribution": "© OpenStreetMap contributors" }, "geometry": { "type": "LineString", "coordinates": [ [ 78.4597702, 17.3710655 ], [ 78.4599085, 17.3710432 ], [ 78.4600164, 17.3710631 ], [ 78.4599873, 17.3709324 ], [ 78.4602939, 17.3708512 ], [ 78.4602547, 17.3707724 ], [ 78.4602462, 17.3706832 ], [ 78.4602615, 17.3703164 ], [ 78.4602826, 17.3700678 ], [ 78.4603147, 17.3698776 ] ] } },
{ "type": "Feature", "properties": { "road_id": "OSM-WAY-281246854", "road_name": "", "road_class": "residential", "source": "real:osm", "confidence": 1.0, "attribution": "© OpenStreetMap contributors" }, "geometry": { "type": "LineString", "coordinates": [ [ 78.4574154, 17.372817 ], [ 78.4574494, 17.3731888 ], [ 78.4574627, 17.3733053 ], [ 78.4574923, 17.3734273 ], [ 78.4575187, 17.3734535 ], [ 78.457561, 17.3734569 ] ] } },
{ "type": "Feature", "properties": { "road_id": "OSM-WAY-281246856", "road_name": "", "road_class": "residential", "source": "real:osm", "confidence": 1.0, "attribution": "© OpenStreetMap contributors" }, "geometry": { "type": "LineString", "coordinates": [ [ 78.4566144, 17.3751436 ], [ 78.4565748, 17.3745979 ], [ 78.4565498, 17.3742855 ], [ 78.4565272, 17.3738795 ], [ 78.4565524, 17.3736124 ], [ 78.4565812, 17.3735456 ], [ 78.4566851, 17.373457 ], [ 78.4567481, 17.3733835 ], [ 78.4567633, 17.3732793 ], [ 78.4567392, 17.3731226 ], [ 78.456685, 17.3728781 ] ] } },
{ "type": "Feature", "properties": { "road_id": "OSM-WAY-281246857", "road_name": "", "road_class": "residential", "source": "real:osm", "confidence": 1.0, "attribution": "© OpenStreetMap contributors" }, "geometry": { "type": "LineString", "coordinates": [ [ 78.4592359, 17.3737173 ], [ 78.4592998, 17.3739962 ] ] } },
{ "type": "Feature", "properties": { "road_id": "OSM-WAY-281246860", "road_name": "", "road_class": "residential", "source": "real:osm", "confidence": 1.0, "attribution": "© OpenStreetMap contributors" }, "geometry": { "type": "LineString", "coordinates": [ [ 78.4569223, 17.3752924 ], [ 78.4568885, 17.3748757 ] ] } },
{ "type": "Feature", "properties": { "road_id": "OSM-WAY-281246866", "road_name": "", "road_class": "residential", "source": "real:osm", "confidence": 1.0, "attribution": "© OpenStreetMap contributors" }, "geometry": { "type": "LineString", "coordinates": [ [ 78.4594792, 17.3811325 ], [ 78.4595342, 17.3812141 ], [ 78.4596209, 17.3813045 ], [ 78.4597442, 17.3814146 ], [ 78.4598973, 17.3815512 ], [ 78.4600097, 17.3817124 ], [ 78.4600611, 17.3817756 ], [ 78.4600934, 17.381858 ], [ 78.460334, 17.3826607 ], [ 78.4604043, 17.3829078 ] ] } },
{ "type": "Feature", "properties": { "road_id": "OSM-WAY-281246867", "road_name": "", "road_class": "residential", "source": "real:osm", "confidence": 1.0, "attribution": "© OpenStreetMap contributors" }, "geometry": { "type": "LineString", "coordinates": [ [ 78.4613318, 17.3790293 ], [ 78.4615553, 17.3794097 ], [ 78.4616086, 17.3795529 ], [ 78.4615828, 17.3798214 ], [ 78.4615903, 17.3799339 ], [ 78.4616559, 17.3803497 ], [ 78.461705, 17.3806251 ] ] } },
{ "type": "Feature", "properties": { "road_id": "OSM-WAY-281250934", "road_name": "", "road_class": "residential", "source": "real:osm", "confidence": 1.0, "attribution": "© OpenStreetMap contributors" }, "geometry": { "type": "LineString", "coordinates": [ [ 78.4625081, 17.3766223 ], [ 78.4625464, 17.3768005 ], [ 78.4626031, 17.3770502 ], [ 78.4626169, 17.3771006 ], [ 78.4626118, 17.3771177 ], [ 78.4626002, 17.3771278 ], [ 78.4623519, 17.3771988 ], [ 78.4622987, 17.3770472 ], [ 78.4622638, 17.3769481 ], [ 78.4622496, 17.3769343 ], [ 78.4622232, 17.3769273 ], [ 78.4622054, 17.376918 ], [ 78.4621967, 17.3769062 ], [ 78.4621521, 17.3767548 ], [ 78.4621477, 17.3767316 ], [ 78.4621528, 17.3767102 ], [ 78.4622086, 17.3766559 ], [ 78.4621925, 17.3765283 ], [ 78.4621797, 17.376358 ], [ 78.4621469, 17.3759851 ], [ 78.4621389, 17.3758945 ], [ 78.4623657, 17.3757874 ] ] } },
{ "type": "Feature", "properties": { "road_id": "OSM-WAY-281250935", "road_name": "", "road_class": "living_street", "source": "real:osm", "confidence": 1.0, "attribution": "© OpenStreetMap contributors" }, "geometry": { "type": "LineString", "coordinates": [ [ 78.4676941, 17.3762967 ], [ 78.4676851, 17.3762778 ], [ 78.4676477, 17.3762203 ], [ 78.4675646, 17.3761112 ], [ 78.4675317, 17.3760222 ], [ 78.4675083, 17.3757655 ], [ 78.4674762, 17.3755481 ], [ 78.4674493, 17.3754783 ], [ 78.4674139, 17.3754445 ], [ 78.4673575, 17.3753927 ], [ 78.4673343, 17.3752387 ], [ 78.4672742, 17.3751724 ], [ 78.4673705, 17.3750616 ], [ 78.4674388, 17.3750149 ], [ 78.4675272, 17.3749649 ], [ 78.4676035, 17.3749585 ], [ 78.467722, 17.3749005 ], [ 78.4680746, 17.3747756 ], [ 78.4680538, 17.3751502 ] ] } },
{ "type": "Feature", "properties": { "road_id": "OSM-WAY-281250936", "road_name": "", "road_class": "residential", "source": "real:osm", "confidence": 1.0, "attribution": "© OpenStreetMap contributors" }, "geometry": { "type": "LineString", "coordinates": [ [ 78.466796, 17.3764709 ], [ 78.4667604, 17.3762703 ] ] } },
{ "type": "Feature", "properties": { "road_id": "OSM-WAY-281250937", "road_name": "", "road_class": "residential", "source": "real:osm", "confidence": 1.0, "attribution": "© OpenStreetMap contributors" }, "geometry": { "type": "LineString", "coordinates": [ [ 78.4591926, 17.3694353 ], [ 78.4591934, 17.3691107 ] ] } },
{ "type": "Feature", "properties": { "road_id": "OSM-WAY-281250939", "road_name": "", "road_class": "residential", "source": "real:osm", "confidence": 1.0, "attribution": "© OpenStreetMap contributors" }, "geometry": { "type": "LineString", "coordinates": [ [ 78.4634649, 17.3755074 ], [ 78.4639811, 17.3753764 ] ] } },
{ "type": "Feature", "properties": { "road_id": "OSM-WAY-281250940", "road_name": "", "road_class": "residential", "source": "real:osm", "confidence": 1.0, "attribution": "© OpenStreetMap contributors" }, "geometry": { "type": "LineString", "coordinates": [ [ 78.4643589, 17.3790116 ], [ 78.4643545, 17.3788692 ], [ 78.4643462, 17.3788247 ], [ 78.4642978, 17.3786925 ] ] } },
{ "type": "Feature", "properties": { "road_id": "OSM-WAY-281250941", "road_name": "", "road_class": "residential", "source": "real:osm", "confidence": 1.0, "attribution": "© OpenStreetMap contributors" }, "geometry": { "type": "LineString", "coordinates": [ [ 78.457416, 17.3760647 ], [ 78.4577518, 17.3770336 ] ] } },
{ "type": "Feature", "properties": { "road_id": "OSM-WAY-281250942", "road_name": "", "road_class": "residential", "source": "real:osm", "confidence": 1.0, "attribution": "© OpenStreetMap contributors" }, "geometry": { "type": "LineString", "coordinates": [ [ 78.4635289, 17.3740482 ], [ 78.463925, 17.3739969 ] ] } },
{ "type": "Feature", "properties": { "road_id": "OSM-WAY-281250944", "road_name": "", "road_class": "residential", "source": "real:osm", "confidence": 1.0, "attribution": "© OpenStreetMap contributors" }, "geometry": { "type": "LineString", "coordinates": [ [ 78.4677271, 17.377636 ], [ 78.4682048, 17.3775446 ] ] } },
{ "type": "Feature", "properties": { "road_id": "OSM-WAY-281250945", "road_name": "", "road_class": "residential", "source": "real:osm", "confidence": 1.0, "attribution": "© OpenStreetMap contributors" }, "geometry": { "type": "LineString", "coordinates": [ [ 78.4620349, 17.3693608 ], [ 78.4620258, 17.3691738 ], [ 78.4619849, 17.368967 ] ] } },
{ "type": "Feature", "properties": { "road_id": "OSM-WAY-281250948", "road_name": "", "road_class": "residential", "source": "real:osm", "confidence": 1.0, "attribution": "© OpenStreetMap contributors" }, "geometry": { "type": "LineString", "coordinates": [ [ 78.4678939, 17.3815316 ], [ 78.4677769, 17.3808416 ], [ 78.4676173, 17.3801609 ] ] } },
{ "type": "Feature", "properties": { "road_id": "OSM-WAY-281250949", "road_name": "", "road_class": "residential", "source": "real:osm", "confidence": 1.0, "attribution": "© OpenStreetMap contributors" }, "geometry": { "type": "LineString", "coordinates": [ [ 78.4676668, 17.379803 ], [ 78.4675613, 17.3791605 ], [ 78.4674691, 17.3785833 ] ] } },
{ "type": "Feature", "properties": { "road_id": "OSM-WAY-281250950", "road_name": "", "road_class": "residential", "source": "real:osm", "confidence": 1.0, "attribution": "© OpenStreetMap contributors" }, "geometry": { "type": "LineString", "coordinates": [ [ 78.4691018, 17.3770872 ], [ 78.4690987, 17.3768206 ], [ 78.4690668, 17.376503 ] ] } },
{ "type": "Feature", "properties": { "road_id": "OSM-WAY-281250951", "road_name": "", "road_class": "residential", "source": "real:osm", "confidence": 1.0, "attribution": "© OpenStreetMap contributors" }, "geometry": { "type": "LineString", "coordinates": [ [ 78.456106, 17.3711336 ], [ 78.4558634, 17.3711336 ], [ 78.455632, 17.3711059 ] ] } },
{ "type": "Feature", "properties": { "road_id": "OSM-WAY-281250952", "road_name": "", "road_class": "residential", "source": "real:osm", "confidence": 1.0, "attribution": "© OpenStreetMap contributors" }, "geometry": { "type": "LineString", "coordinates": [ [ 78.4653003, 17.3710157 ], [ 78.4653114, 17.3706687 ], [ 78.4653223, 17.3703274 ] ] } },
{ "type": "Feature", "properties": { "road_id": "OSM-WAY-281250953", "road_name": "", "road_class": "residential", "source": "real:osm", "confidence": 1.0, "attribution": "© OpenStreetMap contributors" }, "geometry": { "type": "LineString", "coordinates": [ [ 78.4682048, 17.3775446 ], [ 78.4681794, 17.3773049 ] ] } },
{ "type": "Feature", "properties": { "road_id": "OSM-WAY-281250955", "road_name": "", "road_class": "residential", "source": "real:osm", "confidence": 1.0, "attribution": "© OpenStreetMap contributors" }, "geometry": { "type": "LineString", "coordinates": [ [ 78.4628077, 17.3723199 ], [ 78.4634982, 17.3723083 ] ] } },
{ "type": "Feature", "properties": { "road_id": "OSM-WAY-281250956", "road_name": "", "road_class": "residential", "source": "real:osm", "confidence": 1.0, "attribution": "© OpenStreetMap contributors" }, "geometry": { "type": "LineString", "coordinates": [ [ 78.4577893, 17.3753294 ], [ 78.4578033, 17.3759062 ], [ 78.457838, 17.3764752 ] ] } },
{ "type": "Feature", "properties": { "road_id": "OSM-WAY-281250957", "road_name": "", "road_class": "residential", "source": "real:osm", "confidence": 1.0, "attribution": "© OpenStreetMap contributors" }, "geometry": { "type": "LineString", "coordinates": [ [ 78.467556, 17.3798196 ], [ 78.4674705, 17.3792936 ], [ 78.467419, 17.3789339 ] ] } },
{ "type": "Feature", "properties": { "road_id": "OSM-WAY-281250958", "road_name": "", "road_class": "residential", "source": "real:osm", "confidence": 1.0, "attribution": "© OpenStreetMap contributors" }, "geometry": { "type": "LineString", "coordinates": [ [ 78.4619425, 17.3697954 ], [ 78.4613187, 17.3695726 ] ] } },
{ "type": "Feature", "properties": { "road_id": "OSM-WAY-281250959", "road_name": "", "road_class": "residential", "source": "real:osm", "confidence": 1.0, "attribution": "© OpenStreetMap contributors" }, "geometry": { "type": "LineString", "coordinates": [ [ 78.4677665, 17.381593 ], [ 78.4676151, 17.3808897 ], [ 78.467449, 17.3802023 ] ] } },
{ "type": "Feature", "properties": { "road_id": "OSM-WAY-281250960", "road_name": "", "road_class": "residential", "source": "real:osm", "confidence": 1.0, "attribution": "© OpenStreetMap contributors" }, "geometry": { "type": "LineString", "coordinates": [ [ 78.4657952, 17.377445 ], [ 78.4656467, 17.3766368 ] ] } },
{ "type": "Feature", "properties": { "road_id": "OSM-WAY-281250961", "road_name": "", "road_class": "residential", "source": "real:osm", "confidence": 1.0, "attribution": "© OpenStreetMap contributors" }, "geometry": { "type": "LineString", "coordinates": [ [ 78.4661871, 17.3730417 ], [ 78.4663394, 17.3727291 ] ] } },
{ "type": "Feature", "properties": { "road_id": "OSM-WAY-281250962", "road_name": "", "road_class": "residential", "source": "real:osm", "confidence": 1.0, "attribution": "© OpenStreetMap contributors" }, "geometry": { "type": "LineString", "coordinates": [ [ 78.4587328, 17.3692848 ], [ 78.4589068, 17.3687722 ] ] } },
{ "type": "Feature", "properties": { "road_id": "OSM-WAY-281250963", "road_name": "", "road_class": "residential", "source": "real:osm", "confidence": 1.0, "attribution": "© OpenStreetMap contributors" }, "geometry": { "type": "LineString", "coordinates": [ [ 78.4616232, 17.3780212 ], [ 78.4615735, 17.3778318 ], [ 78.4615641, 17.3777596 ], [ 78.4615676, 17.377705 ], [ 78.4615582, 17.3776403 ], [ 78.4614945, 17.3774176 ] ] } },
{ "type": "Feature", "properties": { "road_id": "OSM-WAY-281250964", "road_name": "", "road_class": "residential", "source": "real:osm", "confidence": 1.0, "attribution": "© OpenStreetMap contributors" }, "geometry": { "type": "LineString", "coordinates": [ [ 78.4675162, 17.370761 ], [ 78.4672418, 17.3707604 ], [ 78.4672357, 17.3704664 ], [ 78.4672214, 17.3704228 ] ] } },
{ "type": "Feature", "properties": { "road_id": "OSM-WAY-281250965", "road_name": "", "road_class": "residential", "source": "real:osm", "confidence": 1.0, "attribution": "© OpenStreetMap contributors" }, "geometry": { "type": "LineString", "coordinates": [ [ 78.4619271, 17.3739221 ], [ 78.462243, 17.3738502 ], [ 78.4625946, 17.3738 ] ] } },
{ "type": "Feature", "properties": { "road_id": "OSM-WAY-281250966", "road_name": "", "road_class": "residential", "source": "real:osm", "confidence": 1.0, "attribution": "© OpenStreetMap contributors" }, "geometry": { "type": "LineString", "coordinates": [ [ 78.4611061, 17.3693913 ], [ 78.4619758, 17.3696925 ] ] } },
{ "type": "Feature", "properties": { "road_id": "OSM-WAY-281250967", "road_name": "", "road_class": "residential", "source": "real:osm", "confidence": 1.0, "attribution": "© OpenStreetMap contributors" }, "geometry": { "type": "LineString", "coordinates": [ [ 78.4623439, 17.3707369 ], [ 78.4623447, 17.3701803 ], [ 78.4623397, 17.3699568 ], [ 78.4623424, 17.3698461 ], [ 78.462331, 17.369814 ], [ 78.462304, 17.3697954 ], [ 78.4619564, 17.3697423 ] ] } },
{ "type": "Feature", "properties": { "road_id": "OSM-WAY-281250969", "road_name": "", "road_class": "residential", "source": "real:osm", "confidence": 1.0, "attribution": "© OpenStreetMap contributors" }, "geometry": { "type": "LineString", "coordinates": [ [ 78.4564825, 17.3688755 ], [ 78.4567023, 17.3693361 ] ] } },
{ "type": "Feature", "properties": { "road_id": "OSM-WAY-281250970", "road_name": "", "road_class": "living_street", "source": "real:osm", "confidence": 1.0, "attribution": "© OpenStreetMap contributors" }, "geometry": { "type": "LineString", "coordinates": [ [ 78.4680714, 17.3747158 ], [ 78.4680486, 17.3746044 ], [ 78.468133, 17.3742695 ], [ 78.4681326, 17.3742516 ], [ 78.4681226, 17.3742325 ], [ 78.4681027, 17.3742144 ], [ 78.4680818, 17.3742016 ], [ 78.4680232, 17.3741688 ] ] } },
{ "type": "Feature", "properties": { "road_id": "OSM-WAY-281250972", "road_name": "", "road_class": "residential", "source": "real:osm", "confidence": 1.0, "attribution": "© OpenStreetMap contributors" }, "geometry": { "type": "LineString", "coordinates": [ [ 78.4644593, 17.3780211 ], [ 78.4644239, 17.3778346 ], [ 78.4643951, 17.3776958 ], [ 78.4643844, 17.3776889 ], [ 78.4643612, 17.3776859 ], [ 78.4643538, 17.3776831 ], [ 78.464351, 17.3776781 ], [ 78.4643318, 17.3776071 ], [ 78.4640825, 17.3775436 ] ] } },
{ "type": "Feature", "properties": { "road_id": "OSM-WAY-281250973", "road_name": "", "road_class": "residential", "source": "real:osm", "confidence": 1.0, "attribution": "© OpenStreetMap contributors" }, "geometry": { "type": "LineString", "coordinates": [ [ 78.4676981, 17.3781262 ], [ 78.4687507, 17.377976 ], [ 78.4694876, 17.3778663 ], [ 78.4700753, 17.3777827 ], [ 78.471432, 17.3775899 ] ] } },
{ "type": "Feature", "properties": { "road_id": "OSM-WAY-281250974", "road_name": "", "road_class": "residential", "source": "real:osm", "confidence": 1.0, "attribution": "© OpenStreetMap contributors" }, "geometry": { "type": "LineString", "coordinates": [ [ 78.4621835, 17.3788671 ], [ 78.46272, 17.3787532 ] ] } },
{ "type": "Feature", "properties": { "road_id": "OSM-WAY-281250976", "road_name": "", "road_class": "residential", "source": "real:osm", "confidence": 1.0, "attribution": "© OpenStreetMap contributors" }, "geometry": { "type": "LineString", "coordinates": [ [ 78.4585591, 17.3692397 ], [ 78.4587222, 17.3686662 ] ] } },
{ "type": "Feature", "properties": { "road_id": "OSM-WAY-281250977", "road_name": "", "road_class": "residential", "source": "real:osm", "confidence": 1.0, "attribution": "© OpenStreetMap contributors" }, "geometry": { "type": "LineString", "coordinates": [ [ 78.4610269, 17.3761897 ], [ 78.4612585, 17.3766299 ] ] } },
{ "type": "Feature", "properties": { "road_id": "OSM-WAY-281250978", "road_name": "", "road_class": "residential", "source": "real:osm", "confidence": 1.0, "attribution": "© OpenStreetMap contributors" }, "geometry": { "type": "LineString", "coordinates": [ [ 78.4608685, 17.3690151 ], [ 78.4616662, 17.3692582 ], [ 78.4620349, 17.3693608 ], [ 78.462014, 17.3695008 ] ] } },
{ "type": "Feature", "properties": { "road_id": "OSM-WAY-281250979", "road_name": "", "road_class": "residential", "source": "real:osm", "confidence": 1.0, "attribution": "© OpenStreetMap contributors" }, "geometry": { "type": "LineString", "coordinates": [ [ 78.4606213, 17.3750559 ], [ 78.4607833, 17.375615 ] ] } },
{ "type": "Feature", "properties": { "road_id": "OSM-WAY-281250980", "road_name": "", "road_class": "residential", "source": "real:osm", "confidence": 1.0, "attribution": "© OpenStreetMap contributors" }, "geometry": { "type": "LineString", "coordinates": [ [ 78.4621233, 17.3706491 ], [ 78.4621245, 17.3705509 ], [ 78.4621265, 17.3703924 ], [ 78.462189, 17.3702833 ] ] } },
{ "type": "Feature", "properties": { "road_id": "OSM-WAY-281250981", "road_name": "", "road_class": "residential", "source": "real:osm", "confidence": 1.0, "attribution": "© OpenStreetMap contributors" }, "geometry": { "type": "LineString", "coordinates": [ [ 78.4649619, 17.3720341 ], [ 78.4649644, 17.3720749 ], [ 78.4650483, 17.3722121 ], [ 78.4650977, 17.372269 ], [ 78.4651587, 17.3722892 ], [ 78.4652041, 17.3723519 ] ] } },
{ "type": "Feature", "properties": { "road_id": "OSM-WAY-281250982", "road_name": "", "road_class": "residential", "source": "real:osm", "confidence": 1.0, "attribution": "© OpenStreetMap contributors" }, "geometry": { "type": "LineString", "coordinates": [ [ 78.4677027, 17.3778973 ], [ 78.4679172, 17.3779062 ], [ 78.4680734, 17.3778977 ], [ 78.4682326, 17.3778749 ], [ 78.4686126, 17.3778238 ], [ 78.4687469, 17.3778003 ] ] } },
{ "type": "Feature", "properties": { "road_id": "OSM-WAY-281250984", "road_name": "", "road_class": "residential", "source": "real:osm", "confidence": 1.0, "attribution": "© OpenStreetMap contributors" }, "geometry": { "type": "LineString", "coordinates": [ [ 78.4591761, 17.375272 ], [ 78.4591908, 17.3754162 ], [ 78.4591942, 17.3754499 ], [ 78.4592092, 17.375482 ], [ 78.4592696, 17.3755835 ], [ 78.4593205, 17.3757299 ] ] } },
{ "type": "Feature", "properties": { "road_id": "OSM-WAY-281250985", "road_name": "", "road_class": "residential", "source": "real:osm", "confidence": 1.0, "attribution": "© OpenStreetMap contributors" }, "geometry": { "type": "LineString", "coordinates": [ [ 78.4620142, 17.3770973 ], [ 78.4618803, 17.3770292 ], [ 78.4617899, 17.37696 ], [ 78.4615601, 17.3768846 ], [ 78.4615044, 17.3768483 ], [ 78.4614705, 17.3768002 ], [ 78.4614221, 17.3765744 ], [ 78.461421, 17.3763457 ] ] } },
{ "type": "Feature", "properties": { "road_id": "OSM-WAY-281250986", "road_name": "", "road_class": "residential", "source": "real:osm", "confidence": 1.0, "attribution": "© OpenStreetMap contributors" }, "geometry": { "type": "LineString", "coordinates": [ [ 78.46272, 17.3787532 ], [ 78.4626723, 17.3785485 ], [ 78.4626169, 17.3783756 ] ] } },
{ "type": "Feature", "properties": { "road_id": "OSM-WAY-281250987", "road_name": "", "road_class": "residential", "source": "real:osm", "confidence": 1.0, "attribution": "© OpenStreetMap contributors" }, "geometry": { "type": "LineString", "coordinates": [ [ 78.4601881, 17.3698253 ], [ 78.4603796, 17.369376 ], [ 78.460403, 17.3693041 ], [ 78.4604364, 17.3691819 ] ] } },
{ "type": "Feature", "properties": { "road_id": "OSM-WAY-281250988", "road_name": "", "road_class": "residential", "source": "real:osm", "confidence": 1.0, "attribution": "© OpenStreetMap contributors" }, "geometry": { "type": "LineString", "coordinates": [ [ 78.4650742, 17.3710009 ], [ 78.465061, 17.3712773 ], [ 78.4650522, 17.3714625 ], [ 78.4649811, 17.3717812 ] ] } },
{ "type": "Feature", "properties": { "road_id": "OSM-WAY-281250989", "road_name": "", "road_class": "residential", "source": "real:osm", "confidence": 1.0, "attribution": "© OpenStreetMap contributors" }, "geometry": { "type": "LineString", "coordinates": [ [ 78.4608969, 17.3750429 ], [ 78.461074, 17.3755637 ] ] } },
{ "type": "Feature", "properties": { "road_id": "OSM-WAY-281250990", "road_name": "", "road_class": "residential", "source": "real:osm", "confidence": 1.0, "attribution": "© OpenStreetMap contributors" }, "geometry": { "type": "LineString", "coordinates": [ [ 78.464766, 17.3726502 ], [ 78.4648528, 17.3722006 ], [ 78.4649027, 17.3721517 ], [ 78.4649619, 17.3720341 ], [ 78.464993, 17.3718007 ] ] } },
{ "type": "Feature", "properties": { "road_id": "OSM-WAY-281250991", "road_name": "", "road_class": "living_street", "source": "real:osm", "confidence": 1.0, "attribution": "© OpenStreetMap contributors" }, "geometry": { "type": "LineString", "coordinates": [ [ 78.4580958, 17.3689189 ], [ 78.4582634, 17.3685831 ], [ 78.4584156, 17.3682573 ], [ 78.4585977, 17.3683149 ] ] } },
{ "type": "Feature", "properties": { "road_id": "OSM-WAY-281250992", "road_name": "", "road_class": "residential", "source": "real:osm", "confidence": 1.0, "attribution": "© OpenStreetMap contributors" }, "geometry": { "type": "LineString", "coordinates": [ [ 78.4650814, 17.3763468 ], [ 78.4650134, 17.3762083 ], [ 78.4649664, 17.3760735 ], [ 78.4649274, 17.3759375 ], [ 78.4649316, 17.3759182 ], [ 78.4649452, 17.3759089 ], [ 78.465031, 17.3758903 ], [ 78.4650418, 17.3758806 ], [ 78.4650444, 17.3758643 ], [ 78.464989, 17.3756442 ] ] } },
{ "type": "Feature", "properties": { "road_id": "OSM-WAY-281250994", "road_name": "", "road_class": "residential", "source": "real:osm", "confidence": 1.0, "attribution": "© OpenStreetMap contributors" }, "geometry": { "type": "LineString", "coordinates": [ [ 78.4679395, 17.3797416 ], [ 78.4676668, 17.379803 ], [ 78.467556, 17.3798196 ], [ 78.4673985, 17.3798483 ], [ 78.4672714, 17.379873 ], [ 78.4670016, 17.379919 ] ] } },
{ "type": "Feature", "properties": { "road_id": "OSM-WAY-281250996", "road_name": "", "road_class": "residential", "source": "real:osm", "confidence": 1.0, "attribution": "© OpenStreetMap contributors" }, "geometry": { "type": "LineString", "coordinates": [ [ 78.4569682, 17.3703133 ], [ 78.4568561, 17.3699377 ], [ 78.4567331, 17.3698923 ] ] } },
{ "type": "Feature", "properties": { "road_id": "OSM-WAY-281250999", "road_name": "", "road_class": "residential", "source": "real:osm", "confidence": 1.0, "attribution": "© OpenStreetMap contributors" }, "geometry": { "type": "LineString", "coordinates": [ [ 78.4555938, 17.3706867 ], [ 78.4555351, 17.3707043 ], [ 78.4552242, 17.3708023 ], [ 78.4551506, 17.3708005 ], [ 78.4551073, 17.370776 ], [ 78.4550591, 17.3707006 ] ] } },
{ "type": "Feature", "properties": { "road_id": "OSM-WAY-281251000", "road_name": "", "road_class": "residential", "source": "real:osm", "confidence": 1.0, "attribution": "© OpenStreetMap contributors" }, "geometry": { "type": "LineString", "coordinates": [ [ 78.461899, 17.3731557 ], [ 78.4622077, 17.3731457 ], [ 78.4623063, 17.3731664 ], [ 78.4624166, 17.3732256 ], [ 78.4625262, 17.3732675 ] ] } },
{ "type": "Feature", "properties": { "road_id": "OSM-WAY-281251001", "road_name": "", "road_class": "residential", "source": "real:osm", "confidence": 1.0, "attribution": "© OpenStreetMap contributors" }, "geometry": { "type": "LineString", "coordinates": [ [ 78.4631694, 17.3708919 ], [ 78.4633466, 17.3702488 ], [ 78.463385, 17.370022 ], [ 78.4633508, 17.3698017 ] ] } },
{ "type": "Feature", "properties": { "road_id": "OSM-WAY-281251002", "road_name": "", "road_class": "residential", "source": "real:osm", "confidence": 1.0, "attribution": "© OpenStreetMap contributors" }, "geometry": { "type": "LineString", "coordinates": [ [ 78.4642978, 17.3786925 ], [ 78.4642523, 17.378678 ], [ 78.4642099, 17.3786751 ], [ 78.4641831, 17.3783443 ], [ 78.4646171, 17.3783211 ], [ 78.464658, 17.3783367 ], [ 78.4646734, 17.3783703 ], [ 78.46466, 17.3785591 ] ] } },
{ "type": "Feature", "properties": { "road_id": "OSM-WAY-281251004", "road_name": "", "road_class": "residential", "source": "real:osm", "confidence": 1.0, "attribution": "© OpenStreetMap contributors" }, "geometry": { "type": "LineString", "coordinates": [ [ 78.4623599, 17.3777857 ], [ 78.4623386, 17.3777402 ], [ 78.4621043, 17.3772733 ], [ 78.4620142, 17.3770973 ], [ 78.4619666, 17.3769908 ], [ 78.4619173, 17.3768491 ], [ 78.4618549, 17.3766364 ], [ 78.4618442, 17.3764572 ] ] } },
{ "type": "Feature", "properties": { "road_id": "OSM-WAY-281251006", "road_name": "", "road_class": "residential", "source": "real:osm", "confidence": 1.0, "attribution": "© OpenStreetMap contributors" }, "geometry": { "type": "LineString", "coordinates": [ [ 78.4653604, 17.3766964 ], [ 78.4654706, 17.377216 ], [ 78.4655351, 17.3772271 ], [ 78.4655772, 17.3772564 ], [ 78.4655976, 17.3772974 ], [ 78.4656557, 17.3775385 ], [ 78.4656778, 17.3775893 ], [ 78.4657102, 17.3776297 ], [ 78.4657718, 17.3776701 ], [ 78.4658372, 17.3776868 ], [ 78.4659177, 17.3776992 ], [ 78.4659868, 17.3777265 ] ] } },
{ "type": "Feature", "properties": { "road_id": "OSM-WAY-281251007", "road_name": "", "road_class": "residential", "source": "real:osm", "confidence": 1.0, "attribution": "© OpenStreetMap contributors" }, "geometry": { "type": "LineString", "coordinates": [ [ 78.465061, 17.3712773 ], [ 78.465444, 17.3713419 ], [ 78.4655317, 17.3713547 ], [ 78.4656781, 17.371365 ], [ 78.4659803, 17.3713844 ], [ 78.4664349, 17.3714552 ] ] } },
{ "type": "Feature", "properties": { "road_id": "OSM-WAY-281251008", "road_name": "", "road_class": "residential", "source": "real:osm", "confidence": 1.0, "attribution": "© OpenStreetMap contributors" }, "geometry": { "type": "LineString", "coordinates": [ [ 78.4696924, 17.3767284 ], [ 78.4696488, 17.3766593 ], [ 78.469563, 17.3763009 ], [ 78.4695724, 17.3762555 ], [ 78.4696032, 17.3762267 ], [ 78.4696908, 17.3761902 ], [ 78.4697377, 17.3761538 ] ] } },
{ "type": "Feature", "properties": { "road_id": "OSM-WAY-281251009", "road_name": "", "road_class": "residential", "source": "real:osm", "confidence": 1.0, "attribution": "© OpenStreetMap contributors" }, "geometry": { "type": "LineString", "coordinates": [ [ 78.4663869, 17.3794496 ], [ 78.4663377, 17.3791677 ], [ 78.4662617, 17.3791852 ], [ 78.4662193, 17.3791815 ], [ 78.4661959, 17.3791559 ], [ 78.4661722, 17.3789278 ], [ 78.4663957, 17.3789223 ] ] } },
{ "type": "Feature", "properties": { "road_id": "OSM-WAY-281251010", "road_name": "", "road_class": "residential", "source": "real:osm", "confidence": 1.0, "attribution": "© OpenStreetMap contributors" }, "geometry": { "type": "LineString", "coordinates": [ [ 78.4633508, 17.3698017 ], [ 78.4632247, 17.3698103 ], [ 78.4631661, 17.3698174 ], [ 78.4631127, 17.3697783 ], [ 78.463083, 17.3695501 ] ] } },
{ "type": "Feature", "properties": { "road_id": "OSM-WAY-281251011", "road_name": "", "road_class": "residential", "source": "real:osm", "confidence": 1.0, "attribution": "© OpenStreetMap contributors" }, "geometry": { "type": "LineString", "coordinates": [ [ 78.4588893, 17.3693251 ], [ 78.4590532, 17.3689615 ], [ 78.4591806, 17.368788 ], [ 78.4592552, 17.3686449 ], [ 78.4592741, 17.3685227 ], [ 78.4592573, 17.3683822 ] ] } },
{ "type": "Feature", "properties": { "road_id": "OSM-WAY-281251012", "road_name": "", "road_class": "residential", "source": "real:osm", "confidence": 1.0, "attribution": "© OpenStreetMap contributors" }, "geometry": { "type": "LineString", "coordinates": [ [ 78.4549519, 17.3692354 ], [ 78.4549594, 17.369273 ], [ 78.4550959, 17.3699546 ], [ 78.4551866, 17.37011 ], [ 78.4553127, 17.370292 ], [ 78.4554258, 17.3704486 ] ] } },
{ "type": "Feature", "properties": { "road_id": "OSM-WAY-281251013", "road_name": "", "road_class": "residential", "source": "real:osm", "confidence": 1.0, "attribution": "© OpenStreetMap contributors" }, "geometry": { "type": "LineString", "coordinates": [ [ 78.4578343, 17.3700546 ], [ 78.4577951, 17.3698008 ], [ 78.4574754, 17.3698008 ], [ 78.4573706, 17.3697609 ], [ 78.4572771, 17.3695502 ], [ 78.457273, 17.3694872 ], [ 78.4573024, 17.369454 ], [ 78.4575678, 17.3692717 ] ] } },
{ "type": "Feature", "properties": { "road_id": "OSM-WAY-281251014", "road_name": "", "road_class": "living_street", "source": "real:osm", "confidence": 1.0, "attribution": "© OpenStreetMap contributors" }, "geometry": { "type": "LineString", "coordinates": [ [ 78.4688492, 17.3744764 ], [ 78.4686246, 17.3745307 ], [ 78.4683519, 17.3746041 ], [ 78.4682089, 17.3746721 ], [ 78.4680714, 17.3747158 ], [ 78.4680746, 17.3747756 ] ] } },
{ "type": "Feature", "properties": { "road_id": "OSM-WAY-281251015", "road_name": "", "road_class": "residential", "source": "real:osm", "confidence": 1.0, "attribution": "© OpenStreetMap contributors" }, "geometry": { "type": "LineString", "coordinates": [ [ 78.4650217, 17.373807 ], [ 78.465033, 17.3734923 ], [ 78.4650716, 17.3733829 ], [ 78.4651242, 17.3733005 ], [ 78.4652428, 17.3730905 ], [ 78.4653025, 17.3729656 ], [ 78.465392, 17.3727699 ] ] } },
{ "type": "Feature", "properties": { "road_id": "OSM-WAY-281251016", "road_name": "", "road_class": "residential", "source": "real:osm", "confidence": 1.0, "attribution": "© OpenStreetMap contributors" }, "geometry": { "type": "LineString", "coordinates": [ [ 78.4575555, 17.3770952 ], [ 78.4572679, 17.3762699 ], [ 78.4572148, 17.3761571 ], [ 78.4572142, 17.376133 ], [ 78.4572257, 17.3761146 ], [ 78.457416, 17.3760647 ], [ 78.4575384, 17.3760419 ], [ 78.4575677, 17.3760176 ], [ 78.4575753, 17.3759891 ], [ 78.457554, 17.3757626 ], [ 78.4575463, 17.3755336 ], [ 78.4575577, 17.3754222 ], [ 78.4576054, 17.3753212 ] ] } },
{ "type": "Feature", "properties": { "road_id": "OSM-WAY-281251017", "road_name": "", "road_class": "residential", "source": "real:osm", "confidence": 1.0, "attribution": "© OpenStreetMap contributors" }, "geometry": { "type": "LineString", "coordinates": [ [ 78.4587795, 17.3767885 ], [ 78.4587845, 17.3767222 ], [ 78.4588606, 17.3765518 ], [ 78.4589602, 17.3764072 ], [ 78.4589751, 17.3763567 ], [ 78.4589764, 17.376299 ], [ 78.4589683, 17.3762011 ], [ 78.4590044, 17.3759002 ], [ 78.4589985, 17.3758678 ], [ 78.458964, 17.3758571 ], [ 78.458782, 17.3758659 ], [ 78.4587383, 17.3758484 ], [ 78.4587163, 17.3758173 ], [ 78.4586512, 17.3753078 ] ] } },
{ "type": "Feature", "properties": { "road_id": "OSM-WAY-281251018", "road_name": "", "road_class": "residential", "source": "real:osm", "confidence": 1.0, "attribution": "© OpenStreetMap contributors" }, "geometry": { "type": "LineString", "coordinates": [ [ 78.465903, 17.3722101 ], [ 78.4659773, 17.3717996 ], [ 78.465985, 17.3716539 ], [ 78.4659803, 17.3713844 ], [ 78.4659845, 17.3711103 ] ] } },
{ "type": "Feature", "properties": { "road_id": "OSM-WAY-281251019", "road_name": "", "road_class": "residential", "source": "real:osm", "confidence": 1.0, "attribution": "© OpenStreetMap contributors" }, "geometry": { "type": "LineString", "coordinates": [ [ 78.4659868, 17.3777265 ], [ 78.4660175, 17.3777523 ], [ 78.4660405, 17.3777902 ] ] } },
{ "type": "Feature", "properties": { "road_id": "OSM-WAY-281251020", "road_name": "", "road_class": "living_street", "source": "real:osm", "confidence": 1.0, "attribution": "© OpenStreetMap contributors" }, "geometry": { "type": "LineString", "coordinates": [ [ 78.4676986, 17.3730253 ], [ 78.4675743, 17.373326 ] ] } },
{ "type": "Feature", "properties": { "road_id": "OSM-WAY-281251022", "road_name": "", "road_class": "residential", "source": "real:osm", "confidence": 1.0, "attribution": "© OpenStreetMap contributors" }, "geometry": { "type": "LineString", "coordinates": [ [ 78.4626031, 17.3770502 ], [ 78.4629163, 17.3769762 ] ] } },
{ "type": "Feature", "properties": { "road_id": "OSM-WAY-281251024", "road_name": "", "road_class": "residential", "source": "real:osm", "confidence": 1.0, "attribution": "© OpenStreetMap contributors" }, "geometry": { "type": "LineString", "coordinates": [ [ 78.4553127, 17.370292 ], [ 78.4554102, 17.3701482 ], [ 78.4555241, 17.3699653 ] ] } },
{ "type": "Feature", "properties": { "road_id": "OSM-WAY-281251025", "road_name": "", "road_class": "residential", "source": "real:osm", "confidence": 1.0, "attribution": "© OpenStreetMap contributors" }, "geometry": { "type": "LineString", "coordinates": [ [ 78.4649985, 17.3717873 ], [ 78.464993, 17.3718007 ] ] } },
{ "type": "Feature", "properties": { "road_id": "OSM-WAY-281256034", "road_name": "", "road_class": "residential", "source": "real:osm", "confidence": 1.0, "attribution": "© OpenStreetMap contributors" }, "geometry": { "type": "LineString", "coordinates": [ [ 78.4588067, 17.3839076 ], [ 78.4588469, 17.3836822 ], [ 78.4588856, 17.3834222 ], [ 78.4589107, 17.3833572 ], [ 78.4590016, 17.3832819 ], [ 78.4590941, 17.3832105 ], [ 78.4591656, 17.3831074 ], [ 78.4591875, 17.3829922 ], [ 78.4591435, 17.3828205 ], [ 78.4590846, 17.3826913 ], [ 78.4589656, 17.3823883 ], [ 78.4588422, 17.3820294 ], [ 78.4579633, 17.3821996 ], [ 78.4576733, 17.3822504 ] ] } },
{ "type": "Feature", "properties": { "road_id": "OSM-WAY-281256040", "road_name": "", "road_class": "residential", "source": "real:osm", "confidence": 1.0, "attribution": "© OpenStreetMap contributors" }, "geometry": { "type": "LineString", "coordinates": [ [ 78.4613768, 17.3651549 ], [ 78.4612712, 17.3648144 ], [ 78.4612662, 17.3648061 ], [ 78.4612605, 17.3647985 ], [ 78.4612535, 17.3647929 ], [ 78.4612418, 17.3647881 ], [ 78.4611624, 17.3648056 ], [ 78.4611509, 17.3648106 ], [ 78.4611404, 17.3648178 ], [ 78.461135, 17.3648271 ], [ 78.4611327, 17.3648359 ], [ 78.4611335, 17.3648437 ], [ 78.4612333, 17.3651977 ] ] } },
{ "type": "Feature", "properties": { "road_id": "OSM-WAY-281256045", "road_name": "", "road_class": "residential", "source": "real:osm", "confidence": 1.0, "attribution": "© OpenStreetMap contributors" }, "geometry": { "type": "LineString", "coordinates": [ [ 78.464898, 17.3670874 ], [ 78.4646054, 17.3662546 ], [ 78.4644856, 17.3658254 ], [ 78.4643704, 17.3653504 ] ] } },
{ "type": "Feature", "properties": { "road_id": "OSM-WAY-281256049", "road_name": "", "road_class": "residential", "source": "real:osm", "confidence": 1.0, "attribution": "© OpenStreetMap contributors" }, "geometry": { "type": "LineString", "coordinates": [ [ 78.4610019, 17.3652674 ], [ 78.4609047, 17.3649498 ], [ 78.4606631, 17.3641872 ] ] } },
{ "type": "Feature", "properties": { "road_id": "OSM-WAY-281256056", "road_name": "", "road_class": "residential", "source": "real:osm", "confidence": 1.0, "attribution": "© OpenStreetMap contributors" }, "geometry": { "type": "LineString", "coordinates": [ [ 78.4626212, 17.366538 ], [ 78.4629289, 17.3664779 ], [ 78.4629171, 17.3663463 ], [ 78.4633029, 17.3662767 ], [ 78.4634154, 17.3662534 ], [ 78.4635543, 17.3662504 ], [ 78.4636803, 17.366263 ], [ 78.4637611, 17.366293 ], [ 78.463818, 17.3663113 ], [ 78.4640632, 17.3664077 ], [ 78.464168, 17.3664888 ], [ 78.4642704, 17.3666278 ], [ 78.4643784, 17.3667733 ], [ 78.4644901, 17.3669723 ], [ 78.4645921, 17.367207 ] ] } },
{ "type": "Feature", "properties": { "road_id": "OSM-WAY-281256058", "road_name": "", "road_class": "residential", "source": "real:osm", "confidence": 1.0, "attribution": "© OpenStreetMap contributors" }, "geometry": { "type": "LineString", "coordinates": [ [ 78.4594068, 17.3839074 ], [ 78.4588067, 17.3839076 ], [ 78.4580829, 17.3840831 ] ] } },
{ "type": "Feature", "properties": { "road_id": "OSM-WAY-281256059", "road_name": "", "road_class": "residential", "source": "real:osm", "confidence": 1.0, "attribution": "© OpenStreetMap contributors" }, "geometry": { "type": "LineString", "coordinates": [ [ 78.4582727, 17.3655875 ], [ 78.4582817, 17.3658696 ], [ 78.4582743, 17.3659119 ], [ 78.4582626, 17.3659842 ] ] } },
{ "type": "Feature", "properties": { "road_id": "OSM-WAY-281256060", "road_name": "", "road_class": "residential", "source": "real:osm", "confidence": 1.0, "attribution": "© OpenStreetMap contributors" }, "geometry": { "type": "LineString", "coordinates": [ [ 78.458044, 17.3843445 ], [ 78.4571917, 17.3843401 ], [ 78.457187, 17.3846004 ], [ 78.4572189, 17.3850029 ], [ 78.4572117, 17.3850727 ], [ 78.4571833, 17.3851251 ], [ 78.4571133, 17.3851565 ], [ 78.4568275, 17.3851177 ], [ 78.4566283, 17.3851154 ], [ 78.4562909, 17.3851658 ], [ 78.4559586, 17.3852297 ] ] } },
{ "type": "Feature", "properties": { "road_id": "OSM-WAY-281256061", "road_name": "", "road_class": "residential", "source": "real:osm", "confidence": 1.0, "attribution": "© OpenStreetMap contributors" }, "geometry": { "type": "LineString", "coordinates": [ [ 78.4659946, 17.3667277 ], [ 78.4658995, 17.3663331 ], [ 78.4658742, 17.3659545 ], [ 78.4658939, 17.3658341 ], [ 78.4659919, 17.3649629 ] ] } },
{ "type": "Feature", "properties": { "road_id": "OSM-WAY-281256065", "road_name": "", "road_class": "residential", "source": "real:osm", "confidence": 1.0, "attribution": "© OpenStreetMap contributors" }, "geometry": { "type": "LineString", "coordinates": [ [ 78.4626437, 17.366649 ], [ 78.4629717, 17.3665744 ], [ 78.4629901, 17.3666449 ], [ 78.4630352, 17.3668099 ], [ 78.4629729, 17.3668279 ] ] } },
{ "type": "Feature", "properties": { "road_id": "OSM-WAY-281256067", "road_name": "", "road_class": "residential", "source": "real:osm", "confidence": 1.0, "attribution": "© OpenStreetMap contributors" }, "geometry": { "type": "LineString", "coordinates": [ [ 78.4631022, 17.3657773 ], [ 78.4631595, 17.3659158 ], [ 78.4633029, 17.3662767 ], [ 78.4633413, 17.3664787 ], [ 78.4634803, 17.3669147 ], [ 78.4634692, 17.3669624 ], [ 78.4634132, 17.3670011 ], [ 78.4632487, 17.3671017 ], [ 78.4632084, 17.367142 ] ] } },
{ "type": "Feature", "properties": { "road_id": "OSM-WAY-281256071", "road_name": "", "road_class": "residential", "source": "real:osm", "confidence": 1.0, "attribution": "© OpenStreetMap contributors" }, "geometry": { "type": "LineString", "coordinates": [ [ 78.4580286, 17.3648433 ], [ 78.4587287, 17.3646979 ], [ 78.4588167, 17.3650108 ] ] } },
{ "type": "Feature", "properties": { "road_id": "OSM-WAY-281257226", "road_name": "", "road_class": "residential", "source": "real:osm", "confidence": 1.0, "attribution": "© OpenStreetMap contributors" }, "geometry": { "type": "LineString", "coordinates": [ [ 78.4555682, 17.3676665 ], [ 78.4555065, 17.3674127 ] ] } },
{ "type": "Feature", "properties": { "road_id": "OSM-WAY-281257235", "road_name": "", "road_class": "residential", "source": "real:osm", "confidence": 1.0, "attribution": "© OpenStreetMap contributors" }, "geometry": { "type": "LineString", "coordinates": [ [ 78.4543233, 17.3671598 ], [ 78.4544929, 17.3671115 ], [ 78.4547655, 17.3670312 ], [ 78.4550452, 17.3669491 ], [ 78.4553355, 17.3668534 ], [ 78.4556413, 17.3667829 ] ] } },
{ "type": "Feature", "properties": { "road_id": "OSM-WAY-281257251", "road_name": "", "road_class": "residential", "source": "real:osm", "confidence": 1.0, "attribution": "© OpenStreetMap contributors" }, "geometry": { "type": "LineString", "coordinates": [ [ 78.4541605, 17.3659495 ], [ 78.4544385, 17.3659012 ], [ 78.4547028, 17.3658569 ], [ 78.4547404, 17.365849 ], [ 78.4550708, 17.3657824 ], [ 78.4553093, 17.3657344 ], [ 78.455539, 17.3656799 ] ] } },
{ "type": "Feature", "properties": { "road_id": "OSM-WAY-281272813", "road_name": "", "road_class": "residential", "source": "real:osm", "confidence": 1.0, "attribution": "© OpenStreetMap contributors" }, "geometry": { "type": "LineString", "coordinates": [ [ 78.4684574, 17.3650138 ], [ 78.4684535, 17.3647325 ], [ 78.4683675, 17.3641496 ], [ 78.4681704, 17.3641946 ] ] } },
{ "type": "Feature", "properties": { "road_id": "OSM-WAY-281277329", "road_name": "", "road_class": "residential", "source": "real:osm", "confidence": 1.0, "attribution": "© OpenStreetMap contributors" }, "geometry": { "type": "LineString", "coordinates": [ [ 78.476955, 17.365685 ], [ 78.4768678, 17.3654732 ], [ 78.4767229, 17.3653507 ], [ 78.4765713, 17.3652475 ], [ 78.4764554, 17.3651065 ], [ 78.476148, 17.3646861 ], [ 78.4758803, 17.3646434 ], [ 78.4757729, 17.3643954 ] ] } },
{ "type": "Feature", "properties": { "road_id": "OSM-WAY-281277331", "road_name": "", "road_class": "residential", "source": "real:osm", "confidence": 1.0, "attribution": "© OpenStreetMap contributors" }, "geometry": { "type": "LineString", "coordinates": [ [ 78.4683025, 17.3629853 ], [ 78.4684345, 17.3634615 ], [ 78.4685158, 17.3637442 ], [ 78.4686988, 17.3644074 ], [ 78.4688469, 17.364699 ], [ 78.4690745, 17.365106 ], [ 78.4691385, 17.3652527 ], [ 78.4692452, 17.365435 ], [ 78.4693299, 17.3656563 ], [ 78.4693656, 17.365769 ], [ 78.469371, 17.3658966 ], [ 78.4693434, 17.3659915 ], [ 78.469379, 17.3662454 ], [ 78.4693896, 17.3664431 ], [ 78.4694099, 17.3665305 ], [ 78.4694422, 17.3666142 ], [ 78.4695726, 17.3669563 ] ] } },
{ "type": "Feature", "properties": { "road_id": "OSM-WAY-281277338", "road_name": "", "road_class": "residential", "source": "real:osm", "confidence": 1.0, "attribution": "© OpenStreetMap contributors" }, "geometry": { "type": "LineString", "coordinates": [ [ 78.47193, 17.3662141 ], [ 78.4718256, 17.366064 ], [ 78.4717722, 17.3658355 ], [ 78.4717596, 17.3656815 ], [ 78.4718253, 17.3655081 ], [ 78.4718382, 17.3653238 ], [ 78.4719224, 17.3652627 ], [ 78.4719527, 17.3650536 ], [ 78.4718681, 17.3648081 ] ] } },
{ "type": "Feature", "properties": { "road_id": "OSM-WAY-281277343", "road_name": "", "road_class": "residential", "source": "real:osm", "confidence": 1.0, "attribution": "© OpenStreetMap contributors" }, "geometry": { "type": "LineString", "coordinates": [ [ 78.4709084, 17.3636228 ], [ 78.4710699, 17.36418 ], [ 78.4711146, 17.3643547 ], [ 78.4711897, 17.3644856 ], [ 78.4713233, 17.364627 ], [ 78.4714455, 17.3649583 ], [ 78.4715308, 17.3651679 ], [ 78.4717354, 17.3652772 ], [ 78.4718382, 17.3653238 ] ] } },
{ "type": "Feature", "properties": { "road_id": "OSM-WAY-281277350", "road_name": "", "road_class": "residential", "source": "real:osm", "confidence": 1.0, "attribution": "© OpenStreetMap contributors" }, "geometry": { "type": "LineString", "coordinates": [ [ 78.4797413, 17.3650118 ], [ 78.479759, 17.3650485 ], [ 78.4799489, 17.3657865 ] ] } },
{ "type": "Feature", "properties": { "road_id": "OSM-WAY-281277351", "road_name": "", "road_class": "residential", "source": "real:osm", "confidence": 1.0, "attribution": "© OpenStreetMap contributors" }, "geometry": { "type": "LineString", "coordinates": [ [ 78.4698236, 17.3654843 ], [ 78.4696424, 17.3655518 ], [ 78.469526, 17.3652327 ] ] } },
{ "type": "Feature", "properties": { "road_id": "OSM-WAY-281277352", "road_name": "", "road_class": "residential", "source": "real:osm", "confidence": 1.0, "attribution": "© OpenStreetMap contributors" }, "geometry": { "type": "LineString", "coordinates": [ [ 78.4709971, 17.3655214 ], [ 78.4705255, 17.3656459 ] ] } },
{ "type": "Feature", "properties": { "road_id": "OSM-WAY-281277353", "road_name": "", "road_class": "residential", "source": "real:osm", "confidence": 1.0, "attribution": "© OpenStreetMap contributors" }, "geometry": { "type": "LineString", "coordinates": [ [ 78.4698391, 17.3648688 ], [ 78.4700216, 17.3653439 ], [ 78.4698058, 17.365434 ] ] } },
{ "type": "Feature", "properties": { "road_id": "OSM-WAY-281277358", "road_name": "", "road_class": "residential", "source": "real:osm", "confidence": 1.0, "attribution": "© OpenStreetMap contributors" }, "geometry": { "type": "LineString", "coordinates": [ [ 78.4708322, 17.3682845 ], [ 78.4707271, 17.3675892 ], [ 78.4707288, 17.3675359 ], [ 78.4707388, 17.367222 ], [ 78.470665, 17.3670685 ], [ 78.4706121, 17.3669116 ], [ 78.4705689, 17.3667566 ], [ 78.4705465, 17.3664914 ], [ 78.4703925, 17.3661529 ], [ 78.470302, 17.3659585 ], [ 78.4702431, 17.3657997 ], [ 78.4703354, 17.365772 ] ] } },
{ "type": "Feature", "properties": { "road_id": "OSM-WAY-281277364", "road_name": "", "road_class": "residential", "source": "real:osm", "confidence": 1.0, "attribution": "© OpenStreetMap contributors" }, "geometry": { "type": "LineString", "coordinates": [ [ 78.4703806, 17.3673122 ], [ 78.4703578, 17.3670125 ], [ 78.4698236, 17.3654843 ], [ 78.4698058, 17.365434 ] ] } },
{ "type": "Feature", "properties": { "road_id": "OSM-WAY-281518754", "road_name": "", "road_class": "residential", "source": "real:osm", "confidence": 1.0, "attribution": "© OpenStreetMap contributors" }, "geometry": { "type": "LineString", "coordinates": [ [ 78.4787592, 17.3788535 ], [ 78.4790309, 17.3787942 ], [ 78.4793823, 17.3787284 ], [ 78.4794513, 17.3787254 ], [ 78.4794927, 17.3787452 ], [ 78.4795152, 17.3787225 ], [ 78.4795532, 17.3786841 ], [ 78.4796984, 17.3785175 ], [ 78.4798067, 17.378419 ], [ 78.4798598, 17.3783672 ], [ 78.4798983, 17.378335 ], [ 78.4799497, 17.3783054 ] ] } },
{ "type": "Feature", "properties": { "road_id": "OSM-WAY-281518755", "road_name": "", "road_class": "residential", "source": "real:osm", "confidence": 1.0, "attribution": "© OpenStreetMap contributors" }, "geometry": { "type": "LineString", "coordinates": [ [ 78.4792953, 17.3794653 ], [ 78.4791491, 17.3797846 ] ] } },
{ "type": "Feature", "properties": { "road_id": "OSM-WAY-281518756", "road_name": "", "road_class": "residential", "source": "real:osm", "confidence": 1.0, "attribution": "© OpenStreetMap contributors" }, "geometry": { "type": "LineString", "coordinates": [ [ 78.4806493, 17.3788764 ], [ 78.4802998, 17.3781283 ] ] } },
{ "type": "Feature", "properties": { "road_id": "OSM-WAY-281518758", "road_name": "", "road_class": "residential", "source": "real:osm", "confidence": 1.0, "attribution": "© OpenStreetMap contributors" }, "geometry": { "type": "LineString", "coordinates": [ [ 78.4802445, 17.3781323 ], [ 78.4799812, 17.3782869 ], [ 78.4799497, 17.3783054 ] ] } },
{ "type": "Feature", "properties": { "road_id": "OSM-WAY-281518760", "road_name": "", "road_class": "residential", "source": "real:osm", "confidence": 1.0, "attribution": "© OpenStreetMap contributors" }, "geometry": { "type": "LineString", "coordinates": [ [ 78.4791879, 17.3764477 ], [ 78.4792318, 17.3768301 ], [ 78.4796192, 17.3769703 ], [ 78.4797667, 17.3771052 ] ] } },
{ "type": "Feature", "properties": { "road_id": "OSM-WAY-281518761", "road_name": "", "road_class": "living_street", "source": "real:osm", "confidence": 1.0, "attribution": "© OpenStreetMap contributors" }, "geometry": { "type": "LineString", "coordinates": [ [ 78.4801778, 17.3749659 ], [ 78.4798818, 17.375142 ], [ 78.4798766, 17.3751804 ], [ 78.4798644, 17.3752046 ], [ 78.4798249, 17.3752249 ], [ 78.4798056, 17.3752287 ], [ 78.4795814, 17.3752713 ] ] } },
{ "type": "Feature", "properties": { "road_id": "OSM-WAY-281518763", "road_name": "", "road_class": "residential", "source": "real:osm", "confidence": 1.0, "attribution": "© OpenStreetMap contributors" }, "geometry": { "type": "LineString", "coordinates": [ [ 78.4807993, 17.3760533 ], [ 78.4806787, 17.3761134 ], [ 78.4806358, 17.3761256 ], [ 78.4805718, 17.3761406 ], [ 78.4805289, 17.3761563 ], [ 78.480493, 17.3761766 ], [ 78.4804645, 17.3761976 ], [ 78.4804467, 17.3762356 ], [ 78.4804493, 17.3763156 ], [ 78.4805211, 17.3763544 ], [ 78.4805537, 17.3763588 ], [ 78.480609, 17.376371 ] ] } },
{ "type": "Feature", "properties": { "road_id": "OSM-WAY-281518764", "road_name": "", "road_class": "residential", "source": "real:osm", "confidence": 1.0, "attribution": "© OpenStreetMap contributors" }, "geometry": { "type": "LineString", "coordinates": [ [ 78.4809063, 17.377075 ], [ 78.480609, 17.376371 ], [ 78.4806422, 17.3763432 ], [ 78.4806563, 17.3763204 ], [ 78.4806673, 17.3762721 ], [ 78.4806784, 17.3762152 ], [ 78.4806838, 17.3761656 ], [ 78.4806787, 17.3761134 ] ] } },
{ "type": "Feature", "properties": { "road_id": "OSM-WAY-281518765", "road_name": "", "road_class": "residential", "source": "real:osm", "confidence": 1.0, "attribution": "© OpenStreetMap contributors" }, "geometry": { "type": "LineString", "coordinates": [ [ 78.4792953, 17.3794653 ], [ 78.4797849, 17.3792979 ], [ 78.4803064, 17.3791679 ], [ 78.4804664, 17.3791348 ], [ 78.4805149, 17.3791182 ] ] } },
{ "type": "Feature", "properties": { "road_id": "OSM-WAY-281518767", "road_name": "", "road_class": "residential", "source": "real:osm", "confidence": 1.0, "attribution": "© OpenStreetMap contributors" }, "geometry": { "type": "LineString", "coordinates": [ [ 78.4801157, 17.3796509 ], [ 78.4804357, 17.3794671 ] ] } },
{ "type": "Feature", "properties": { "road_id": "OSM-WAY-281518768", "road_name": "", "road_class": "residential", "source": "real:osm", "confidence": 1.0, "attribution": "© OpenStreetMap contributors" }, "geometry": { "type": "LineString", "coordinates": [ [ 78.4795237, 17.3757673 ], [ 78.4796897, 17.3763898 ], [ 78.4797353, 17.3765524 ], [ 78.4797882, 17.3768398 ], [ 78.4797923, 17.3769383 ], [ 78.479793, 17.3770184 ], [ 78.4797667, 17.3771052 ], [ 78.4797411, 17.3772904 ], [ 78.4797382, 17.3774002 ], [ 78.4797588, 17.37754 ], [ 78.4797712, 17.3776717 ] ] } },
{ "type": "Feature", "properties": { "road_id": "OSM-WAY-281518771", "road_name": "", "road_class": "residential", "source": "real:osm", "confidence": 1.0, "attribution": "© OpenStreetMap contributors" }, "geometry": { "type": "LineString", "coordinates": [ [ 78.4809268, 17.3796662 ], [ 78.4807179, 17.379321 ], [ 78.4807354, 17.379285 ], [ 78.4807427, 17.3792396 ], [ 78.4807023, 17.3790664 ], [ 78.4811225, 17.3789628 ], [ 78.4812604, 17.3789292 ] ] } },
{ "type": "Feature", "properties": { "road_id": "OSM-WAY-281518772", "road_name": "", "road_class": "living_street", "source": "real:osm", "confidence": 1.0, "attribution": "© OpenStreetMap contributors" }, "geometry": { "type": "LineString", "coordinates": [ [ 78.4790343, 17.3747322 ], [ 78.4791115, 17.3748769 ], [ 78.4791301, 17.3749059 ], [ 78.4791489, 17.3749482 ], [ 78.4791782, 17.3750256 ], [ 78.4791805, 17.3751095 ], [ 78.4791686, 17.375184 ], [ 78.4791505, 17.3752605 ], [ 78.4791452, 17.3753153 ], [ 78.4791476, 17.3753428 ], [ 78.4791823, 17.3755109 ], [ 78.4791935, 17.3755649 ], [ 78.4792095, 17.3755949 ], [ 78.479245, 17.3756177 ], [ 78.479294, 17.3756603 ], [ 78.4793168, 17.3756968 ], [ 78.4793415, 17.3758131 ] ] } },
{ "type": "Feature", "properties": { "road_id": "OSM-WAY-281518773", "road_name": "", "road_class": "residential", "source": "real:osm", "confidence": 1.0, "attribution": "© OpenStreetMap contributors" }, "geometry": { "type": "LineString", "coordinates": [ [ 78.4792273, 17.3793973 ], [ 78.4794483, 17.3791845 ], [ 78.4795448, 17.3791032 ], [ 78.4796018, 17.3790777 ], [ 78.4796769, 17.3790569 ], [ 78.4801405, 17.3790052 ], [ 78.4803541, 17.3789813 ], [ 78.4806493, 17.3788764 ], [ 78.4812474, 17.3785958 ] ] } },
{ "type": "Feature", "properties": { "road_id": "OSM-WAY-281519626", "road_name": "", "road_class": "residential", "source": "real:osm", "confidence": 1.0, "attribution": "© OpenStreetMap contributors" }, "geometry": { "type": "LineString", "coordinates": [ [ 78.4743747, 17.384564 ], [ 78.4746933, 17.3848356 ], [ 78.4749309, 17.3849352 ], [ 78.4752176, 17.3849324 ], [ 78.4755363, 17.3848274 ], [ 78.4756388, 17.3847543 ], [ 78.4757486, 17.3846745 ] ] } },
{ "type": "Feature", "properties": { "road_id": "OSM-WAY-281519806", "road_name": "", "road_class": "residential", "source": "real:osm", "confidence": 1.0, "attribution": "© OpenStreetMap contributors" }, "geometry": { "type": "LineString", "coordinates": [ [ 78.4693896, 17.3664431 ], [ 78.4692079, 17.3664571 ], [ 78.4691328, 17.366461 ], [ 78.4690141, 17.3664777 ], [ 78.4689688, 17.3663708 ], [ 78.4688732, 17.3663532 ], [ 78.4687856, 17.3663584 ], [ 78.468767, 17.3663652 ], [ 78.4685268, 17.3663978 ], [ 78.4684916, 17.3664025 ], [ 78.4683615, 17.3664181 ] ] } },
{ "type": "Feature", "properties": { "road_id": "OSM-WAY-281519825", "road_name": "", "road_class": "residential", "source": "real:osm", "confidence": 1.0, "attribution": "© OpenStreetMap contributors" }, "geometry": { "type": "LineString", "coordinates": [ [ 78.4671257, 17.3786399 ], [ 78.4670961, 17.3785063 ], [ 78.4670447, 17.3782352 ] ] } },
{ "type": "Feature", "properties": { "road_id": "OSM-WAY-281519829", "road_name": "", "road_class": "residential", "source": "real:osm", "confidence": 1.0, "attribution": "© OpenStreetMap contributors" }, "geometry": { "type": "LineString", "coordinates": [ [ 78.4703594, 17.3756522 ], [ 78.4698898, 17.3758169 ] ] } },
{ "type": "Feature", "properties": { "road_id": "OSM-WAY-281519836", "road_name": "", "road_class": "residential", "source": "real:osm", "confidence": 1.0, "attribution": "© OpenStreetMap contributors" }, "geometry": { "type": "LineString", "coordinates": [ [ 78.4550642, 17.3768286 ], [ 78.4558149, 17.3768243 ] ] } },
{ "type": "Feature", "properties": { "road_id": "OSM-WAY-281519839", "road_name": "", "road_class": "residential", "source": "real:osm", "confidence": 1.0, "attribution": "© OpenStreetMap contributors" }, "geometry": { "type": "LineString", "coordinates": [ [ 78.4838299, 17.3704091 ], [ 78.4841965, 17.3703312 ], [ 78.4845408, 17.3702581 ] ] } },
{ "type": "Feature", "properties": { "road_id": "OSM-WAY-281519841", "road_name": "", "road_class": "residential", "source": "real:osm", "confidence": 1.0, "attribution": "© OpenStreetMap contributors" }, "geometry": { "type": "LineString", "coordinates": [ [ 78.4670971, 17.3797009 ], [ 78.4668743, 17.3785872 ] ] } },
{ "type": "Feature", "properties": { "road_id": "OSM-WAY-281519843", "road_name": "", "road_class": "residential", "source": "real:osm", "confidence": 1.0, "attribution": "© OpenStreetMap contributors" }, "geometry": { "type": "LineString", "coordinates": [ [ 78.4850088, 17.370327 ], [ 78.4849036, 17.37006 ] ] } },
{ "type": "Feature", "properties": { "road_id": "OSM-WAY-281519847", "road_name": "", "road_class": "residential", "source": "real:osm", "confidence": 1.0, "attribution": "© OpenStreetMap contributors" }, "geometry": { "type": "LineString", "coordinates": [ [ 78.4783828, 17.3674756 ], [ 78.478147, 17.3667352 ] ] } },
{ "type": "Feature", "properties": { "road_id": "OSM-WAY-281519848", "road_name": "", "road_class": "residential", "source": "real:osm", "confidence": 1.0, "attribution": "© OpenStreetMap contributors" }, "geometry": { "type": "LineString", "coordinates": [ [ 78.4799984, 17.3652027 ], [ 78.4806288, 17.3650624 ] ] } },
{ "type": "Feature", "properties": { "road_id": "OSM-WAY-281519851", "road_name": "", "road_class": "residential", "source": "real:osm", "confidence": 1.0, "attribution": "© OpenStreetMap contributors" }, "geometry": { "type": "LineString", "coordinates": [ [ 78.4705999, 17.3760752 ], [ 78.4707402, 17.3767525 ] ] } },
{ "type": "Feature", "properties": { "road_id": "OSM-WAY-281519857", "road_name": "", "road_class": "residential", "source": "real:osm", "confidence": 1.0, "attribution": "© OpenStreetMap contributors" }, "geometry": { "type": "LineString", "coordinates": [ [ 78.4550308, 17.3766407 ], [ 78.4557764, 17.3766428 ] ] } },
{ "type": "Feature", "properties": { "road_id": "OSM-WAY-281519861", "road_name": "", "road_class": "service", "source": "real:osm", "confidence": 1.0, "attribution": "© OpenStreetMap contributors" }, "geometry": { "type": "LineString", "coordinates": [ [ 78.484173, 17.3715983 ], [ 78.48434, 17.3715665 ], [ 78.4844125, 17.3719139 ], [ 78.4842427, 17.3719479 ] ] } },
{ "type": "Feature", "properties": { "road_id": "OSM-WAY-281519862", "road_name": "", "road_class": "residential", "source": "real:osm", "confidence": 1.0, "attribution": "© OpenStreetMap contributors" }, "geometry": { "type": "LineString", "coordinates": [ [ 78.4812888, 17.3659737 ], [ 78.482323, 17.365906 ] ] } },
{ "type": "Feature", "properties": { "road_id": "OSM-WAY-281519877", "road_name": "", "road_class": "residential", "source": "real:osm", "confidence": 1.0, "attribution": "© OpenStreetMap contributors" }, "geometry": { "type": "LineString", "coordinates": [ [ 78.4727307, 17.3681581 ], [ 78.472522, 17.3681935 ], [ 78.4721026, 17.3682761 ] ] } },
{ "type": "Feature", "properties": { "road_id": "OSM-WAY-281519878", "road_name": "", "road_class": "living_street", "source": "real:osm", "confidence": 1.0, "attribution": "© OpenStreetMap contributors" }, "geometry": { "type": "LineString", "coordinates": [ [ 78.4787552, 17.3698681 ], [ 78.478726, 17.3698632 ], [ 78.4780293, 17.369926 ] ] } },
{ "type": "Feature", "properties": { "road_id": "OSM-WAY-281519884", "road_name": "", "road_class": "residential", "source": "real:osm", "confidence": 1.0, "attribution": "© OpenStreetMap contributors" }, "geometry": { "type": "LineString", "coordinates": [ [ 78.462904, 17.3793775 ], [ 78.4628405, 17.3797687 ] ] } },
{ "type": "Feature", "properties": { "road_id": "OSM-WAY-281519887", "road_name": "", "road_class": "residential", "source": "real:osm", "confidence": 1.0, "attribution": "© OpenStreetMap contributors" }, "geometry": { "type": "LineString", "coordinates": [ [ 78.4673985, 17.3798483 ], [ 78.4672486, 17.3789927 ] ] } },
{ "type": "Feature", "properties": { "road_id": "OSM-WAY-281519911", "road_name": "", "road_class": "residential", "source": "real:osm", "confidence": 1.0, "attribution": "© OpenStreetMap contributors" }, "geometry": { "type": "LineString", "coordinates": [ [ 78.4831442, 17.3688585 ], [ 78.4834237, 17.3687694 ], [ 78.4836514, 17.3687019 ], [ 78.4839565, 17.3686025 ] ] } },
{ "type": "Feature", "properties": { "road_id": "OSM-WAY-281519929", "road_name": "", "road_class": "residential", "source": "real:osm", "confidence": 1.0, "attribution": "© OpenStreetMap contributors" }, "geometry": { "type": "LineString", "coordinates": [ [ 78.4599522, 17.3783157 ], [ 78.4599244, 17.3778862 ] ] } },
{ "type": "Feature", "properties": { "road_id": "OSM-WAY-281519930", "road_name": "", "road_class": "residential", "source": "real:osm", "confidence": 1.0, "attribution": "© OpenStreetMap contributors" }, "geometry": { "type": "LineString", "coordinates": [ [ 78.4549927, 17.3764519 ], [ 78.4557294, 17.3764459 ] ] } },
{ "type": "Feature", "properties": { "road_id": "OSM-WAY-281519931", "road_name": "", "road_class": "residential", "source": "real:osm", "confidence": 1.0, "attribution": "© OpenStreetMap contributors" }, "geometry": { "type": "LineString", "coordinates": [ [ 78.4778433, 17.3668239 ], [ 78.4776493, 17.3662394 ] ] } },
{ "type": "Feature", "properties": { "road_id": "OSM-WAY-281519941", "road_name": "", "road_class": "residential", "source": "real:osm", "confidence": 1.0, "attribution": "© OpenStreetMap contributors" }, "geometry": { "type": "LineString", "coordinates": [ [ 78.4549741, 17.3762602 ], [ 78.4557572, 17.3762384 ], [ 78.4561269, 17.3762268 ] ] } },
{ "type": "Feature", "properties": { "road_id": "OSM-WAY-281519944", "road_name": "", "road_class": "residential", "source": "real:osm", "confidence": 1.0, "attribution": "© OpenStreetMap contributors" }, "geometry": { "type": "LineString", "coordinates": [ [ 78.4831546, 17.3689104 ], [ 78.4830083, 17.3689553 ], [ 78.4829018, 17.3689881 ] ] } },
{ "type": "Feature", "properties": { "road_id": "OSM-WAY-281519961", "road_name": "", "road_class": "residential", "source": "real:osm", "confidence": 1.0, "attribution": "© OpenStreetMap contributors" }, "geometry": { "type": "LineString", "coordinates": [ [ 78.4672084, 17.3796882 ], [ 78.4671485, 17.3792522 ], [ 78.4670228, 17.378659 ] ] } },
{ "type": "Feature", "properties": { "road_id": "OSM-WAY-281519965", "road_name": "", "road_class": "living_street", "source": "real:osm", "confidence": 1.0, "attribution": "© OpenStreetMap contributors" }, "geometry": { "type": "LineString", "coordinates": [ [ 78.4828013, 17.3687034 ], [ 78.4829018, 17.3689881 ], [ 78.482983, 17.36923 ] ] } },
{ "type": "Feature", "properties": { "road_id": "OSM-WAY-281519966", "road_name": "", "road_class": "residential", "source": "real:osm", "confidence": 1.0, "attribution": "© OpenStreetMap contributors" }, "geometry": { "type": "LineString", "coordinates": [ [ 78.4834237, 17.3687694 ], [ 78.4835519, 17.3692566 ], [ 78.4836469, 17.3695977 ] ] } },
{ "type": "Feature", "properties": { "road_id": "OSM-WAY-281519967", "road_name": "", "road_class": "residential", "source": "real:osm", "confidence": 1.0, "attribution": "© OpenStreetMap contributors" }, "geometry": { "type": "LineString", "coordinates": [ [ 78.4670228, 17.378659 ], [ 78.4671257, 17.3786399 ], [ 78.4674691, 17.3785833 ] ] } },
{ "type": "Feature", "properties": { "road_id": "OSM-WAY-281519977", "road_name": "", "road_class": "residential", "source": "real:osm", "confidence": 1.0, "attribution": "© OpenStreetMap contributors" }, "geometry": { "type": "LineString", "coordinates": [ [ 78.472174, 17.365931 ], [ 78.4722473, 17.366138 ], [ 78.4723335, 17.366426 ], [ 78.4723098, 17.3664676 ] ] } },
{ "type": "Feature", "properties": { "road_id": "OSM-WAY-281519983", "road_name": "", "road_class": "residential", "source": "real:osm", "confidence": 1.0, "attribution": "© OpenStreetMap contributors" }, "geometry": { "type": "LineString", "coordinates": [ [ 78.4767195, 17.3672909 ], [ 78.4766817, 17.3671935 ], [ 78.4765964, 17.3669557 ], [ 78.4765388, 17.3669733 ], [ 78.4764553, 17.366995 ], [ 78.4764304, 17.3669188 ], [ 78.4764183, 17.3668797 ], [ 78.4763871, 17.366786 ], [ 78.4762729, 17.3668087 ], [ 78.4761776, 17.3665142 ], [ 78.476133, 17.3663521 ], [ 78.476108, 17.3662318 ] ] } },
{ "type": "Feature", "properties": { "road_id": "OSM-WAY-281520006", "road_name": "", "road_class": "residential", "source": "real:osm", "confidence": 1.0, "attribution": "© OpenStreetMap contributors" }, "geometry": { "type": "LineString", "coordinates": [ [ 78.4843561, 17.3747261 ], [ 78.4847054, 17.3744894 ], [ 78.4849018, 17.3743712 ] ] } },
{ "type": "Feature", "properties": { "road_id": "OSM-WAY-281520008", "road_name": "", "road_class": "residential", "source": "real:osm", "confidence": 1.0, "attribution": "© OpenStreetMap contributors" }, "geometry": { "type": "LineString", "coordinates": [ [ 78.4713425, 17.3679481 ], [ 78.4712987, 17.368043 ], [ 78.4713731, 17.3683532 ] ] } },
{ "type": "Feature", "properties": { "road_id": "OSM-WAY-281520012", "road_name": "", "road_class": "residential", "source": "real:osm", "confidence": 1.0, "attribution": "© OpenStreetMap contributors" }, "geometry": { "type": "LineString", "coordinates": [ [ 78.4840873, 17.3713695 ], [ 78.4839827, 17.37093 ], [ 78.4838727, 17.3705551 ], [ 78.4838299, 17.3704091 ], [ 78.4837079, 17.3699241 ] ] } },
{ "type": "Feature", "properties": { "road_id": "OSM-WAY-281520026", "road_name": "", "road_class": "residential", "source": "real:osm", "confidence": 1.0, "attribution": "© OpenStreetMap contributors" }, "geometry": { "type": "LineString", "coordinates": [ [ 78.4757113, 17.3665979 ], [ 78.4761776, 17.3665142 ] ] } },
{ "type": "Feature", "properties": { "road_id": "OSM-WAY-281520030", "road_name": "", "road_class": "residential", "source": "real:osm", "confidence": 1.0, "attribution": "© OpenStreetMap contributors" }, "geometry": { "type": "LineString", "coordinates": [ [ 78.4603035, 17.3796583 ], [ 78.4602395, 17.3795914 ], [ 78.4601765, 17.3793858 ], [ 78.4601387, 17.3792197 ] ] } },
{ "type": "Feature", "properties": { "road_id": "OSM-WAY-281520038", "road_name": "", "road_class": "residential", "source": "real:osm", "confidence": 1.0, "attribution": "© OpenStreetMap contributors" }, "geometry": { "type": "LineString", "coordinates": [ [ 78.4796332, 17.3687364 ], [ 78.4796684, 17.3693121 ], [ 78.4797438, 17.3693162 ], [ 78.4797669, 17.3695583 ] ] } },
{ "type": "Feature", "properties": { "road_id": "OSM-WAY-281520042", "road_name": "", "road_class": "residential", "source": "real:osm", "confidence": 1.0, "attribution": "© OpenStreetMap contributors" }, "geometry": { "type": "LineString", "coordinates": [ [ 78.4838609, 17.3721267 ], [ 78.4836884, 17.3715454 ], [ 78.4836233, 17.3712742 ] ] } },
{ "type": "Feature", "properties": { "road_id": "OSM-WAY-281520044", "road_name": "", "road_class": "living_street", "source": "real:osm", "confidence": 1.0, "attribution": "© OpenStreetMap contributors" }, "geometry": { "type": "LineString", "coordinates": [ [ 78.4787552, 17.3698681 ], [ 78.478773, 17.3698809 ], [ 78.4787895, 17.3700279 ], [ 78.4787844, 17.3700448 ], [ 78.4787707, 17.3700574 ], [ 78.4782569, 17.3700982 ], [ 78.4781577, 17.3701068 ], [ 78.4780476, 17.3701164 ] ] } },
{ "type": "Feature", "properties": { "road_id": "OSM-WAY-281520046", "road_name": "", "road_class": "residential", "source": "real:osm", "confidence": 1.0, "attribution": "© OpenStreetMap contributors" }, "geometry": { "type": "LineString", "coordinates": [ [ 78.4578858, 17.3779819 ], [ 78.4579937, 17.3778103 ], [ 78.4582385, 17.3778405 ], [ 78.4582718, 17.377754 ] ] } },
{ "type": "Feature", "properties": { "road_id": "OSM-WAY-281520051", "road_name": "", "road_class": "residential", "source": "real:osm", "confidence": 1.0, "attribution": "© OpenStreetMap contributors" }, "geometry": { "type": "LineString", "coordinates": [ [ 78.4830705, 17.3686162 ], [ 78.4831406, 17.3688368 ], [ 78.4831442, 17.3688585 ], [ 78.4831504, 17.3688969 ], [ 78.4831546, 17.3689104 ], [ 78.4832873, 17.3693359 ], [ 78.4835004, 17.3700196 ] ] } },
{ "type": "Feature", "properties": { "road_id": "OSM-WAY-281520053", "road_name": "", "road_class": "residential", "source": "real:osm", "confidence": 1.0, "attribution": "© OpenStreetMap contributors" }, "geometry": { "type": "LineString", "coordinates": [ [ 78.4838314, 17.3711867 ], [ 78.483848, 17.3712756 ], [ 78.4839876, 17.3720819 ], [ 78.4839946, 17.3721064 ] ] } },
{ "type": "Feature", "properties": { "road_id": "OSM-WAY-281520055", "road_name": "", "road_class": "residential", "source": "real:osm", "confidence": 1.0, "attribution": "© OpenStreetMap contributors" }, "geometry": { "type": "LineString", "coordinates": [ [ 78.4812247, 17.3656102 ], [ 78.4812888, 17.3659737 ], [ 78.4813266, 17.366225 ], [ 78.4813541, 17.3664079 ], [ 78.4823579, 17.366347 ] ] } },
{ "type": "Feature", "properties": { "road_id": "OSM-WAY-281520061", "road_name": "", "road_class": "residential", "source": "real:osm", "confidence": 1.0, "attribution": "© OpenStreetMap contributors" }, "geometry": { "type": "LineString", "coordinates": [ [ 78.4829776, 17.3703243 ], [ 78.4829205, 17.370107 ], [ 78.4829077, 17.3700474 ], [ 78.4828979, 17.3699073 ] ] } },
{ "type": "Feature", "properties": { "road_id": "OSM-WAY-281520063", "road_name": "", "road_class": "residential", "source": "real:osm", "confidence": 1.0, "attribution": "© OpenStreetMap contributors" }, "geometry": { "type": "LineString", "coordinates": [ [ 78.4821199, 17.3709966 ], [ 78.4823793, 17.3709465 ], [ 78.4827223, 17.3709039 ], [ 78.4829229, 17.3708637 ] ] } },
{ "type": "Feature", "properties": { "road_id": "OSM-WAY-281520093", "road_name": "", "road_class": "residential", "source": "real:osm", "confidence": 1.0, "attribution": "© OpenStreetMap contributors" }, "geometry": { "type": "LineString", "coordinates": [ [ 78.4667838, 17.378561 ], [ 78.4669059, 17.3791023 ], [ 78.4669593, 17.3793944 ], [ 78.4670025, 17.379673 ], [ 78.4670335, 17.3796809 ], [ 78.4670641, 17.3796908 ], [ 78.4670971, 17.3797009 ], [ 78.4672084, 17.3796882 ], [ 78.4672353, 17.3796919 ], [ 78.4672511, 17.3797134 ], [ 78.4672714, 17.379873 ] ] } },
{ "type": "Feature", "properties": { "road_id": "OSM-WAY-281520103", "road_name": "", "road_class": "residential", "source": "real:osm", "confidence": 1.0, "attribution": "© OpenStreetMap contributors" }, "geometry": { "type": "LineString", "coordinates": [ [ 78.486086, 17.3750642 ], [ 78.4860718, 17.3750408 ], [ 78.4860307, 17.3749733 ], [ 78.486013, 17.3749557 ], [ 78.4859794, 17.3749401 ], [ 78.4859224, 17.374942 ], [ 78.4858601, 17.3749567 ], [ 78.4853249, 17.3751427 ], [ 78.4852871, 17.3751598 ], [ 78.4849838, 17.3753355 ] ] } },
{ "type": "Feature", "properties": { "road_id": "OSM-WAY-281520104", "road_name": "", "road_class": "residential", "source": "real:osm", "confidence": 1.0, "attribution": "© OpenStreetMap contributors" }, "geometry": { "type": "LineString", "coordinates": [ [ 78.4608677, 17.3805552 ], [ 78.4606349, 17.380641 ], [ 78.4605988, 17.3806382 ], [ 78.4605708, 17.3806216 ], [ 78.4605505, 17.3805799 ], [ 78.4605329, 17.3805583 ], [ 78.4604857, 17.3805288 ], [ 78.4604606, 17.3804888 ], [ 78.4603815, 17.3802294 ] ] } },
{ "type": "Feature", "properties": { "road_id": "OSM-WAY-281520109", "road_name": "", "road_class": "residential", "source": "real:osm", "confidence": 1.0, "attribution": "© OpenStreetMap contributors" }, "geometry": { "type": "LineString", "coordinates": [ [ 78.4822047, 17.3713629 ], [ 78.4824859, 17.3713081 ], [ 78.4827626, 17.3712471 ], [ 78.4828066, 17.3712373 ], [ 78.4831579, 17.3711594 ], [ 78.4832149, 17.3711413 ], [ 78.4835513, 17.3710346 ], [ 78.483699, 17.3709988 ], [ 78.4839827, 17.37093 ] ] } },
{ "type": "Feature", "properties": { "road_id": "OSM-WAY-281520111", "road_name": "", "road_class": "residential", "source": "real:osm", "confidence": 1.0, "attribution": "© OpenStreetMap contributors" }, "geometry": { "type": "LineString", "coordinates": [ [ 78.4708752, 17.3671732 ], [ 78.4709698, 17.3674207 ], [ 78.4711203, 17.3673934 ], [ 78.4711297, 17.367419 ], [ 78.4711848, 17.3677185 ], [ 78.4713425, 17.3679481 ], [ 78.4715284, 17.3681877 ], [ 78.4716304, 17.3683864 ] ] } },
{ "type": "Feature", "properties": { "road_id": "OSM-WAY-281546838", "road_name": "", "road_class": "residential", "source": "real:osm", "confidence": 1.0, "attribution": "© OpenStreetMap contributors" }, "geometry": { "type": "LineString", "coordinates": [ [ 78.4561292, 17.3815795 ], [ 78.4558343, 17.3809203 ] ] } },
{ "type": "Feature", "properties": { "road_id": "OSM-WAY-281546841", "road_name": "", "road_class": "residential", "source": "real:osm", "confidence": 1.0, "attribution": "© OpenStreetMap contributors" }, "geometry": { "type": "LineString", "coordinates": [ [ 78.463257, 17.3818177 ], [ 78.4637821, 17.3818428 ] ] } },
{ "type": "Feature", "properties": { "road_id": "OSM-WAY-281546849", "road_name": "", "road_class": "residential", "source": "real:osm", "confidence": 1.0, "attribution": "© OpenStreetMap contributors" }, "geometry": { "type": "LineString", "coordinates": [ [ 78.4561882, 17.3815496 ], [ 78.4559202, 17.3809378 ] ] } },
{ "type": "Feature", "properties": { "road_id": "OSM-WAY-281546859", "road_name": "", "road_class": "residential", "source": "real:osm", "confidence": 1.0, "attribution": "© OpenStreetMap contributors" }, "geometry": { "type": "LineString", "coordinates": [ [ 78.4577899, 17.380118 ], [ 78.4574001, 17.3801219 ], [ 78.4571305, 17.3801075 ] ] } },
{ "type": "Feature", "properties": { "road_id": "OSM-WAY-281546865", "road_name": "", "road_class": "residential", "source": "real:osm", "confidence": 1.0, "attribution": "© OpenStreetMap contributors" }, "geometry": { "type": "LineString", "coordinates": [ [ 78.4566677, 17.3809506 ], [ 78.4564731, 17.3804928 ] ] } },
{ "type": "Feature", "properties": { "road_id": "OSM-WAY-281764141", "road_name": "", "road_class": "residential", "source": "real:osm", "confidence": 1.0, "attribution": "© OpenStreetMap contributors" }, "geometry": { "type": "LineString", "coordinates": [ [ 78.4562574, 17.3748656 ], [ 78.4553282, 17.3748942 ], [ 78.4546583, 17.3748821 ], [ 78.4538608, 17.3748651 ], [ 78.4534848, 17.3748763 ] ] } },
{ "type": "Feature", "properties": { "road_id": "OSM-WAY-281983975", "road_name": "", "road_class": "residential", "source": "real:osm", "confidence": 1.0, "attribution": "© OpenStreetMap contributors" }, "geometry": { "type": "LineString", "coordinates": [ [ 78.4839113, 17.3661891 ], [ 78.4841038, 17.366264 ] ] } },
{ "type": "Feature", "properties": { "road_id": "OSM-WAY-281983976", "road_name": "", "road_class": "residential", "source": "real:osm", "confidence": 1.0, "attribution": "© OpenStreetMap contributors" }, "geometry": { "type": "LineString", "coordinates": [ [ 78.4835477, 17.3662424 ], [ 78.4838495, 17.3662012 ] ] } },
{ "type": "Feature", "properties": { "road_id": "OSM-WAY-281983977", "road_name": "Setwin Office Lane", "road_class": "residential", "source": "real:osm", "confidence": 1.0, "attribution": "© OpenStreetMap contributors" }, "geometry": { "type": "LineString", "coordinates": [ [ 78.4837958, 17.3674016 ], [ 78.4835938, 17.3668045 ], [ 78.4835846, 17.3667818 ], [ 78.4835646, 17.3667501 ], [ 78.4835372, 17.366736 ], [ 78.4834938, 17.3667285 ] ] } },
{ "type": "Feature", "properties": { "road_id": "OSM-WAY-281983979", "road_name": "", "road_class": "residential", "source": "real:osm", "confidence": 1.0, "attribution": "© OpenStreetMap contributors" }, "geometry": { "type": "LineString", "coordinates": [ [ 78.4838445, 17.3680957 ], [ 78.4843575, 17.3679167 ] ] } },
{ "type": "Feature", "properties": { "road_id": "OSM-WAY-281983981", "road_name": "", "road_class": "residential", "source": "real:osm", "confidence": 1.0, "attribution": "© OpenStreetMap contributors" }, "geometry": { "type": "LineString", "coordinates": [ [ 78.483787, 17.3653038 ], [ 78.4835262, 17.3653282 ] ] } },
{ "type": "Feature", "properties": { "road_id": "OSM-WAY-281983982", "road_name": "", "road_class": "residential", "source": "real:osm", "confidence": 1.0, "attribution": "© OpenStreetMap contributors" }, "geometry": { "type": "LineString", "coordinates": [ [ 78.4837337, 17.3677722 ], [ 78.4842698, 17.3675877 ] ] } },
{ "type": "Feature", "properties": { "road_id": "OSM-WAY-281983983", "road_name": "", "road_class": "residential", "source": "real:osm", "confidence": 1.0, "attribution": "© OpenStreetMap contributors" }, "geometry": { "type": "LineString", "coordinates": [ [ 78.4847072, 17.3677349 ], [ 78.4846819, 17.3676663 ], [ 78.4846248, 17.3675298 ] ] } },
{ "type": "Feature", "properties": { "road_id": "OSM-WAY-281983984", "road_name": "", "road_class": "residential", "source": "real:osm", "confidence": 1.0, "attribution": "© OpenStreetMap contributors" }, "geometry": { "type": "LineString", "coordinates": [ [ 78.4843438, 17.3678047 ], [ 78.4846819, 17.3676663 ] ] } },
{ "type": "Feature", "properties": { "road_id": "OSM-WAY-281983995", "road_name": "", "road_class": "living_street", "source": "real:osm", "confidence": 1.0, "attribution": "© OpenStreetMap contributors" }, "geometry": { "type": "LineString", "coordinates": [ [ 78.4836906, 17.3646293 ], [ 78.4839283, 17.3646768 ], [ 78.4839236, 17.3648274 ], [ 78.4839176, 17.3650399 ], [ 78.483908, 17.365056 ], [ 78.4838928, 17.3650666 ], [ 78.4837709, 17.365071 ] ] } },
{ "type": "Feature", "properties": { "road_id": "OSM-WAY-281983996", "road_name": "", "road_class": "living_street", "source": "real:osm", "confidence": 1.0, "attribution": "© OpenStreetMap contributors" }, "geometry": { "type": "LineString", "coordinates": [ [ 78.4856502, 17.3649891 ], [ 78.4856577, 17.3650489 ], [ 78.4855783, 17.3650771 ], [ 78.4854178, 17.3651465 ], [ 78.4852375, 17.3652236 ], [ 78.4852412, 17.365249 ], [ 78.4852426, 17.3652679 ], [ 78.4852373, 17.3652838 ], [ 78.4850571, 17.3653551 ], [ 78.4847785, 17.3654287 ], [ 78.4847508, 17.3654332 ] ] } },
{ "type": "Feature", "properties": { "road_id": "OSM-WAY-281983998", "road_name": "", "road_class": "residential", "source": "real:osm", "confidence": 1.0, "attribution": "© OpenStreetMap contributors" }, "geometry": { "type": "LineString", "coordinates": [ [ 78.4827219, 17.367719 ], [ 78.4828662, 17.3681116 ], [ 78.4828136, 17.3681209 ], [ 78.4821614, 17.36824 ], [ 78.4820601, 17.3679197 ] ] } },
{ "type": "Feature", "properties": { "road_id": "OSM-WAY-281996924", "road_name": "", "road_class": "living_street", "source": "real:osm", "confidence": 1.0, "attribution": "© OpenStreetMap contributors" }, "geometry": { "type": "LineString", "coordinates": [ [ 78.4847398, 17.3650819 ], [ 78.4848497, 17.3650461 ], [ 78.4850328, 17.3649744 ], [ 78.4850754, 17.3649658 ], [ 78.4850962, 17.3649729 ], [ 78.4851152, 17.3649963 ], [ 78.4852375, 17.3652236 ] ] } },
{ "type": "Feature", "properties": { "road_id": "OSM-WAY-281997020", "road_name": "", "road_class": "living_street", "source": "real:osm", "confidence": 1.0, "attribution": "© OpenStreetMap contributors" }, "geometry": { "type": "LineString", "coordinates": [ [ 78.4846712, 17.3647434 ], [ 78.4847398, 17.3650819 ], [ 78.484625, 17.3651279 ], [ 78.4846112, 17.3651353 ], [ 78.4846088, 17.3651471 ], [ 78.4846195, 17.3651805 ], [ 78.4846925, 17.3653979 ], [ 78.4847036, 17.3654142 ], [ 78.4847217, 17.3654288 ], [ 78.4847508, 17.3654332 ] ] } },
{ "type": "Feature", "properties": { "road_id": "OSM-WAY-282015498", "road_name": "", "road_class": "residential", "source": "real:osm", "confidence": 1.0, "attribution": "© OpenStreetMap contributors" }, "geometry": { "type": "LineString", "coordinates": [ [ 78.4833655, 17.36753 ], [ 78.4833215, 17.3673172 ], [ 78.4832635, 17.3670027 ], [ 78.483211, 17.366707 ] ] } },
{ "type": "Feature", "properties": { "road_id": "OSM-WAY-289969066", "road_name": "Mukharam Jahi Road", "road_class": "trunk", "source": "real:osm", "confidence": 1.0, "attribution": "© OpenStreetMap contributors" }, "geometry": { "type": "LineString", "coordinates": [ [ 78.4750912, 17.3837328 ], [ 78.4749606, 17.3838171 ], [ 78.4747888, 17.3839584 ], [ 78.4745701, 17.3841383 ] ] } },
{ "type": "Feature", "properties": { "road_id": "OSM-WAY-291478088", "road_name": "", "road_class": "trunk", "source": "real:osm", "confidence": 1.0, "attribution": "© OpenStreetMap contributors" }, "geometry": { "type": "LineString", "coordinates": [ [ 78.47604, 17.37424 ], [ 78.4763856, 17.3739777 ], [ 78.4765416, 17.3739414 ] ] } },
{ "type": "Feature", "properties": { "road_id": "OSM-WAY-302190530", "road_name": "", "road_class": "secondary", "source": "real:osm", "confidence": 1.0, "attribution": "© OpenStreetMap contributors" }, "geometry": { "type": "LineString", "coordinates": [ [ 78.4576813, 17.3687246 ], [ 78.4574265, 17.3690267 ], [ 78.4574258, 17.3690858 ] ] } },
{ "type": "Feature", "properties": { "road_id": "OSM-WAY-310175550", "road_name": "turrebhaz khan road", "road_class": "primary", "source": "real:osm", "confidence": 1.0, "attribution": "© OpenStreetMap contributors" }, "geometry": { "type": "LineString", "coordinates": [ [ 78.4843111, 17.3848636 ], [ 78.4842501, 17.3847876 ] ] } },
{ "type": "Feature", "properties": { "road_id": "OSM-WAY-310183962", "road_name": "Koti Women's College Road", "road_class": "primary", "source": "real:osm", "confidence": 1.0, "attribution": "© OpenStreetMap contributors" }, "geometry": { "type": "LineString", "coordinates": [ [ 78.4844252, 17.3849984 ], [ 78.4846832, 17.3850401 ] ] } },
{ "type": "Feature", "properties": { "road_id": "OSM-WAY-310459314", "road_name": "Mumbai Highway", "road_class": "trunk", "source": "real:osm", "confidence": 1.0, "attribution": "© OpenStreetMap contributors" }, "geometry": { "type": "LineString", "coordinates": [ [ 78.4821625, 17.3783455 ], [ 78.4816839, 17.3775164 ] ] } },
{ "type": "Feature", "properties": { "road_id": "OSM-WAY-310459315", "road_name": "Salarjung Bridge", "road_class": "primary", "source": "real:osm", "confidence": 1.0, "attribution": "© OpenStreetMap contributors" }, "geometry": { "type": "LineString", "coordinates": [ [ 78.4806532, 17.3750864 ], [ 78.480473, 17.3751795 ], [ 78.4804142, 17.3752085 ] ] } },
{ "type": "Feature", "properties": { "road_id": "OSM-WAY-310459317", "road_name": "Salarjung Pul", "road_class": "primary", "source": "real:osm", "confidence": 1.0, "attribution": "© OpenStreetMap contributors" }, "geometry": { "type": "LineString", "coordinates": [ [ 78.481412, 17.3746906 ], [ 78.4806532, 17.3750864 ] ] } },
{ "type": "Feature", "properties": { "road_id": "OSM-WAY-310459318", "road_name": "Salarjung Bridge", "road_class": "trunk_link", "source": "real:osm", "confidence": 1.0, "attribution": "© OpenStreetMap contributors" }, "geometry": { "type": "LineString", "coordinates": [ [ 78.4806532, 17.3750864 ], [ 78.4805512, 17.3751012 ], [ 78.4804487, 17.375089 ], [ 78.4803536, 17.3750507 ], [ 78.480273, 17.3749892 ] ] } },
{ "type": "Feature", "properties": { "road_id": "OSM-WAY-310459320", "road_name": "Salarjung Bridge", "road_class": "primary", "source": "real:osm", "confidence": 1.0, "attribution": "© OpenStreetMap contributors" }, "geometry": { "type": "LineString", "coordinates": [ [ 78.4803378, 17.3752904 ], [ 78.4803809, 17.3752986 ], [ 78.4804522, 17.3752675 ] ] } },
{ "type": "Feature", "properties": { "road_id": "OSM-WAY-310459322", "road_name": "Mumbai Highway", "road_class": "trunk", "source": "real:osm", "confidence": 1.0, "attribution": "© OpenStreetMap contributors" }, "geometry": { "type": "LineString", "coordinates": [ [ 78.4804522, 17.3752675 ], [ 78.4804142, 17.3752085 ] ] } },
{ "type": "Feature", "properties": { "road_id": "OSM-WAY-310459324", "road_name": "Salarjung Bridge", "road_class": "primary", "source": "real:osm", "confidence": 1.0, "attribution": "© OpenStreetMap contributors" }, "geometry": { "type": "LineString", "coordinates": [ [ 78.4804142, 17.3752085 ], [ 78.480349, 17.3752427 ], [ 78.4803378, 17.3752904 ] ] } },
{ "type": "Feature", "properties": { "road_id": "OSM-WAY-310459325", "road_name": "Salarjung Pul", "road_class": "primary", "source": "real:osm", "confidence": 1.0, "attribution": "© OpenStreetMap contributors" }, "geometry": { "type": "LineString", "coordinates": [ [ 78.4806867, 17.3751447 ], [ 78.4814454, 17.3747491 ] ] } },
{ "type": "Feature", "properties": { "road_id": "OSM-WAY-310459326", "road_name": "", "road_class": "primary", "source": "real:osm", "confidence": 1.0, "attribution": "© OpenStreetMap contributors" }, "geometry": { "type": "LineString", "coordinates": [ [ 78.4814454, 17.3747491 ], [ 78.4815918, 17.374688 ], [ 78.4816901, 17.3746279 ], [ 78.4817795, 17.3745668 ], [ 78.4818811, 17.3744825 ] ] } },
{ "type": "Feature", "properties": { "road_id": "OSM-WAY-310459328", "road_name": "سالار جنگ پل۔", "road_class": "primary", "source": "real:osm", "confidence": 1.0, "attribution": "© OpenStreetMap contributors" }, "geometry": { "type": "LineString", "coordinates": [ [ 78.4818811, 17.3744825 ], [ 78.4827358, 17.3737118 ] ] } },
{ "type": "Feature", "properties": { "road_id": "OSM-WAY-310459342", "road_name": "Salarjung Bridge", "road_class": "primary", "source": "real:osm", "confidence": 1.0, "attribution": "© OpenStreetMap contributors" }, "geometry": { "type": "LineString", "coordinates": [ [ 78.4804522, 17.3752675 ], [ 78.4805059, 17.3752417 ], [ 78.4806867, 17.3751447 ] ] } },
{ "type": "Feature", "properties": { "road_id": "OSM-WAY-310459343", "road_name": "Salarjung Bridge", "road_class": "trunk_link", "source": "real:osm", "confidence": 1.0, "attribution": "© OpenStreetMap contributors" }, "geometry": { "type": "LineString", "coordinates": [ [ 78.4806069, 17.375544 ], [ 78.4805876, 17.37544 ], [ 78.4805951, 17.3753349 ], [ 78.4806288, 17.3752345 ], [ 78.4806867, 17.3751447 ] ] } },
{ "type": "Feature", "properties": { "road_id": "OSM-WAY-310460501", "road_name": "مسلم جنگ پل۔", "road_class": "primary", "source": "real:osm", "confidence": 1.0, "attribution": "© OpenStreetMap contributors" }, "geometry": { "type": "LineString", "coordinates": [ [ 78.468775, 17.3691339 ], [ 78.4687833, 17.3701492 ], [ 78.468786, 17.3707573 ] ] } },
{ "type": "Feature", "properties": { "road_id": "OSM-WAY-310460502", "road_name": "", "road_class": "primary", "source": "real:osm", "confidence": 1.0, "attribution": "© OpenStreetMap contributors" }, "geometry": { "type": "LineString", "coordinates": [ [ 78.468786, 17.3707573 ], [ 78.4687745, 17.3710837 ], [ 78.4687477, 17.3711402 ], [ 78.4686298, 17.3713912 ] ] } },
{ "type": "Feature", "properties": { "road_id": "OSM-WAY-310460505", "road_name": "", "road_class": "primary", "source": "real:osm", "confidence": 1.0, "attribution": "© OpenStreetMap contributors" }, "geometry": { "type": "LineString", "coordinates": [ [ 78.4687399, 17.368525 ], [ 78.4687547, 17.368631 ], [ 78.4687605, 17.3687133 ], [ 78.4687586, 17.3687919 ], [ 78.4687574, 17.3688931 ], [ 78.4687686, 17.3690279 ], [ 78.468775, 17.3691339 ] ] } },
{ "type": "Feature", "properties": { "road_id": "OSM-WAY-310460506", "road_name": "High Court Road", "road_class": "trunk", "source": "real:osm", "confidence": 1.0, "attribution": "© OpenStreetMap contributors" }, "geometry": { "type": "LineString", "coordinates": [ [ 78.4690149, 17.3690438 ], [ 78.4690867, 17.3690657 ], [ 78.4692154, 17.3691187 ], [ 78.4700159, 17.3693271 ], [ 78.4702461, 17.3693788 ], [ 78.4710577, 17.369561 ], [ 78.4712532, 17.3696055 ], [ 78.4720178, 17.3697638 ], [ 78.4728601, 17.3699346 ], [ 78.4733562, 17.3700216 ], [ 78.474898, 17.3702724 ], [ 78.4752654, 17.3703197 ], [ 78.4753575, 17.3703307 ], [ 78.476123, 17.3703957 ] ] } },
{ "type": "Feature", "properties": { "road_id": "OSM-WAY-310462104", "road_name": "Abids to MJ Market Road", "road_class": "primary", "source": "real:osm", "confidence": 1.0, "attribution": "© OpenStreetMap contributors" }, "geometry": { "type": "LineString", "coordinates": [ [ 78.4751431, 17.3838453 ], [ 78.4752039, 17.3839297 ], [ 78.4752455, 17.3839835 ] ] } },
{ "type": "Feature", "properties": { "road_id": "OSM-WAY-310462109", "road_name": "Jambagh Road", "road_class": "primary", "source": "real:osm", "confidence": 1.0, "attribution": "© OpenStreetMap contributors" }, "geometry": { "type": "LineString", "coordinates": [ [ 78.4817363, 17.3821072 ], [ 78.4814143, 17.3822792 ], [ 78.4813677, 17.3823118 ], [ 78.4813616, 17.382316 ], [ 78.4810264, 17.382507 ], [ 78.4808427, 17.3826116 ], [ 78.4805265, 17.3827874 ], [ 78.4801576, 17.3829178 ], [ 78.4799494, 17.3829813 ], [ 78.4798888, 17.3829998 ], [ 78.4797661, 17.383019 ], [ 78.4795321, 17.383049 ], [ 78.4793839, 17.3830702 ], [ 78.4788179, 17.3831316 ], [ 78.4786024, 17.3831581 ], [ 78.4780444, 17.3832301 ] ] } },
{ "type": "Feature", "properties": { "road_id": "OSM-WAY-310462112", "road_name": "", "road_class": "trunk", "source": "real:osm", "confidence": 1.0, "attribution": "© OpenStreetMap contributors" }, "geometry": { "type": "LineString", "coordinates": [ [ 78.4752054, 17.3836703 ], [ 78.4751935, 17.3835869 ], [ 78.4751924, 17.3835391 ], [ 78.4751888, 17.3835029 ], [ 78.4751874, 17.3833367 ], [ 78.4751837, 17.3829005 ], [ 78.4751754, 17.38234 ], [ 78.4751706, 17.381921 ], [ 78.4751658, 17.3816244 ], [ 78.4751673, 17.3812632 ], [ 78.4751604, 17.3808097 ], [ 78.4751527, 17.3800902 ], [ 78.4751531, 17.379843 ], [ 78.4751296, 17.3796559 ], [ 78.4750599, 17.3794716 ], [ 78.4750198, 17.3793331 ], [ 78.475019, 17.3793146 ], [ 78.4750143, 17.3792028 ], [ 78.4750386, 17.3790771 ], [ 78.4750807, 17.3789577 ], [ 78.475105, 17.3788892 ], [ 78.4751216, 17.3788418 ], [ 78.4751404, 17.3786934 ], [ 78.4751491, 17.378299 ], [ 78.4751645, 17.3776055 ], [ 78.4751644, 17.3775978 ], [ 78.4751534, 17.3766106 ], [ 78.4751566, 17.3765801 ], [ 78.4751912, 17.3764975 ], [ 78.4752732, 17.3763464 ], [ 78.4752965, 17.3762517 ], [ 78.475269, 17.3761622 ], [ 78.4752024, 17.3760799 ], [ 78.4751581, 17.3759261 ], [ 78.4751507, 17.3756547 ], [ 78.4751378, 17.3751529 ], [ 78.4751539, 17.3750428 ], [ 78.4751941, 17.3749455 ], [ 78.4752612, 17.3748559 ], [ 78.4753602, 17.3747613 ], [ 78.4759961, 17.3744003 ], [ 78.4760716, 17.3743632 ] ] } },
{ "type": "Feature", "properties": { "road_id": "OSM-WAY-311215067", "road_name": "", "road_class": "primary", "source": "real:osm", "confidence": 1.0, "attribution": "© OpenStreetMap contributors" }, "geometry": { "type": "LineString", "coordinates": [ [ 78.4746676, 17.3842463 ], [ 78.4745701, 17.3841383 ] ] } },
{ "type": "Feature", "properties": { "road_id": "OSM-WAY-312531784", "road_name": "", "road_class": "primary", "source": "real:osm", "confidence": 1.0, "attribution": "© OpenStreetMap contributors" }, "geometry": { "type": "LineString", "coordinates": [ [ 78.4750912, 17.3837328 ], [ 78.4751431, 17.3838453 ] ] } },
{ "type": "Feature", "properties": { "road_id": "OSM-WAY-313211661", "road_name": "High Court Road", "road_class": "trunk", "source": "real:osm", "confidence": 1.0, "attribution": "© OpenStreetMap contributors" }, "geometry": { "type": "LineString", "coordinates": [ [ 78.4687455, 17.3680202 ], [ 78.4685496, 17.3679801 ] ] } },
{ "type": "Feature", "properties": { "road_id": "OSM-WAY-313212113", "road_name": "Mukharam Jahi Road", "road_class": "trunk", "source": "real:osm", "confidence": 1.0, "attribution": "© OpenStreetMap contributors" }, "geometry": { "type": "LineString", "coordinates": [ [ 78.4746676, 17.3842463 ], [ 78.4747256, 17.3841835 ], [ 78.4749471, 17.3839859 ], [ 78.4750581, 17.3839014 ], [ 78.4751431, 17.3838453 ] ] } },
{ "type": "Feature", "properties": { "road_id": "OSM-WAY-313212114", "road_name": "Mukharam Jahi Road", "road_class": "trunk", "source": "real:osm", "confidence": 1.0, "attribution": "© OpenStreetMap contributors" }, "geometry": { "type": "LineString", "coordinates": [ [ 78.4745701, 17.3841383 ], [ 78.4744726, 17.3842447 ], [ 78.4742488, 17.3844889 ], [ 78.4741487, 17.3846034 ], [ 78.4738845, 17.3849174 ], [ 78.473795, 17.3850249 ], [ 78.4735919, 17.3853188 ], [ 78.4732146, 17.3858647 ], [ 78.4729723, 17.3861756 ], [ 78.4726066, 17.3866447 ], [ 78.4724832, 17.3868247 ] ] } },
{ "type": "Feature", "properties": { "road_id": "OSM-WAY-313216338", "road_name": "", "road_class": "primary", "source": "real:osm", "confidence": 1.0, "attribution": "© OpenStreetMap contributors" }, "geometry": { "type": "LineString", "coordinates": [ [ 78.4690149, 17.3690438 ], [ 78.4690557, 17.3690125 ], [ 78.4690791, 17.3689679 ], [ 78.4690808, 17.368918 ], [ 78.4690605, 17.368872 ], [ 78.4688604, 17.3682927 ], [ 78.4687941, 17.368128 ] ] } },
{ "type": "Feature", "properties": { "road_id": "OSM-WAY-313216340", "road_name": "High court road", "road_class": "trunk", "source": "real:osm", "confidence": 1.0, "attribution": "© OpenStreetMap contributors" }, "geometry": { "type": "LineString", "coordinates": [ [ 78.4761124, 17.3687823 ], [ 78.4757972, 17.3687359 ] ] } },
{ "type": "Feature", "properties": { "road_id": "OSM-WAY-313336447", "road_name": "Abids to MJ Market Road", "road_class": "primary", "source": "real:osm", "confidence": 1.0, "attribution": "© OpenStreetMap contributors" }, "geometry": { "type": "LineString", "coordinates": [ [ 78.4762009, 17.3861865 ], [ 78.4760681, 17.3851154 ], [ 78.4759248, 17.384793 ], [ 78.4758221, 17.384637 ], [ 78.4757339, 17.3845002 ], [ 78.4753316, 17.3839192 ], [ 78.4752484, 17.3837827 ] ] } },
{ "type": "Feature", "properties": { "road_id": "OSM-WAY-313337232", "road_name": "Mukharam Jahi Road", "road_class": "trunk", "source": "real:osm", "confidence": 1.0, "attribution": "© OpenStreetMap contributors" }, "geometry": { "type": "LineString", "coordinates": [ [ 78.4727108, 17.3867661 ], [ 78.4729998, 17.3863615 ], [ 78.4734239, 17.3857677 ], [ 78.4735987, 17.3855262 ], [ 78.4736173, 17.3854973 ], [ 78.4739045, 17.3851014 ], [ 78.4739971, 17.3849954 ], [ 78.4743602, 17.3845797 ], [ 78.4743747, 17.384564 ], [ 78.4746676, 17.3842463 ] ] } },
{ "type": "Feature", "properties": { "road_id": "OSM-WAY-313337280", "road_name": "Bank Street", "road_class": "primary", "source": "real:osm", "confidence": 1.0, "attribution": "© OpenStreetMap contributors" }, "geometry": { "type": "LineString", "coordinates": [ [ 78.4768065, 17.3884121 ], [ 78.4769596, 17.3881186 ], [ 78.4772014, 17.3877651 ], [ 78.4775726, 17.3873275 ], [ 78.4780249, 17.386928 ], [ 78.4780692, 17.3868761 ], [ 78.4781202, 17.3868181 ], [ 78.4787137, 17.3863358 ], [ 78.4788555, 17.3862207 ], [ 78.4789401, 17.3861519 ], [ 78.4791281, 17.3859956 ], [ 78.4792692, 17.3858945 ], [ 78.4793995, 17.385858 ], [ 78.4795103, 17.385837 ], [ 78.4799566, 17.3857524 ], [ 78.4801137, 17.3857267 ], [ 78.480403, 17.3856621 ], [ 78.4806689, 17.385582 ], [ 78.481007, 17.3855385 ], [ 78.4810159, 17.3855323 ], [ 78.4813583, 17.3855053 ], [ 78.481546, 17.3854731 ], [ 78.4815702, 17.385469 ], [ 78.4821112, 17.3853764 ], [ 78.4823269, 17.3853395 ], [ 78.4826126, 17.3852928 ], [ 78.4832184, 17.3851691 ], [ 78.4834762, 17.3851211 ], [ 78.4838995, 17.3850422 ], [ 78.4841087, 17.3850248 ], [ 78.4844252, 17.3849984 ] ] } },
{ "type": "Feature", "properties": { "road_id": "OSM-WAY-314258850", "road_name": "", "road_class": "residential", "source": "real:osm", "confidence": 1.0, "attribution": "© OpenStreetMap contributors" }, "geometry": { "type": "LineString", "coordinates": [ [ 78.4643105, 17.3742542 ], [ 78.464424, 17.3746563 ] ] } },
{ "type": "Feature", "properties": { "road_id": "OSM-WAY-314258853", "road_name": "", "road_class": "residential", "source": "real:osm", "confidence": 1.0, "attribution": "© OpenStreetMap contributors" }, "geometry": { "type": "LineString", "coordinates": [ [ 78.4672529, 17.3724955 ], [ 78.467226, 17.3724707 ], [ 78.4672282, 17.3724324 ], [ 78.4672902, 17.3721778 ], [ 78.4673589, 17.3719717 ], [ 78.4673997, 17.37183 ], [ 78.4674062, 17.3716781 ], [ 78.4673988, 17.3712764 ] ] } },
{ "type": "Feature", "properties": { "road_id": "OSM-WAY-314670683", "road_name": "Mumbai Highway", "road_class": "trunk", "source": "real:osm", "confidence": 1.0, "attribution": "© OpenStreetMap contributors" }, "geometry": { "type": "LineString", "coordinates": [ [ 78.4803678, 17.3752752 ], [ 78.4803809, 17.3752986 ], [ 78.4804238, 17.3753752 ], [ 78.4805361, 17.375578 ], [ 78.4807993, 17.3760533 ], [ 78.4812476, 17.376866 ], [ 78.4815885, 17.377484 ], [ 78.4820882, 17.3783768 ] ] } },
{ "type": "Feature", "properties": { "road_id": "OSM-WAY-314683762", "road_name": "Darul Shifa Road", "road_class": "primary", "source": "real:osm", "confidence": 1.0, "attribution": "© OpenStreetMap contributors" }, "geometry": { "type": "LineString", "coordinates": [ [ 78.4820909, 17.3708592 ], [ 78.4821199, 17.3709966 ], [ 78.4821482, 17.3711306 ], [ 78.4822047, 17.3713629 ], [ 78.4822776, 17.3716899 ], [ 78.4823623, 17.3720188 ], [ 78.482432, 17.3722454 ], [ 78.4826278, 17.3726409 ], [ 78.4828373, 17.3730641 ] ] } },
{ "type": "Feature", "properties": { "road_id": "OSM-WAY-315724904", "road_name": "Abids to MJ Market Road", "road_class": "primary", "source": "real:osm", "confidence": 1.0, "attribution": "© OpenStreetMap contributors" }, "geometry": { "type": "LineString", "coordinates": [ [ 78.4752455, 17.3839835 ], [ 78.475266, 17.3840075 ], [ 78.4752892, 17.3840365 ], [ 78.4753196, 17.3840711 ], [ 78.4755802, 17.3844377 ], [ 78.4757486, 17.3846745 ], [ 78.4757702, 17.3847066 ], [ 78.4758431, 17.3848162 ], [ 78.4759098, 17.3849384 ], [ 78.4759806, 17.3851304 ], [ 78.4760043, 17.3852347 ], [ 78.4760434, 17.3856019 ], [ 78.4760918, 17.3860293 ], [ 78.4761115, 17.3861781 ], [ 78.476117, 17.3862144 ] ] } },
{ "type": "Feature", "properties": { "road_id": "OSM-WAY-316961675", "road_name": "", "road_class": "residential", "source": "real:osm", "confidence": 1.0, "attribution": "© OpenStreetMap contributors" }, "geometry": { "type": "LineString", "coordinates": [ [ 78.4562388, 17.3718971 ], [ 78.4563278, 17.3720787 ] ] } },
{ "type": "Feature", "properties": { "road_id": "OSM-WAY-316961676", "road_name": "", "road_class": "residential", "source": "real:osm", "confidence": 1.0, "attribution": "© OpenStreetMap contributors" }, "geometry": { "type": "LineString", "coordinates": [ [ 78.456685, 17.3728781 ], [ 78.4565197, 17.3728948 ], [ 78.4562535, 17.3729423 ] ] } },
{ "type": "Feature", "properties": { "road_id": "OSM-WAY-316961677", "road_name": "", "road_class": "residential", "source": "real:osm", "confidence": 1.0, "attribution": "© OpenStreetMap contributors" }, "geometry": { "type": "LineString", "coordinates": [ [ 78.4557047, 17.3723436 ], [ 78.4557934, 17.3725593 ] ] } },
{ "type": "Feature", "properties": { "road_id": "OSM-WAY-321659854", "road_name": "", "road_class": "residential", "source": "real:osm", "confidence": 1.0, "attribution": "© OpenStreetMap contributors" }, "geometry": { "type": "LineString", "coordinates": [ [ 78.4557807, 17.3719034 ], [ 78.4556949, 17.3717295 ], [ 78.4561846, 17.3715096 ], [ 78.4562509, 17.3714798 ] ] } },
{ "type": "Feature", "properties": { "road_id": "OSM-WAY-321659855", "road_name": "", "road_class": "residential", "source": "real:osm", "confidence": 1.0, "attribution": "© OpenStreetMap contributors" }, "geometry": { "type": "LineString", "coordinates": [ [ 78.4572985, 17.3721445 ], [ 78.4565176, 17.3724892 ] ] } },
{ "type": "Feature", "properties": { "road_id": "OSM-WAY-321659857", "road_name": "", "road_class": "residential", "source": "real:osm", "confidence": 1.0, "attribution": "© OpenStreetMap contributors" }, "geometry": { "type": "LineString", "coordinates": [ [ 78.4557361, 17.3729752 ], [ 78.4557009, 17.3728801 ], [ 78.4556214, 17.3726651 ], [ 78.455727, 17.3725883 ] ] } },
{ "type": "Feature", "properties": { "road_id": "OSM-WAY-321659858", "road_name": "", "road_class": "residential", "source": "real:osm", "confidence": 1.0, "attribution": "© OpenStreetMap contributors" }, "geometry": { "type": "LineString", "coordinates": [ [ 78.4546044, 17.3732998 ], [ 78.4546053, 17.3732685 ], [ 78.454621, 17.3732498 ], [ 78.4548193, 17.3732106 ], [ 78.4549078, 17.3731883 ], [ 78.4551451, 17.3731186 ], [ 78.4553932, 17.3730456 ], [ 78.4557361, 17.3729752 ] ] } },
{ "type": "Feature", "properties": { "road_id": "OSM-WAY-321659859", "road_name": "", "road_class": "residential", "source": "real:osm", "confidence": 1.0, "attribution": "© OpenStreetMap contributors" }, "geometry": { "type": "LineString", "coordinates": [ [ 78.4558677, 17.3728073 ], [ 78.4559603, 17.3730326 ], [ 78.4560018, 17.3731671 ], [ 78.4560889, 17.3734844 ], [ 78.4561067, 17.3736157 ], [ 78.4560934, 17.373723 ], [ 78.4561587, 17.3739239 ] ] } },
{ "type": "Feature", "properties": { "road_id": "OSM-WAY-333313399", "road_name": "", "road_class": "tertiary", "source": "real:osm", "confidence": 1.0, "attribution": "© OpenStreetMap contributors" }, "geometry": { "type": "LineString", "coordinates": [ [ 78.4638247, 17.3844595 ], [ 78.463841, 17.3849614 ], [ 78.4638556, 17.3861377 ], [ 78.4638562, 17.3861727 ], [ 78.4638594, 17.3870141 ], [ 78.4638604, 17.3872791 ], [ 78.4638615, 17.3875485 ], [ 78.4638617, 17.3875978 ], [ 78.4638664, 17.3877417 ], [ 78.4639051, 17.3889309 ], [ 78.4639059, 17.3889542 ], [ 78.4639059, 17.3894053 ], [ 78.4639142, 17.3897288 ], [ 78.4639233, 17.3900813 ], [ 78.4639156, 17.3902436 ], [ 78.4638633, 17.3903665 ], [ 78.463695, 17.3904923 ] ] } },
{ "type": "Feature", "properties": { "road_id": "OSM-WAY-346587116", "road_name": "", "road_class": "trunk", "source": "real:osm", "confidence": 1.0, "attribution": "© OpenStreetMap contributors" }, "geometry": { "type": "LineString", "coordinates": [ [ 78.4760716, 17.3743632 ], [ 78.4764326, 17.3741013 ], [ 78.4764551, 17.3740854 ], [ 78.4765055, 17.3740497 ], [ 78.4765416, 17.3739414 ] ] } },
{ "type": "Feature", "properties": { "road_id": "OSM-WAY-346587118", "road_name": "", "road_class": "trunk", "source": "real:osm", "confidence": 1.0, "attribution": "© OpenStreetMap contributors" }, "geometry": { "type": "LineString", "coordinates": [ [ 78.4763014, 17.3729303 ], [ 78.4762692, 17.3728925 ], [ 78.4762437, 17.3728522 ], [ 78.4762048, 17.3727831 ], [ 78.4761726, 17.3726692 ], [ 78.4761693, 17.3725636 ], [ 78.4761656, 17.3724868 ] ] } },
{ "type": "Feature", "properties": { "road_id": "OSM-WAY-346587119", "road_name": "", "road_class": "service", "source": "real:osm", "confidence": 1.0, "attribution": "© OpenStreetMap contributors" }, "geometry": { "type": "LineString", "coordinates": [ [ 78.476917, 17.3734507 ], [ 78.4769547, 17.3732971 ], [ 78.4769571, 17.3732553 ], [ 78.476943, 17.3732265 ], [ 78.476921, 17.3732022 ], [ 78.4767315, 17.3730646 ] ] } },
{ "type": "Feature", "properties": { "road_id": "OSM-WAY-355687962", "road_name": "Afjal Gun", "road_class": "residential", "source": "real:osm", "confidence": 1.0, "attribution": "© OpenStreetMap contributors" }, "geometry": { "type": "LineString", "coordinates": [ [ 78.4773401, 17.3751225 ], [ 78.4775191, 17.3751119 ], [ 78.4775647, 17.3751247 ], [ 78.4775928, 17.3751522 ], [ 78.4776096, 17.3751746 ], [ 78.4776331, 17.3751861 ], [ 78.4776649, 17.3751954 ], [ 78.4776792, 17.3752044 ], [ 78.4776891, 17.3752207 ], [ 78.4777236, 17.3753288 ], [ 78.4777367, 17.3753544 ], [ 78.4777487, 17.3753685 ], [ 78.4777642, 17.3753762 ], [ 78.4777823, 17.3753781 ], [ 78.4778175, 17.3753797 ], [ 78.4778289, 17.3753864 ], [ 78.4778466, 17.3754072 ], [ 78.4778644, 17.3754408 ], [ 78.4778949, 17.3754693 ], [ 78.4779103, 17.3754741 ], [ 78.4779513, 17.3754741 ], [ 78.4780056, 17.3754607 ], [ 78.4780555, 17.3754565 ], [ 78.4780776, 17.3754619 ], [ 78.4781015, 17.3754731 ], [ 78.4781462, 17.3755133 ] ] } },
{ "type": "Feature", "properties": { "road_id": "OSM-WAY-355687963", "road_name": "Ahmed Street", "road_class": "residential", "source": "real:osm", "confidence": 1.0, "attribution": "© OpenStreetMap contributors" }, "geometry": { "type": "LineString", "coordinates": [ [ 78.4757339, 17.3845002 ], [ 78.4758155, 17.384435 ], [ 78.4762641, 17.3843672 ] ] } },
{ "type": "Feature", "properties": { "road_id": "OSM-WAY-355687980", "road_name": "Dawalji Road", "road_class": "residential", "source": "real:osm", "confidence": 1.0, "attribution": "© OpenStreetMap contributors" }, "geometry": { "type": "LineString", "coordinates": [ [ 78.4590923, 17.3711299 ], [ 78.4590951, 17.3709031 ], [ 78.4590742, 17.3706744 ], [ 78.459019, 17.3704748 ] ] } },
{ "type": "Feature", "properties": { "road_id": "OSM-WAY-355687985", "road_name": "Goshamahal Street No. 1", "road_class": "residential", "source": "real:osm", "confidence": 1.0, "attribution": "© OpenStreetMap contributors" }, "geometry": { "type": "LineString", "coordinates": [ [ 78.4696814, 17.382514 ], [ 78.4697868, 17.3832045 ], [ 78.4698232, 17.3834452 ], [ 78.4698238, 17.3834686 ], [ 78.4698232, 17.3834833 ], [ 78.4698071, 17.3834958 ], [ 78.4697822, 17.3835021 ] ] } },
{ "type": "Feature", "properties": { "road_id": "OSM-WAY-355687986", "road_name": "Goshamahal", "road_class": "residential", "source": "real:osm", "confidence": 1.0, "attribution": "© OpenStreetMap contributors" }, "geometry": { "type": "LineString", "coordinates": [ [ 78.4699684, 17.3770152 ], [ 78.4700438, 17.3775444 ], [ 78.4700753, 17.3777827 ], [ 78.4701175, 17.3780211 ], [ 78.470137, 17.3780736 ], [ 78.4701843, 17.3781021 ], [ 78.4702194, 17.3781043 ], [ 78.4702483, 17.3781056 ], [ 78.4706503, 17.3780777 ], [ 78.4706862, 17.3780838 ], [ 78.4707111, 17.3781005 ], [ 78.4707511, 17.3781787 ], [ 78.4708001, 17.3782889 ] ] } },
{ "type": "Feature", "properties": { "road_id": "OSM-WAY-355687989", "road_name": "Hazarimal Galli", "road_class": "residential", "source": "real:osm", "confidence": 1.0, "attribution": "© OpenStreetMap contributors" }, "geometry": { "type": "LineString", "coordinates": [ [ 78.4711727, 17.3660696 ], [ 78.4711279, 17.3660963 ], [ 78.4710923, 17.3661458 ], [ 78.4710852, 17.3661962 ], [ 78.4711324, 17.3663418 ], [ 78.471246, 17.3666923 ], [ 78.4712884, 17.366855 ] ] } },
{ "type": "Feature", "properties": { "road_id": "OSM-WAY-355687994", "road_name": "Jai Hanuman Rd", "road_class": "residential", "source": "real:osm", "confidence": 1.0, "attribution": "© OpenStreetMap contributors" }, "geometry": { "type": "LineString", "coordinates": [ [ 78.4546706, 17.3744036 ], [ 78.4553207, 17.3743909 ], [ 78.4559004, 17.3743833 ] ] } },
{ "type": "Feature", "properties": { "road_id": "OSM-WAY-355687995", "road_name": "Jambaug 7th St", "road_class": "residential", "source": "real:osm", "confidence": 1.0, "attribution": "© OpenStreetMap contributors" }, "geometry": { "type": "LineString", "coordinates": [ [ 78.4751837, 17.3829005 ], [ 78.4764066, 17.3827226 ] ] } },
{ "type": "Feature", "properties": { "road_id": "OSM-WAY-355687996", "road_name": "Jambaug 8th St", "road_class": "residential", "source": "real:osm", "confidence": 1.0, "attribution": "© OpenStreetMap contributors" }, "geometry": { "type": "LineString", "coordinates": [ [ 78.4751754, 17.38234 ], [ 78.4756186, 17.3822926 ], [ 78.4756592, 17.3822884 ], [ 78.4760358, 17.3822217 ] ] } },
{ "type": "Feature", "properties": { "road_id": "OSM-WAY-355687997", "road_name": "Jambaug 9th St", "road_class": "residential", "source": "real:osm", "confidence": 1.0, "attribution": "© OpenStreetMap contributors" }, "geometry": { "type": "LineString", "coordinates": [ [ 78.4755892, 17.3818059 ], [ 78.4759473, 17.3817807 ] ] } },
{ "type": "Feature", "properties": { "road_id": "OSM-WAY-355687998", "road_name": "Jambagh 1st St", "road_class": "residential", "source": "real:osm", "confidence": 1.0, "attribution": "© OpenStreetMap contributors" }, "geometry": { "type": "LineString", "coordinates": [ [ 78.480403, 17.3856621 ], [ 78.4802257, 17.3848454 ], [ 78.4800682, 17.384793 ], [ 78.4800011, 17.3847609 ], [ 78.4799717, 17.3844888 ] ] } },
{ "type": "Feature", "properties": { "road_id": "OSM-WAY-355688007", "road_name": "Kuch Naseem", "road_class": "residential", "source": "real:osm", "confidence": 1.0, "attribution": "© OpenStreetMap contributors" }, "geometry": { "type": "LineString", "coordinates": [ [ 78.4800806, 17.3672468 ], [ 78.4799347, 17.366769 ], [ 78.4798019, 17.3667605 ], [ 78.4796859, 17.366769 ], [ 78.4795725, 17.3667223 ], [ 78.4794761, 17.3661105 ], [ 78.4794646, 17.3660373 ], [ 78.47946, 17.3659234 ], [ 78.4795419, 17.3659052 ], [ 78.4799489, 17.3657865 ] ] } },
{ "type": "Feature", "properties": { "road_id": "OSM-WAY-355688025", "road_name": "Nizam Shahi Rd", "road_class": "residential", "source": "real:osm", "confidence": 1.0, "attribution": "© OpenStreetMap contributors" }, "geometry": { "type": "LineString", "coordinates": [ [ 78.473218, 17.3789885 ], [ 78.4734344, 17.3789416 ], [ 78.4738279, 17.3788578 ] ] } },
{ "type": "Feature", "properties": { "road_id": "OSM-WAY-355688034", "road_name": "Police Quarters Road", "road_class": "residential", "source": "real:osm", "confidence": 1.0, "attribution": "© OpenStreetMap contributors" }, "geometry": { "type": "LineString", "coordinates": [ [ 78.4714201, 17.3814723 ], [ 78.4716527, 17.3814614 ], [ 78.4716819, 17.3818063 ], [ 78.4717353, 17.3821821 ] ] } },
{ "type": "Feature", "properties": { "road_id": "OSM-WAY-355688036", "road_name": "Police Quarters Rd", "road_class": "residential", "source": "real:osm", "confidence": 1.0, "attribution": "© OpenStreetMap contributors" }, "geometry": { "type": "LineString", "coordinates": [ [ 78.4709453, 17.3815333 ], [ 78.4709609, 17.3816468 ], [ 78.4709754, 17.3817526 ], [ 78.4709943, 17.3818906 ], [ 78.4710289, 17.3821432 ], [ 78.4710348, 17.3821866 ] ] } },
{ "type": "Feature", "properties": { "road_id": "OSM-WAY-355688043", "road_name": "Rikab Gung RD", "road_class": "residential", "source": "real:osm", "confidence": 1.0, "attribution": "© OpenStreetMap contributors" }, "geometry": { "type": "LineString", "coordinates": [ [ 78.4740808, 17.3672029 ], [ 78.4739821, 17.3669049 ], [ 78.4738392, 17.3665908 ], [ 78.4737851, 17.366472 ], [ 78.473634, 17.3661157 ], [ 78.4735305, 17.3658715 ], [ 78.4734604, 17.3655431 ], [ 78.4732993, 17.3651082 ], [ 78.4731617, 17.3647367 ] ] } },
{ "type": "Feature", "properties": { "road_id": "OSM-WAY-355688045", "road_name": "Seena Bakery Ln", "road_class": "residential", "source": "real:osm", "confidence": 1.0, "attribution": "© OpenStreetMap contributors" }, "geometry": { "type": "LineString", "coordinates": [ [ 78.4726056, 17.381965 ], [ 78.4730794, 17.3818795 ] ] } },
{ "type": "Feature", "properties": { "road_id": "OSM-WAY-355688052", "road_name": "Syed Jung Ln - UTI Bank Jambagh Road", "road_class": "residential", "source": "real:osm", "confidence": 1.0, "attribution": "© OpenStreetMap contributors" }, "geometry": { "type": "LineString", "coordinates": [ [ 78.4794904, 17.3842201 ], [ 78.4795476, 17.3842452 ], [ 78.4795878, 17.3847986 ], [ 78.4796234, 17.3849178 ], [ 78.479735, 17.3850157 ], [ 78.4798215, 17.3850484 ], [ 78.4799566, 17.3857524 ] ] } },
{ "type": "Feature", "properties": { "road_id": "OSM-WAY-355688053", "road_name": "Troop Bazar Rd", "road_class": "residential", "source": "real:osm", "confidence": 1.0, "attribution": "© OpenStreetMap contributors" }, "geometry": { "type": "LineString", "coordinates": [ [ 78.4700516, 17.3809709 ], [ 78.4703249, 17.3809074 ], [ 78.4706812, 17.38082 ], [ 78.4710115, 17.3807441 ], [ 78.4714333, 17.3806692 ], [ 78.4715511, 17.3806506 ], [ 78.4718709, 17.3806028 ], [ 78.471921, 17.3805702 ], [ 78.4719582, 17.3805192 ], [ 78.4720105, 17.3804438 ] ] } },
{ "type": "Feature", "properties": { "road_id": "OSM-WAY-355688074", "road_name": "", "road_class": "residential", "source": "real:osm", "confidence": 1.0, "attribution": "© OpenStreetMap contributors" }, "geometry": { "type": "LineString", "coordinates": [ [ 78.4736731, 17.3749191 ], [ 78.4737626, 17.3744572 ], [ 78.4737808, 17.3743663 ], [ 78.4738089, 17.374166 ], [ 78.4738136, 17.3740342 ], [ 78.4738163, 17.3739945 ], [ 78.4738076, 17.3739459 ], [ 78.4737928, 17.3739113 ], [ 78.4737694, 17.37388 ], [ 78.4737137, 17.3738697 ], [ 78.4731508, 17.3738746 ], [ 78.4731089, 17.3738723 ], [ 78.4730911, 17.373863 ], [ 78.4730686, 17.3738403 ], [ 78.4730497, 17.3737999 ], [ 78.473016, 17.3737257 ], [ 78.4728196, 17.3738024 ], [ 78.4724357, 17.3739678 ], [ 78.4724146, 17.3739801 ], [ 78.4723628, 17.3739944 ], [ 78.4722809, 17.3740278 ], [ 78.4720502, 17.3741243 ], [ 78.4718578, 17.3741937 ], [ 78.4717416, 17.3742699 ], [ 78.4715688, 17.3743985 ], [ 78.4713199, 17.374538 ] ] } },
{ "type": "Feature", "properties": { "road_id": "OSM-WAY-355688148", "road_name": "", "road_class": "residential", "source": "real:osm", "confidence": 1.0, "attribution": "© OpenStreetMap contributors" }, "geometry": { "type": "LineString", "coordinates": [ [ 78.4781367, 17.3769523 ], [ 78.47837, 17.3768547 ], [ 78.4785439, 17.3768206 ], [ 78.4786459, 17.3768273 ], [ 78.4787402, 17.3768334 ], [ 78.4788119, 17.3768399 ], [ 78.4788747, 17.3768567 ], [ 78.4788726, 17.3769021 ], [ 78.4788776, 17.3769774 ], [ 78.4789393, 17.3769953 ], [ 78.479201, 17.3771367 ], [ 78.4793541, 17.3771941 ], [ 78.4793845, 17.3772657 ], [ 78.4794772, 17.3773026 ], [ 78.4795799, 17.3773508 ], [ 78.4797382, 17.3774002 ] ] } },
{ "type": "Feature", "properties": { "road_id": "OSM-WAY-355688257", "road_name": "", "road_class": "residential", "source": "real:osm", "confidence": 1.0, "attribution": "© OpenStreetMap contributors" }, "geometry": { "type": "LineString", "coordinates": [ [ 78.4782162, 17.3824531 ], [ 78.4785229, 17.3824417 ], [ 78.4788433, 17.3823934 ], [ 78.4790197, 17.382373 ], [ 78.4790562, 17.3823695 ], [ 78.4790747, 17.3823573 ], [ 78.4790828, 17.3823315 ], [ 78.4790582, 17.3821154 ], [ 78.4791173, 17.3821186 ], [ 78.4791491, 17.3821105 ], [ 78.4791701, 17.3820823 ], [ 78.4791686, 17.3820352 ], [ 78.4791698, 17.3819981 ], [ 78.4792007, 17.381972 ], [ 78.4792418, 17.381965 ], [ 78.4794582, 17.3819381 ], [ 78.4796169, 17.3819117 ] ] } },
{ "type": "Feature", "properties": { "road_id": "OSM-WAY-355688266", "road_name": "", "road_class": "service", "source": "real:osm", "confidence": 1.0, "attribution": "© OpenStreetMap contributors" }, "geometry": { "type": "LineString", "coordinates": [ [ 78.4819025, 17.3751385 ], [ 78.4819788, 17.3751348 ], [ 78.4821661, 17.3751518 ], [ 78.4824472, 17.3751859 ], [ 78.4825542, 17.3751646 ], [ 78.4826568, 17.3751135 ], [ 78.4827371, 17.3750752 ], [ 78.482804, 17.3750922 ], [ 78.4828397, 17.3751348 ], [ 78.4831743, 17.3756031 ] ] } },
{ "type": "Feature", "properties": { "road_id": "OSM-WAY-355688364", "road_name": "", "road_class": "service", "source": "real:osm", "confidence": 1.0, "attribution": "© OpenStreetMap contributors" }, "geometry": { "type": "LineString", "coordinates": [ [ 78.4846906, 17.3847654 ], [ 78.484692, 17.3847986 ], [ 78.4847087, 17.3848322 ], [ 78.4847295, 17.3848498 ], [ 78.4847664, 17.3848517 ], [ 78.4848107, 17.3848527 ], [ 78.4857393, 17.384739 ], [ 78.4859222, 17.3847007 ], [ 78.4861127, 17.384627 ], [ 78.4862706, 17.3845105 ], [ 78.4864352, 17.3843431 ], [ 78.4865391, 17.3842226 ], [ 78.4866302, 17.3841095 ], [ 78.4867214, 17.3840473 ] ] } },
{ "type": "Feature", "properties": { "road_id": "OSM-WAY-355688383", "road_name": "", "road_class": "residential", "source": "real:osm", "confidence": 1.0, "attribution": "© OpenStreetMap contributors" }, "geometry": { "type": "LineString", "coordinates": [ [ 78.472638, 17.3677795 ], [ 78.4725146, 17.3678216 ], [ 78.4721897, 17.3677418 ], [ 78.4721181, 17.3677479 ], [ 78.4721023, 17.3676242 ], [ 78.4722384, 17.3675573 ], [ 78.4722202, 17.3674599 ], [ 78.4723344, 17.3674384 ], [ 78.47244, 17.367423 ], [ 78.4725723, 17.3674034 ] ] } },
{ "type": "Feature", "properties": { "road_id": "OSM-WAY-355688399", "road_name": "", "road_class": "residential", "source": "real:osm", "confidence": 1.0, "attribution": "© OpenStreetMap contributors" }, "geometry": { "type": "LineString", "coordinates": [ [ 78.4826126, 17.3852928 ], [ 78.4825703, 17.3849406 ], [ 78.482565, 17.3848364 ], [ 78.4825435, 17.3847122 ], [ 78.4824872, 17.3845484 ], [ 78.4824242, 17.3844345 ] ] } },
{ "type": "Feature", "properties": { "road_id": "OSM-WAY-355688422", "road_name": "", "road_class": "service", "source": "real:osm", "confidence": 1.0, "attribution": "© OpenStreetMap contributors" }, "geometry": { "type": "LineString", "coordinates": [ [ 78.477226, 17.3725597 ], [ 78.4774421, 17.3726357 ], [ 78.4782199, 17.3729748 ], [ 78.4784559, 17.3730962 ], [ 78.478704, 17.3732296 ], [ 78.4789395, 17.3733824 ], [ 78.4790919, 17.3734824 ], [ 78.4794004, 17.3737128 ], [ 78.4797069, 17.3739312 ], [ 78.479917, 17.374118 ], [ 78.4799425, 17.3741494 ], [ 78.4799505, 17.374198 ], [ 78.4799465, 17.3742212 ], [ 78.4799402, 17.3742578 ], [ 78.4798385, 17.3743433 ] ] } },
{ "type": "Feature", "properties": { "road_id": "OSM-WAY-355688486", "road_name": "", "road_class": "residential", "source": "real:osm", "confidence": 1.0, "attribution": "© OpenStreetMap contributors" }, "geometry": { "type": "LineString", "coordinates": [ [ 78.4780342, 17.3746531 ], [ 78.4778947, 17.3746785 ], [ 78.4778006, 17.3746955 ], [ 78.4776361, 17.374708 ], [ 78.4775196, 17.3746796 ], [ 78.4774081, 17.3746893 ], [ 78.4772791, 17.3747337 ] ] } },
{ "type": "Feature", "properties": { "road_id": "OSM-WAY-355688495", "road_name": "Alawa Bibi road", "road_class": "residential", "source": "real:osm", "confidence": 1.0, "attribution": "© OpenStreetMap contributors" }, "geometry": { "type": "LineString", "coordinates": [ [ 78.4841236, 17.3663602 ], [ 78.4842445, 17.3663389 ], [ 78.4849428, 17.3661321 ], [ 78.4852901, 17.3660095 ], [ 78.4856029, 17.3659218 ], [ 78.48581, 17.3658571 ], [ 78.4858781, 17.3658421 ], [ 78.4863899, 17.3657291 ], [ 78.4865449, 17.3654564 ], [ 78.4865612, 17.3654085 ], [ 78.4869615, 17.365287 ], [ 78.4878436, 17.3650327 ], [ 78.4878878, 17.365019 ], [ 78.4886243, 17.3647906 ] ] } },
{ "type": "Feature", "properties": { "road_id": "OSM-WAY-355688563", "road_name": "", "road_class": "service", "source": "real:osm", "confidence": 1.0, "attribution": "© OpenStreetMap contributors" }, "geometry": { "type": "LineString", "coordinates": [ [ 78.4826752, 17.3825719 ], [ 78.4830399, 17.3829062 ], [ 78.4830966, 17.3829373 ], [ 78.4831609, 17.3829595 ], [ 78.4832618, 17.3829785 ], [ 78.4834333, 17.3829913 ], [ 78.4835466, 17.3829828 ], [ 78.4835852, 17.3829799 ], [ 78.4838574, 17.3829651 ], [ 78.4840392, 17.3829588 ], [ 78.484193, 17.3829534 ], [ 78.4846124, 17.3829115 ], [ 78.4846382, 17.382898 ], [ 78.4846562, 17.3828704 ], [ 78.4846616, 17.3828427 ], [ 78.4846236, 17.382666 ], [ 78.4845393, 17.3822954 ], [ 78.4845208, 17.3822804 ], [ 78.4844922, 17.3822753 ], [ 78.4843564, 17.3823082 ], [ 78.4840701, 17.382391 ] ] } },
{ "type": "Feature", "properties": { "road_id": "OSM-WAY-355688582", "road_name": "", "road_class": "service", "source": "real:osm", "confidence": 1.0, "attribution": "© OpenStreetMap contributors" }, "geometry": { "type": "LineString", "coordinates": [ [ 78.4794856, 17.3706828 ], [ 78.48019, 17.370771 ], [ 78.4803333, 17.3707813 ], [ 78.4804665, 17.3708561 ], [ 78.4808413, 17.3710605 ], [ 78.4809349, 17.3711584 ], [ 78.4809929, 17.3713457 ], [ 78.4809885, 17.3716097 ], [ 78.4809082, 17.3718226 ], [ 78.4807922, 17.3719545 ], [ 78.4806999, 17.3720145 ] ] } },
{ "type": "Feature", "properties": { "road_id": "OSM-WAY-355688588", "road_name": "", "road_class": "service", "source": "real:osm", "confidence": 1.0, "attribution": "© OpenStreetMap contributors" }, "geometry": { "type": "LineString", "coordinates": [ [ 78.4846906, 17.3847654 ], [ 78.4847469, 17.3842877 ], [ 78.4847577, 17.3841721 ], [ 78.4848293, 17.383828 ], [ 78.4849408, 17.3836449 ], [ 78.4850211, 17.3835342 ], [ 78.4851817, 17.3833512 ], [ 78.4853289, 17.383232 ], [ 78.4854136, 17.3831937 ], [ 78.4855028, 17.3831979 ], [ 78.4857616, 17.3832064 ], [ 78.4859266, 17.3832277 ], [ 78.4859569, 17.3833171 ], [ 78.4860342, 17.3834815 ], [ 78.4860572, 17.3835864 ], [ 78.4861494, 17.3837091 ], [ 78.4862922, 17.3838109 ], [ 78.4864993, 17.3839339 ], [ 78.4867214, 17.3840473 ] ] } },
{ "type": "Feature", "properties": { "road_id": "OSM-WAY-355688604", "road_name": "", "road_class": "residential", "source": "real:osm", "confidence": 1.0, "attribution": "© OpenStreetMap contributors" }, "geometry": { "type": "LineString", "coordinates": [ [ 78.4777588, 17.3771357 ], [ 78.4781992, 17.377083 ] ] } },
{ "type": "Feature", "properties": { "road_id": "OSM-WAY-355688606", "road_name": "", "road_class": "residential", "source": "real:osm", "confidence": 1.0, "attribution": "© OpenStreetMap contributors" }, "geometry": { "type": "LineString", "coordinates": [ [ 78.4689625, 17.3722519 ], [ 78.4693269, 17.3723861 ], [ 78.4696367, 17.3725316 ] ] } },
{ "type": "Feature", "properties": { "road_id": "OSM-WAY-355688614", "road_name": "", "road_class": "residential", "source": "real:osm", "confidence": 1.0, "attribution": "© OpenStreetMap contributors" }, "geometry": { "type": "LineString", "coordinates": [ [ 78.4775399, 17.3684749 ], [ 78.4776647, 17.368954 ] ] } },
{ "type": "Feature", "properties": { "road_id": "OSM-WAY-355688632", "road_name": "", "road_class": "residential", "source": "real:osm", "confidence": 1.0, "attribution": "© OpenStreetMap contributors" }, "geometry": { "type": "LineString", "coordinates": [ [ 78.4626486, 17.3762915 ], [ 78.4631397, 17.3762006 ] ] } },
{ "type": "Feature", "properties": { "road_id": "OSM-WAY-355688703", "road_name": "", "road_class": "residential", "source": "real:osm", "confidence": 1.0, "attribution": "© OpenStreetMap contributors" }, "geometry": { "type": "LineString", "coordinates": [ [ 78.4810094, 17.3797992 ], [ 78.481703, 17.3794674 ] ] } },
{ "type": "Feature", "properties": { "road_id": "OSM-WAY-355688739", "road_name": "", "road_class": "residential", "source": "real:osm", "confidence": 1.0, "attribution": "© OpenStreetMap contributors" }, "geometry": { "type": "LineString", "coordinates": [ [ 78.4738323, 17.3774577 ], [ 78.4745922, 17.3773535 ] ] } },
{ "type": "Feature", "properties": { "road_id": "OSM-WAY-355688783", "road_name": "", "road_class": "residential", "source": "real:osm", "confidence": 1.0, "attribution": "© OpenStreetMap contributors" }, "geometry": { "type": "LineString", "coordinates": [ [ 78.4650217, 17.373807 ], [ 78.4650254, 17.3738229 ], [ 78.465042, 17.3738332 ], [ 78.4651918, 17.3738367 ], [ 78.4652719, 17.3738475 ], [ 78.4654192, 17.3738959 ] ] } },
{ "type": "Feature", "properties": { "road_id": "OSM-WAY-355688785", "road_name": "", "road_class": "residential", "source": "real:osm", "confidence": 1.0, "attribution": "© OpenStreetMap contributors" }, "geometry": { "type": "LineString", "coordinates": [ [ 78.4580863, 17.375483 ], [ 78.4580748, 17.3753438 ] ] } },
{ "type": "Feature", "properties": { "road_id": "OSM-WAY-355688831", "road_name": "", "road_class": "service", "source": "real:osm", "confidence": 1.0, "attribution": "© OpenStreetMap contributors" }, "geometry": { "type": "LineString", "coordinates": [ [ 78.4744987, 17.3731829 ], [ 78.4746806, 17.3731946 ], [ 78.4747222, 17.3731933 ], [ 78.4748094, 17.3732035 ], [ 78.4749033, 17.3732141 ] ] } },
{ "type": "Feature", "properties": { "road_id": "OSM-WAY-355688887", "road_name": "", "road_class": "residential", "source": "real:osm", "confidence": 1.0, "attribution": "© OpenStreetMap contributors" }, "geometry": { "type": "LineString", "coordinates": [ [ 78.45742, 17.3791055 ], [ 78.4577726, 17.379101 ] ] } },
{ "type": "Feature", "properties": { "road_id": "OSM-WAY-355688898", "road_name": "", "road_class": "residential", "source": "real:osm", "confidence": 1.0, "attribution": "© OpenStreetMap contributors" }, "geometry": { "type": "LineString", "coordinates": [ [ 78.4562388, 17.3718971 ], [ 78.4567677, 17.371637 ], [ 78.4566956, 17.3714797 ], [ 78.4557807, 17.3719034 ] ] } },
{ "type": "Feature", "properties": { "road_id": "OSM-WAY-355688956", "road_name": "", "road_class": "residential", "source": "real:osm", "confidence": 1.0, "attribution": "© OpenStreetMap contributors" }, "geometry": { "type": "LineString", "coordinates": [ [ 78.4696617, 17.375895 ], [ 78.4698898, 17.3758169 ] ] } },
{ "type": "Feature", "properties": { "road_id": "OSM-WAY-355688970", "road_name": "", "road_class": "residential", "source": "real:osm", "confidence": 1.0, "attribution": "© OpenStreetMap contributors" }, "geometry": { "type": "LineString", "coordinates": [ [ 78.4619401, 17.3796372 ], [ 78.4622275, 17.3796145 ] ] } },
{ "type": "Feature", "properties": { "road_id": "OSM-WAY-355689001", "road_name": "", "road_class": "residential", "source": "real:osm", "confidence": 1.0, "attribution": "© OpenStreetMap contributors" }, "geometry": { "type": "LineString", "coordinates": [ [ 78.4786459, 17.3768273 ], [ 78.4786771, 17.3767335 ], [ 78.4786986, 17.3767073 ], [ 78.4787368, 17.3766996 ], [ 78.4788886, 17.3767166 ], [ 78.4792318, 17.3768301 ] ] } },
{ "type": "Feature", "properties": { "road_id": "OSM-WAY-355689014", "road_name": "", "road_class": "residential", "source": "real:osm", "confidence": 1.0, "attribution": "© OpenStreetMap contributors" }, "geometry": { "type": "LineString", "coordinates": [ [ 78.4799374, 17.3797317 ], [ 78.4801157, 17.3796509 ] ] } },
{ "type": "Feature", "properties": { "road_id": "OSM-WAY-355689042", "road_name": "", "road_class": "residential", "source": "real:osm", "confidence": 1.0, "attribution": "© OpenStreetMap contributors" }, "geometry": { "type": "LineString", "coordinates": [ [ 78.4637588, 17.3811296 ], [ 78.4643499, 17.3811681 ] ] } },
{ "type": "Feature", "properties": { "road_id": "OSM-WAY-355689074", "road_name": "", "road_class": "residential", "source": "real:osm", "confidence": 1.0, "attribution": "© OpenStreetMap contributors" }, "geometry": { "type": "LineString", "coordinates": [ [ 78.4790132, 17.3807922 ], [ 78.4793781, 17.3806607 ] ] } },
{ "type": "Feature", "properties": { "road_id": "OSM-WAY-355689091", "road_name": "", "road_class": "residential", "source": "real:osm", "confidence": 1.0, "attribution": "© OpenStreetMap contributors" }, "geometry": { "type": "LineString", "coordinates": [ [ 78.4785114, 17.3666058 ], [ 78.4788361, 17.3665128 ] ] } },
{ "type": "Feature", "properties": { "road_id": "OSM-WAY-355689093", "road_name": "", "road_class": "residential", "source": "real:osm", "confidence": 1.0, "attribution": "© OpenStreetMap contributors" }, "geometry": { "type": "LineString", "coordinates": [ [ 78.483486, 17.3713357 ], [ 78.4836958, 17.3721433 ] ] } },
{ "type": "Feature", "properties": { "road_id": "OSM-WAY-355689114", "road_name": "", "road_class": "residential", "source": "real:osm", "confidence": 1.0, "attribution": "© OpenStreetMap contributors" }, "geometry": { "type": "LineString", "coordinates": [ [ 78.4801982, 17.3803835 ], [ 78.4809117, 17.3799654 ] ] } },
{ "type": "Feature", "properties": { "road_id": "OSM-WAY-355689117", "road_name": "", "road_class": "residential", "source": "real:osm", "confidence": 1.0, "attribution": "© OpenStreetMap contributors" }, "geometry": { "type": "LineString", "coordinates": [ [ 78.457561, 17.3734569 ], [ 78.4581235, 17.3733866 ] ] } },
{ "type": "Feature", "properties": { "road_id": "OSM-WAY-355689138", "road_name": "", "road_class": "residential", "source": "real:osm", "confidence": 1.0, "attribution": "© OpenStreetMap contributors" }, "geometry": { "type": "LineString", "coordinates": [ [ 78.4769202, 17.375208 ], [ 78.4773494, 17.3751555 ] ] } },
{ "type": "Feature", "properties": { "road_id": "OSM-WAY-355689145", "road_name": "", "road_class": "residential", "source": "real:osm", "confidence": 1.0, "attribution": "© OpenStreetMap contributors" }, "geometry": { "type": "LineString", "coordinates": [ [ 78.4733115, 17.3782164 ], [ 78.4734344, 17.3789416 ] ] } },
{ "type": "Feature", "properties": { "road_id": "OSM-WAY-355689148", "road_name": "", "road_class": "residential", "source": "real:osm", "confidence": 1.0, "attribution": "© OpenStreetMap contributors" }, "geometry": { "type": "LineString", "coordinates": [ [ 78.460657, 17.3798828 ], [ 78.4609084, 17.3798037 ] ] } },
{ "type": "Feature", "properties": { "road_id": "OSM-WAY-355689160", "road_name": "", "road_class": "residential", "source": "real:osm", "confidence": 1.0, "attribution": "© OpenStreetMap contributors" }, "geometry": { "type": "LineString", "coordinates": [ [ 78.4823749, 17.3816719 ], [ 78.4820882, 17.380973 ] ] } },
{ "type": "Feature", "properties": { "road_id": "OSM-WAY-355689177", "road_name": "", "road_class": "residential", "source": "real:osm", "confidence": 1.0, "attribution": "© OpenStreetMap contributors" }, "geometry": { "type": "LineString", "coordinates": [ [ 78.4769518, 17.3770642 ], [ 78.4772903, 17.376777 ] ] } },
{ "type": "Feature", "properties": { "road_id": "OSM-WAY-355689209", "road_name": "", "road_class": "residential", "source": "real:osm", "confidence": 1.0, "attribution": "© OpenStreetMap contributors" }, "geometry": { "type": "LineString", "coordinates": [ [ 78.4719602, 17.3814146 ], [ 78.4720873, 17.3813923 ], [ 78.472379, 17.3813433 ] ] } },
{ "type": "Feature", "properties": { "road_id": "OSM-WAY-355689255", "road_name": "", "road_class": "residential", "source": "real:osm", "confidence": 1.0, "attribution": "© OpenStreetMap contributors" }, "geometry": { "type": "LineString", "coordinates": [ [ 78.4724071, 17.3745928 ], [ 78.4724308, 17.3751874 ] ] } },
{ "type": "Feature", "properties": { "road_id": "OSM-WAY-355689321", "road_name": "", "road_class": "residential", "source": "real:osm", "confidence": 1.0, "attribution": "© OpenStreetMap contributors" }, "geometry": { "type": "LineString", "coordinates": [ [ 78.4576401, 17.3777124 ], [ 78.4574672, 17.3777678 ], [ 78.4571791, 17.3778454 ] ] } },
{ "type": "Feature", "properties": { "road_id": "OSM-WAY-355689346", "road_name": "", "road_class": "residential", "source": "real:osm", "confidence": 1.0, "attribution": "© OpenStreetMap contributors" }, "geometry": { "type": "LineString", "coordinates": [ [ 78.4593123, 17.3666929 ], [ 78.459386, 17.3659224 ] ] } },
{ "type": "Feature", "properties": { "road_id": "OSM-WAY-355689463", "road_name": "", "road_class": "residential", "source": "real:osm", "confidence": 1.0, "attribution": "© OpenStreetMap contributors" }, "geometry": { "type": "LineString", "coordinates": [ [ 78.4692585, 17.383575 ], [ 78.4694439, 17.38354 ] ] } },
{ "type": "Feature", "properties": { "road_id": "OSM-WAY-355689554", "road_name": "", "road_class": "residential", "source": "real:osm", "confidence": 1.0, "attribution": "© OpenStreetMap contributors" }, "geometry": { "type": "LineString", "coordinates": [ [ 78.4639609, 17.3742569 ], [ 78.4640139, 17.3745037 ] ] } },
{ "type": "Feature", "properties": { "road_id": "OSM-WAY-355689819", "road_name": "", "road_class": "residential", "source": "real:osm", "confidence": 1.0, "attribution": "© OpenStreetMap contributors" }, "geometry": { "type": "LineString", "coordinates": [ [ 78.4732043, 17.3679653 ], [ 78.4734216, 17.3678786 ], [ 78.4737318, 17.3678251 ] ] } },
{ "type": "Feature", "properties": { "road_id": "OSM-WAY-355689922", "road_name": "", "road_class": "service", "source": "real:osm", "confidence": 1.0, "attribution": "© OpenStreetMap contributors" }, "geometry": { "type": "LineString", "coordinates": [ [ 78.4797661, 17.383019 ], [ 78.4797672, 17.3830959 ], [ 78.479784, 17.3842664 ] ] } },
{ "type": "Feature", "properties": { "road_id": "OSM-WAY-355689952", "road_name": "", "road_class": "residential", "source": "real:osm", "confidence": 1.0, "attribution": "© OpenStreetMap contributors" }, "geometry": { "type": "LineString", "coordinates": [ [ 78.4615553, 17.3794097 ], [ 78.4618719, 17.3793439 ] ] } },
{ "type": "Feature", "properties": { "road_id": "OSM-WAY-355689985", "road_name": "", "road_class": "living_street", "source": "real:osm", "confidence": 1.0, "attribution": "© OpenStreetMap contributors" }, "geometry": { "type": "LineString", "coordinates": [ [ 78.4795814, 17.3752713 ], [ 78.4794487, 17.3749475 ] ] } },
{ "type": "Feature", "properties": { "road_id": "OSM-WAY-355690200", "road_name": "", "road_class": "service", "source": "real:osm", "confidence": 1.0, "attribution": "© OpenStreetMap contributors" }, "geometry": { "type": "LineString", "coordinates": [ [ 78.4846236, 17.382666 ], [ 78.4854129, 17.3825259 ], [ 78.4854438, 17.3825176 ], [ 78.4854631, 17.3825013 ], [ 78.4854706, 17.3824768 ], [ 78.4854645, 17.3824494 ], [ 78.4851118, 17.3816125 ] ] } },
{ "type": "Feature", "properties": { "road_id": "OSM-WAY-355690244", "road_name": "", "road_class": "residential", "source": "real:osm", "confidence": 1.0, "attribution": "© OpenStreetMap contributors" }, "geometry": { "type": "LineString", "coordinates": [ [ 78.4628248, 17.3820144 ], [ 78.463257, 17.3820229 ] ] } },
{ "type": "Feature", "properties": { "road_id": "OSM-WAY-355690295", "road_name": "", "road_class": "residential", "source": "real:osm", "confidence": 1.0, "attribution": "© OpenStreetMap contributors" }, "geometry": { "type": "LineString", "coordinates": [ [ 78.4694618, 17.3721837 ], [ 78.4696867, 17.3719316 ] ] } },
{ "type": "Feature", "properties": { "road_id": "OSM-WAY-355690326", "road_name": "", "road_class": "residential", "source": "real:osm", "confidence": 1.0, "attribution": "© OpenStreetMap contributors" }, "geometry": { "type": "LineString", "coordinates": [ [ 78.4842324, 17.3732005 ], [ 78.4842363, 17.3733115 ] ] } },
{ "type": "Feature", "properties": { "road_id": "OSM-WAY-355690344", "road_name": "", "road_class": "residential", "source": "real:osm", "confidence": 1.0, "attribution": "© OpenStreetMap contributors" }, "geometry": { "type": "LineString", "coordinates": [ [ 78.4660325, 17.3812035 ], [ 78.4663792, 17.3811147 ], [ 78.4666703, 17.381058 ] ] } },
{ "type": "Feature", "properties": { "road_id": "OSM-WAY-355690376", "road_name": "", "road_class": "residential", "source": "real:osm", "confidence": 1.0, "attribution": "© OpenStreetMap contributors" }, "geometry": { "type": "LineString", "coordinates": [ [ 78.4624293, 17.3716829 ], [ 78.4627818, 17.3716303 ] ] } },
{ "type": "Feature", "properties": { "road_id": "OSM-WAY-355690455", "road_name": "", "road_class": "residential", "source": "real:osm", "confidence": 1.0, "attribution": "© OpenStreetMap contributors" }, "geometry": { "type": "LineString", "coordinates": [ [ 78.4801797, 17.3694417 ], [ 78.4804414, 17.3699876 ], [ 78.4805424, 17.3700174 ], [ 78.4807074, 17.3700089 ], [ 78.4810439, 17.3699409 ] ] } },
{ "type": "Feature", "properties": { "road_id": "OSM-WAY-355690469", "road_name": "", "road_class": "residential", "source": "real:osm", "confidence": 1.0, "attribution": "© OpenStreetMap contributors" }, "geometry": { "type": "LineString", "coordinates": [ [ 78.4578661, 17.3772153 ], [ 78.4582571, 17.3771226 ] ] } },
{ "type": "Feature", "properties": { "road_id": "OSM-WAY-355690563", "road_name": "", "road_class": "residential", "source": "real:osm", "confidence": 1.0, "attribution": "© OpenStreetMap contributors" }, "geometry": { "type": "LineString", "coordinates": [ [ 78.4553932, 17.3730456 ], [ 78.455484, 17.3735668 ] ] } },
{ "type": "Feature", "properties": { "road_id": "OSM-WAY-355690646", "road_name": "", "road_class": "residential", "source": "real:osm", "confidence": 1.0, "attribution": "© OpenStreetMap contributors" }, "geometry": { "type": "LineString", "coordinates": [ [ 78.4716527, 17.3814614 ], [ 78.4719602, 17.3814146 ] ] } },
{ "type": "Feature", "properties": { "road_id": "OSM-WAY-355690741", "road_name": "", "road_class": "residential", "source": "real:osm", "confidence": 1.0, "attribution": "© OpenStreetMap contributors" }, "geometry": { "type": "LineString", "coordinates": [ [ 78.4681857, 17.3795365 ], [ 78.4680408, 17.3788505 ], [ 78.4680381, 17.3787468 ], [ 78.4680596, 17.3786674 ], [ 78.4681407, 17.378583 ] ] } },
{ "type": "Feature", "properties": { "road_id": "OSM-WAY-355690957", "road_name": "", "road_class": "residential", "source": "real:osm", "confidence": 1.0, "attribution": "© OpenStreetMap contributors" }, "geometry": { "type": "LineString", "coordinates": [ [ 78.4803541, 17.3789813 ], [ 78.4802396, 17.3786303 ] ] } },
{ "type": "Feature", "properties": { "road_id": "OSM-WAY-355690990", "road_name": "", "road_class": "residential", "source": "real:osm", "confidence": 1.0, "attribution": "© OpenStreetMap contributors" }, "geometry": { "type": "LineString", "coordinates": [ [ 78.4790343, 17.3747322 ], [ 78.4789588, 17.3745387 ] ] } },
{ "type": "Feature", "properties": { "road_id": "OSM-WAY-355691026", "road_name": "", "road_class": "residential", "source": "real:osm", "confidence": 1.0, "attribution": "© OpenStreetMap contributors" }, "geometry": { "type": "LineString", "coordinates": [ [ 78.4808955, 17.3706925 ], [ 78.4809338, 17.370845 ], [ 78.4809578, 17.3708807 ], [ 78.4809992, 17.3709048 ], [ 78.4810534, 17.3709108 ], [ 78.4811298, 17.3708955 ], [ 78.4816154, 17.3707944 ], [ 78.4818816, 17.3707511 ] ] } },
{ "type": "Feature", "properties": { "road_id": "OSM-WAY-355691333", "road_name": "", "road_class": "living_street", "source": "real:osm", "confidence": 1.0, "attribution": "© OpenStreetMap contributors" }, "geometry": { "type": "LineString", "coordinates": [ [ 78.4794064, 17.3778588 ], [ 78.4792692, 17.3773287 ] ] } },
{ "type": "Feature", "properties": { "road_id": "OSM-WAY-355691386", "road_name": "", "road_class": "residential", "source": "real:osm", "confidence": 1.0, "attribution": "© OpenStreetMap contributors" }, "geometry": { "type": "LineString", "coordinates": [ [ 78.45531, 17.3740761 ], [ 78.4558723, 17.3740879 ] ] } },
{ "type": "Feature", "properties": { "road_id": "OSM-WAY-355691582", "road_name": "", "road_class": "residential", "source": "real:osm", "confidence": 1.0, "attribution": "© OpenStreetMap contributors" }, "geometry": { "type": "LineString", "coordinates": [ [ 78.4638298, 17.3793908 ], [ 78.4641697, 17.3793778 ] ] } },
{ "type": "Feature", "properties": { "road_id": "OSM-WAY-355691595", "road_name": "", "road_class": "residential", "source": "real:osm", "confidence": 1.0, "attribution": "© OpenStreetMap contributors" }, "geometry": { "type": "LineString", "coordinates": [ [ 78.4628169, 17.3765468 ], [ 78.4628545, 17.376519 ], [ 78.46321, 17.376446 ] ] } },
{ "type": "Feature", "properties": { "road_id": "OSM-WAY-355691665", "road_name": "", "road_class": "residential", "source": "real:osm", "confidence": 1.0, "attribution": "© OpenStreetMap contributors" }, "geometry": { "type": "LineString", "coordinates": [ [ 78.4559603, 17.3730326 ], [ 78.4562535, 17.3729423 ] ] } },
{ "type": "Feature", "properties": { "road_id": "OSM-WAY-355691672", "road_name": "", "road_class": "residential", "source": "real:osm", "confidence": 1.0, "attribution": "© OpenStreetMap contributors" }, "geometry": { "type": "LineString", "coordinates": [ [ 78.4719236, 17.3771751 ], [ 78.4718151, 17.3766703 ] ] } },
{ "type": "Feature", "properties": { "road_id": "OSM-WAY-355691811", "road_name": "", "road_class": "residential", "source": "real:osm", "confidence": 1.0, "attribution": "© OpenStreetMap contributors" }, "geometry": { "type": "LineString", "coordinates": [ [ 78.4774846, 17.3825243 ], [ 78.4776444, 17.3825336 ], [ 78.4778088, 17.382545 ], [ 78.4781837, 17.3825619 ] ] } },
{ "type": "Feature", "properties": { "road_id": "OSM-WAY-355691851", "road_name": "", "road_class": "residential", "source": "real:osm", "confidence": 1.0, "attribution": "© OpenStreetMap contributors" }, "geometry": { "type": "LineString", "coordinates": [ [ 78.4758101, 17.3753362 ], [ 78.4756265, 17.3749985 ] ] } },
{ "type": "Feature", "properties": { "road_id": "OSM-WAY-355691863", "road_name": "", "road_class": "residential", "source": "real:osm", "confidence": 1.0, "attribution": "© OpenStreetMap contributors" }, "geometry": { "type": "LineString", "coordinates": [ [ 78.4598841, 17.3744426 ], [ 78.4600642, 17.374356 ] ] } },
{ "type": "Feature", "properties": { "road_id": "OSM-WAY-355691879", "road_name": "", "road_class": "residential", "source": "real:osm", "confidence": 1.0, "attribution": "© OpenStreetMap contributors" }, "geometry": { "type": "LineString", "coordinates": [ [ 78.4763826, 17.3788224 ], [ 78.4764176, 17.3789458 ] ] } },
{ "type": "Feature", "properties": { "road_id": "OSM-WAY-355691885", "road_name": "", "road_class": "residential", "source": "real:osm", "confidence": 1.0, "attribution": "© OpenStreetMap contributors" }, "geometry": { "type": "LineString", "coordinates": [ [ 78.4695088, 17.3776738 ], [ 78.4697483, 17.3776297 ], [ 78.4697835, 17.3776241 ], [ 78.4698094, 17.3776164 ], [ 78.4698253, 17.3776025 ], [ 78.4698364, 17.3775821 ], [ 78.4698506, 17.377574 ], [ 78.4698778, 17.3775654 ], [ 78.4700438, 17.3775444 ] ] } },
{ "type": "Feature", "properties": { "road_id": "OSM-WAY-355691906", "road_name": "", "road_class": "residential", "source": "real:osm", "confidence": 1.0, "attribution": "© OpenStreetMap contributors" }, "geometry": { "type": "LineString", "coordinates": [ [ 78.4543926, 17.3824949 ], [ 78.4550771, 17.3825248 ] ] } },
{ "type": "Feature", "properties": { "road_id": "OSM-WAY-355691917", "road_name": "", "road_class": "residential", "source": "real:osm", "confidence": 1.0, "attribution": "© OpenStreetMap contributors" }, "geometry": { "type": "LineString", "coordinates": [ [ 78.4612004, 17.3661067 ], [ 78.4615857, 17.3658897 ], [ 78.4618942, 17.3658055 ], [ 78.4621435, 17.3657657 ] ] } },
{ "type": "Feature", "properties": { "road_id": "OSM-WAY-355691925", "road_name": "", "road_class": "residential", "source": "real:osm", "confidence": 1.0, "attribution": "© OpenStreetMap contributors" }, "geometry": { "type": "LineString", "coordinates": [ [ 78.4690668, 17.376503 ], [ 78.4690602, 17.3762246 ] ] } },
{ "type": "Feature", "properties": { "road_id": "OSM-WAY-355691934", "road_name": "", "road_class": "residential", "source": "real:osm", "confidence": 1.0, "attribution": "© OpenStreetMap contributors" }, "geometry": { "type": "LineString", "coordinates": [ [ 78.4769113, 17.3739981 ], [ 78.4771509, 17.3739727 ] ] } },
{ "type": "Feature", "properties": { "road_id": "OSM-WAY-355692087", "road_name": "", "road_class": "residential", "source": "real:osm", "confidence": 1.0, "attribution": "© OpenStreetMap contributors" }, "geometry": { "type": "LineString", "coordinates": [ [ 78.4716819, 17.3818063 ], [ 78.4721532, 17.381747 ], [ 78.4722898, 17.3817292 ] ] } },
{ "type": "Feature", "properties": { "road_id": "OSM-WAY-355692215", "road_name": "", "road_class": "residential", "source": "real:osm", "confidence": 1.0, "attribution": "© OpenStreetMap contributors" }, "geometry": { "type": "LineString", "coordinates": [ [ 78.4804357, 17.3794671 ], [ 78.4807179, 17.379321 ] ] } },
{ "type": "Feature", "properties": { "road_id": "OSM-WAY-355692384", "road_name": "", "road_class": "residential", "source": "real:osm", "confidence": 1.0, "attribution": "© OpenStreetMap contributors" }, "geometry": { "type": "LineString", "coordinates": [ [ 78.4745564, 17.3651252 ], [ 78.4749286, 17.3649588 ] ] } },
{ "type": "Feature", "properties": { "road_id": "OSM-WAY-355692485", "road_name": "", "road_class": "residential", "source": "real:osm", "confidence": 1.0, "attribution": "© OpenStreetMap contributors" }, "geometry": { "type": "LineString", "coordinates": [ [ 78.4648581, 17.3817619 ], [ 78.4651932, 17.3816577 ] ] } },
{ "type": "Feature", "properties": { "road_id": "OSM-WAY-355692557", "road_name": "", "road_class": "residential", "source": "real:osm", "confidence": 1.0, "attribution": "© OpenStreetMap contributors" }, "geometry": { "type": "LineString", "coordinates": [ [ 78.4731991, 17.3831133 ], [ 78.4736266, 17.3830102 ], [ 78.4740084, 17.3829531 ], [ 78.4740617, 17.3829576 ], [ 78.4740869, 17.3829697 ], [ 78.4740956, 17.3829825 ], [ 78.4741054, 17.3830106 ], [ 78.4741511, 17.3833667 ] ] } },
{ "type": "Feature", "properties": { "road_id": "OSM-WAY-355692575", "road_name": "", "road_class": "residential", "source": "real:osm", "confidence": 1.0, "attribution": "© OpenStreetMap contributors" }, "geometry": { "type": "LineString", "coordinates": [ [ 78.4813988, 17.3787485 ], [ 78.4812474, 17.3785958 ] ] } },
{ "type": "Feature", "properties": { "road_id": "OSM-WAY-355692711", "road_name": "", "road_class": "residential", "source": "real:osm", "confidence": 1.0, "attribution": "© OpenStreetMap contributors" }, "geometry": { "type": "LineString", "coordinates": [ [ 78.4716436, 17.3668313 ], [ 78.4723871, 17.3667634 ] ] } },
{ "type": "Feature", "properties": { "road_id": "OSM-WAY-355692785", "road_name": "", "road_class": "residential", "source": "real:osm", "confidence": 1.0, "attribution": "© OpenStreetMap contributors" }, "geometry": { "type": "LineString", "coordinates": [ [ 78.4837349, 17.372895 ], [ 78.4836335, 17.3722297 ], [ 78.4836212, 17.3721493 ] ] } },
{ "type": "Feature", "properties": { "road_id": "OSM-WAY-355692893", "road_name": "", "road_class": "residential", "source": "real:osm", "confidence": 1.0, "attribution": "© OpenStreetMap contributors" }, "geometry": { "type": "LineString", "coordinates": [ [ 78.4598263, 17.373795 ], [ 78.4603513, 17.3735826 ] ] } },
{ "type": "Feature", "properties": { "road_id": "OSM-WAY-355693036", "road_name": "", "road_class": "residential", "source": "real:osm", "confidence": 1.0, "attribution": "© OpenStreetMap contributors" }, "geometry": { "type": "LineString", "coordinates": [ [ 78.4736334, 17.3781177 ], [ 78.4738279, 17.3788578 ] ] } },
{ "type": "Feature", "properties": { "road_id": "OSM-WAY-355693040", "road_name": "", "road_class": "residential", "source": "real:osm", "confidence": 1.0, "attribution": "© OpenStreetMap contributors" }, "geometry": { "type": "LineString", "coordinates": [ [ 78.4600396, 17.384554 ], [ 78.4602426, 17.3845981 ], [ 78.4604751, 17.3846587 ] ] } },
{ "type": "Feature", "properties": { "road_id": "OSM-WAY-355693100", "road_name": "", "road_class": "residential", "source": "real:osm", "confidence": 1.0, "attribution": "© OpenStreetMap contributors" }, "geometry": { "type": "LineString", "coordinates": [ [ 78.4710156, 17.3654928 ], [ 78.471436, 17.3653785 ], [ 78.4717354, 17.3652772 ] ] } },
{ "type": "Feature", "properties": { "road_id": "OSM-WAY-355693131", "road_name": "", "road_class": "residential", "source": "real:osm", "confidence": 1.0, "attribution": "© OpenStreetMap contributors" }, "geometry": { "type": "LineString", "coordinates": [ [ 78.4767121, 17.3775996 ], [ 78.4771262, 17.3772558 ] ] } },
{ "type": "Feature", "properties": { "road_id": "OSM-WAY-355693160", "road_name": "", "road_class": "residential", "source": "real:osm", "confidence": 1.0, "attribution": "© OpenStreetMap contributors" }, "geometry": { "type": "LineString", "coordinates": [ [ 78.4570746, 17.3763326 ], [ 78.4572679, 17.3762699 ] ] } },
{ "type": "Feature", "properties": { "road_id": "OSM-WAY-355693196", "road_name": "", "road_class": "residential", "source": "real:osm", "confidence": 1.0, "attribution": "© OpenStreetMap contributors" }, "geometry": { "type": "LineString", "coordinates": [ [ 78.4790761, 17.3698276 ], [ 78.4790449, 17.3693055 ], [ 78.4794251, 17.3692728 ] ] } },
{ "type": "Feature", "properties": { "road_id": "OSM-WAY-355693223", "road_name": "", "road_class": "residential", "source": "real:osm", "confidence": 1.0, "attribution": "© OpenStreetMap contributors" }, "geometry": { "type": "LineString", "coordinates": [ [ 78.4549241, 17.376725 ], [ 78.4550506, 17.3767214 ] ] } },
{ "type": "Feature", "properties": { "road_id": "OSM-WAY-355693253", "road_name": "", "road_class": "residential", "source": "real:osm", "confidence": 1.0, "attribution": "© OpenStreetMap contributors" }, "geometry": { "type": "LineString", "coordinates": [ [ 78.4654384, 17.3659098 ], [ 78.465671, 17.3658634 ], [ 78.4657411, 17.365844 ], [ 78.4658939, 17.3658341 ] ] } },
{ "type": "Feature", "properties": { "road_id": "OSM-WAY-355693272", "road_name": "", "road_class": "residential", "source": "real:osm", "confidence": 1.0, "attribution": "© OpenStreetMap contributors" }, "geometry": { "type": "LineString", "coordinates": [ [ 78.4574672, 17.3777678 ], [ 78.4575405, 17.3780046 ] ] } },
{ "type": "Feature", "properties": { "road_id": "OSM-WAY-355693292", "road_name": "", "road_class": "residential", "source": "real:osm", "confidence": 1.0, "attribution": "© OpenStreetMap contributors" }, "geometry": { "type": "LineString", "coordinates": [ [ 78.4589084, 17.3745871 ], [ 78.4588849, 17.3742066 ] ] } },
{ "type": "Feature", "properties": { "road_id": "OSM-WAY-355693341", "road_name": "", "road_class": "residential", "source": "real:osm", "confidence": 1.0, "attribution": "© OpenStreetMap contributors" }, "geometry": { "type": "LineString", "coordinates": [ [ 78.4781835, 17.3798563 ], [ 78.4783446, 17.379989 ], [ 78.4783618, 17.3799975 ] ] } },
{ "type": "Feature", "properties": { "road_id": "OSM-WAY-355693388", "road_name": "", "road_class": "residential", "source": "real:osm", "confidence": 1.0, "attribution": "© OpenStreetMap contributors" }, "geometry": { "type": "LineString", "coordinates": [ [ 78.4784063, 17.3848499 ], [ 78.4784074, 17.3848154 ] ] } },
{ "type": "Feature", "properties": { "road_id": "OSM-WAY-355693396", "road_name": "", "road_class": "residential", "source": "real:osm", "confidence": 1.0, "attribution": "© OpenStreetMap contributors" }, "geometry": { "type": "LineString", "coordinates": [ [ 78.4696309, 17.3835205 ], [ 78.4697822, 17.3835021 ] ] } },
{ "type": "Feature", "properties": { "road_id": "OSM-WAY-355693403", "road_name": "", "road_class": "residential", "source": "real:osm", "confidence": 1.0, "attribution": "© OpenStreetMap contributors" }, "geometry": { "type": "LineString", "coordinates": [ [ 78.4708687, 17.3735986 ], [ 78.4710415, 17.3735633 ], [ 78.4713464, 17.3735153 ] ] } },
{ "type": "Feature", "properties": { "road_id": "OSM-WAY-355693416", "road_name": "", "road_class": "residential", "source": "real:osm", "confidence": 1.0, "attribution": "© OpenStreetMap contributors" }, "geometry": { "type": "LineString", "coordinates": [ [ 78.4650716, 17.3733829 ], [ 78.4655156, 17.373477 ] ] } },
{ "type": "Feature", "properties": { "road_id": "OSM-WAY-355693439", "road_name": "", "road_class": "residential", "source": "real:osm", "confidence": 1.0, "attribution": "© OpenStreetMap contributors" }, "geometry": { "type": "LineString", "coordinates": [ [ 78.4709943, 17.3818906 ], [ 78.4716819, 17.3818063 ] ] } },
{ "type": "Feature", "properties": { "road_id": "OSM-WAY-355693491", "road_name": "", "road_class": "residential", "source": "real:osm", "confidence": 1.0, "attribution": "© OpenStreetMap contributors" }, "geometry": { "type": "LineString", "coordinates": [ [ 78.4605361, 17.3737814 ], [ 78.4610576, 17.3736317 ] ] } },
{ "type": "Feature", "properties": { "road_id": "OSM-WAY-355693586", "road_name": "", "road_class": "residential", "source": "real:osm", "confidence": 1.0, "attribution": "© OpenStreetMap contributors" }, "geometry": { "type": "LineString", "coordinates": [ [ 78.4784369, 17.3683868 ], [ 78.4798136, 17.3680506 ] ] } },
{ "type": "Feature", "properties": { "road_id": "OSM-WAY-355693596", "road_name": "", "road_class": "service", "source": "real:osm", "confidence": 1.0, "attribution": "© OpenStreetMap contributors" }, "geometry": { "type": "LineString", "coordinates": [ [ 78.4842368, 17.3719137 ], [ 78.4842427, 17.3719479 ], [ 78.4842488, 17.3719832 ], [ 78.4842598, 17.3720469 ] ] } },
{ "type": "Feature", "properties": { "road_id": "OSM-WAY-355693605", "road_name": "", "road_class": "residential", "source": "real:osm", "confidence": 1.0, "attribution": "© OpenStreetMap contributors" }, "geometry": { "type": "LineString", "coordinates": [ [ 78.463752, 17.3809211 ], [ 78.464375, 17.3810287 ] ] } },
{ "type": "Feature", "properties": { "road_id": "OSM-WAY-355693763", "road_name": "", "road_class": "residential", "source": "real:osm", "confidence": 1.0, "attribution": "© OpenStreetMap contributors" }, "geometry": { "type": "LineString", "coordinates": [ [ 78.4821029, 17.3808872 ], [ 78.4824739, 17.3807628 ] ] } },
{ "type": "Feature", "properties": { "road_id": "OSM-WAY-355693769", "road_name": "", "road_class": "residential", "source": "real:osm", "confidence": 1.0, "attribution": "© OpenStreetMap contributors" }, "geometry": { "type": "LineString", "coordinates": [ [ 78.4577087, 17.3728601 ], [ 78.4580044, 17.3727537 ] ] } },
{ "type": "Feature", "properties": { "road_id": "OSM-WAY-355693870", "road_name": "", "road_class": "residential", "source": "real:osm", "confidence": 1.0, "attribution": "© OpenStreetMap contributors" }, "geometry": { "type": "LineString", "coordinates": [ [ 78.4588101, 17.3718482 ], [ 78.4591021, 17.3717961 ], [ 78.4593052, 17.3717685 ] ] } },
{ "type": "Feature", "properties": { "road_id": "OSM-WAY-355694052", "road_name": "", "road_class": "residential", "source": "real:osm", "confidence": 1.0, "attribution": "© OpenStreetMap contributors" }, "geometry": { "type": "LineString", "coordinates": [ [ 78.472477, 17.3813894 ], [ 78.4733341, 17.3812125 ], [ 78.4734642, 17.381192 ] ] } },
{ "type": "Feature", "properties": { "road_id": "OSM-WAY-355694268", "road_name": "", "road_class": "residential", "source": "real:osm", "confidence": 1.0, "attribution": "© OpenStreetMap contributors" }, "geometry": { "type": "LineString", "coordinates": [ [ 78.4724621, 17.3679486 ], [ 78.4726647, 17.367888 ] ] } },
{ "type": "Feature", "properties": { "road_id": "OSM-WAY-355694275", "road_name": "", "road_class": "residential", "source": "real:osm", "confidence": 1.0, "attribution": "© OpenStreetMap contributors" }, "geometry": { "type": "LineString", "coordinates": [ [ 78.482854, 17.3667235 ], [ 78.4830616, 17.3676204 ] ] } },
{ "type": "Feature", "properties": { "road_id": "OSM-WAY-355694382", "road_name": "", "road_class": "residential", "source": "real:osm", "confidence": 1.0, "attribution": "© OpenStreetMap contributors" }, "geometry": { "type": "LineString", "coordinates": [ [ 78.4627313, 17.369544 ], [ 78.4628309, 17.3695469 ], [ 78.4630763, 17.3695497 ], [ 78.463083, 17.3695501 ] ] } },
{ "type": "Feature", "properties": { "road_id": "OSM-WAY-355694385", "road_name": "", "road_class": "residential", "source": "real:osm", "confidence": 1.0, "attribution": "© OpenStreetMap contributors" }, "geometry": { "type": "LineString", "coordinates": [ [ 78.4624376, 17.3723396 ], [ 78.4628077, 17.3723199 ] ] } },
{ "type": "Feature", "properties": { "road_id": "OSM-WAY-355694413", "road_name": "", "road_class": "residential", "source": "real:osm", "confidence": 1.0, "attribution": "© OpenStreetMap contributors" }, "geometry": { "type": "LineString", "coordinates": [ [ 78.4597213, 17.3629806 ], [ 78.4600385, 17.3640097 ], [ 78.4601584, 17.3642402 ], [ 78.4602845, 17.3643669 ], [ 78.4603609, 17.3646484 ], [ 78.4604982, 17.3650806 ], [ 78.4606424, 17.3653883 ] ] } },
{ "type": "Feature", "properties": { "road_id": "OSM-WAY-355694714", "road_name": "", "road_class": "residential", "source": "real:osm", "confidence": 1.0, "attribution": "© OpenStreetMap contributors" }, "geometry": { "type": "LineString", "coordinates": [ [ 78.4712819, 17.3726528 ], [ 78.4715763, 17.3726224 ] ] } },
{ "type": "Feature", "properties": { "road_id": "OSM-WAY-355695316", "road_name": "", "road_class": "residential", "source": "real:osm", "confidence": 1.0, "attribution": "© OpenStreetMap contributors" }, "geometry": { "type": "LineString", "coordinates": [ [ 78.4807679, 17.3780223 ], [ 78.4808502, 17.378366 ] ] } },
{ "type": "Feature", "properties": { "road_id": "OSM-WAY-355695357", "road_name": "", "road_class": "residential", "source": "real:osm", "confidence": 1.0, "attribution": "© OpenStreetMap contributors" }, "geometry": { "type": "LineString", "coordinates": [ [ 78.4808427, 17.3826116 ], [ 78.481067, 17.3830454 ], [ 78.4812778, 17.383453 ], [ 78.4813657, 17.3836237 ] ] } },
{ "type": "Feature", "properties": { "road_id": "OSM-WAY-355695467", "road_name": "", "road_class": "living_street", "source": "real:osm", "confidence": 1.0, "attribution": "© OpenStreetMap contributors" }, "geometry": { "type": "LineString", "coordinates": [ [ 78.4785125, 17.3751917 ], [ 78.4785845, 17.3754162 ], [ 78.47868, 17.375395 ], [ 78.4786967, 17.3753822 ], [ 78.4791505, 17.3752605 ] ] } },
{ "type": "Feature", "properties": { "road_id": "OSM-WAY-355695571", "road_name": "", "road_class": "residential", "source": "real:osm", "confidence": 1.0, "attribution": "© OpenStreetMap contributors" }, "geometry": { "type": "LineString", "coordinates": [ [ 78.4714646, 17.3769824 ], [ 78.4715132, 17.3769706 ] ] } },
{ "type": "Feature", "properties": { "road_id": "OSM-WAY-355695978", "road_name": "", "road_class": "residential", "source": "real:osm", "confidence": 1.0, "attribution": "© OpenStreetMap contributors" }, "geometry": { "type": "LineString", "coordinates": [ [ 78.4795799, 17.3773508 ], [ 78.4796352, 17.3776917 ] ] } },
{ "type": "Feature", "properties": { "road_id": "OSM-WAY-355696007", "road_name": "", "road_class": "residential", "source": "real:osm", "confidence": 1.0, "attribution": "© OpenStreetMap contributors" }, "geometry": { "type": "LineString", "coordinates": [ [ 78.4546887, 17.3838945 ], [ 78.4550652, 17.3839211 ] ] } },
{ "type": "Feature", "properties": { "road_id": "OSM-WAY-355696057", "road_name": "", "road_class": "residential", "source": "real:osm", "confidence": 1.0, "attribution": "© OpenStreetMap contributors" }, "geometry": { "type": "LineString", "coordinates": [ [ 78.4633177, 17.3794635 ], [ 78.4637937, 17.3795302 ] ] } },
{ "type": "Feature", "properties": { "road_id": "OSM-WAY-355696070", "road_name": "", "road_class": "residential", "source": "real:osm", "confidence": 1.0, "attribution": "© OpenStreetMap contributors" }, "geometry": { "type": "LineString", "coordinates": [ [ 78.4622435, 17.3772315 ], [ 78.4623519, 17.3771988 ] ] } },
{ "type": "Feature", "properties": { "road_id": "OSM-WAY-355696090", "road_name": "", "road_class": "residential", "source": "real:osm", "confidence": 1.0, "attribution": "© OpenStreetMap contributors" }, "geometry": { "type": "LineString", "coordinates": [ [ 78.455742, 17.3671279 ], [ 78.4559965, 17.3670219 ] ] } },
{ "type": "Feature", "properties": { "road_id": "OSM-WAY-355696134", "road_name": "", "road_class": "service", "source": "real:osm", "confidence": 1.0, "attribution": "© OpenStreetMap contributors" }, "geometry": { "type": "LineString", "coordinates": [ [ 78.4717569, 17.3717531 ], [ 78.4720899, 17.3717985 ] ] } },
{ "type": "Feature", "properties": { "road_id": "OSM-WAY-355696248", "road_name": "", "road_class": "residential", "source": "real:osm", "confidence": 1.0, "attribution": "© OpenStreetMap contributors" }, "geometry": { "type": "LineString", "coordinates": [ [ 78.4691984, 17.3659899 ], [ 78.4693434, 17.3659915 ] ] } },
{ "type": "Feature", "properties": { "road_id": "OSM-WAY-355696289", "road_name": "", "road_class": "residential", "source": "real:osm", "confidence": 1.0, "attribution": "© OpenStreetMap contributors" }, "geometry": { "type": "LineString", "coordinates": [ [ 78.4821614, 17.36824 ], [ 78.4822407, 17.3685439 ] ] } },
{ "type": "Feature", "properties": { "road_id": "OSM-WAY-355696587", "road_name": "", "road_class": "residential", "source": "real:osm", "confidence": 1.0, "attribution": "© OpenStreetMap contributors" }, "geometry": { "type": "LineString", "coordinates": [ [ 78.4634795, 17.3737109 ], [ 78.4636213, 17.3736957 ] ] } },
{ "type": "Feature", "properties": { "road_id": "OSM-WAY-355696594", "road_name": "", "road_class": "residential", "source": "real:osm", "confidence": 1.0, "attribution": "© OpenStreetMap contributors" }, "geometry": { "type": "LineString", "coordinates": [ [ 78.4585985, 17.3749452 ], [ 78.4589172, 17.3749354 ], [ 78.4594363, 17.3748908 ] ] } },
{ "type": "Feature", "properties": { "road_id": "OSM-WAY-355697330", "road_name": "", "road_class": "residential", "source": "real:osm", "confidence": 1.0, "attribution": "© OpenStreetMap contributors" }, "geometry": { "type": "LineString", "coordinates": [ [ 78.4681991, 17.3770682 ], [ 78.4683391, 17.3770869 ], [ 78.4684371, 17.3770945 ] ] } },
{ "type": "Feature", "properties": { "road_id": "OSM-WAY-355697526", "road_name": "", "road_class": "residential", "source": "real:osm", "confidence": 1.0, "attribution": "© OpenStreetMap contributors" }, "geometry": { "type": "LineString", "coordinates": [ [ 78.4603564, 17.3785699 ], [ 78.4604182, 17.3788223 ] ] } },
{ "type": "Feature", "properties": { "road_id": "OSM-WAY-355697634", "road_name": "", "road_class": "residential", "source": "real:osm", "confidence": 1.0, "attribution": "© OpenStreetMap contributors" }, "geometry": { "type": "LineString", "coordinates": [ [ 78.4719527, 17.3650536 ], [ 78.4723508, 17.3648565 ], [ 78.4728633, 17.3647121 ], [ 78.4731701, 17.3646299 ] ] } },
{ "type": "Feature", "properties": { "road_id": "OSM-WAY-355697652", "road_name": "", "road_class": "residential", "source": "real:osm", "confidence": 1.0, "attribution": "© OpenStreetMap contributors" }, "geometry": { "type": "LineString", "coordinates": [ [ 78.4763667, 17.3771127 ], [ 78.4767407, 17.3768425 ] ] } },
{ "type": "Feature", "properties": { "road_id": "OSM-WAY-355697734", "road_name": "", "road_class": "residential", "source": "real:osm", "confidence": 1.0, "attribution": "© OpenStreetMap contributors" }, "geometry": { "type": "LineString", "coordinates": [ [ 78.4586987, 17.3794873 ], [ 78.4586919, 17.3793851 ] ] } },
{ "type": "Feature", "properties": { "road_id": "OSM-WAY-355697772", "road_name": "", "road_class": "residential", "source": "real:osm", "confidence": 1.0, "attribution": "© OpenStreetMap contributors" }, "geometry": { "type": "LineString", "coordinates": [ [ 78.4621797, 17.376358 ], [ 78.4624287, 17.3763388 ] ] } },
{ "type": "Feature", "properties": { "road_id": "OSM-WAY-355697876", "road_name": "", "road_class": "residential", "source": "real:osm", "confidence": 1.0, "attribution": "© OpenStreetMap contributors" }, "geometry": { "type": "LineString", "coordinates": [ [ 78.4817486, 17.3727746 ], [ 78.482432, 17.3722454 ] ] } },
{ "type": "Feature", "properties": { "road_id": "OSM-WAY-355697990", "road_name": "", "road_class": "residential", "source": "real:osm", "confidence": 1.0, "attribution": "© OpenStreetMap contributors" }, "geometry": { "type": "LineString", "coordinates": [ [ 78.4682048, 17.3775446 ], [ 78.4685304, 17.3774933 ], [ 78.4685625, 17.3776397 ], [ 78.4686126, 17.3778238 ] ] } },
{ "type": "Feature", "properties": { "road_id": "OSM-WAY-355698024", "road_name": "", "road_class": "residential", "source": "real:osm", "confidence": 1.0, "attribution": "© OpenStreetMap contributors" }, "geometry": { "type": "LineString", "coordinates": [ [ 78.473855, 17.3776897 ], [ 78.4746006, 17.3776102 ] ] } },
{ "type": "Feature", "properties": { "road_id": "OSM-WAY-355698030", "road_name": "", "road_class": "living_street", "source": "real:osm", "confidence": 1.0, "attribution": "© OpenStreetMap contributors" }, "geometry": { "type": "LineString", "coordinates": [ [ 78.4800252, 17.3664373 ], [ 78.480403, 17.3664638 ], [ 78.4804486, 17.366482 ], [ 78.4805616, 17.3664547 ], [ 78.4809595, 17.3663527 ] ] } },
{ "type": "Feature", "properties": { "road_id": "OSM-WAY-355698045", "road_name": "", "road_class": "residential", "source": "real:osm", "confidence": 1.0, "attribution": "© OpenStreetMap contributors" }, "geometry": { "type": "LineString", "coordinates": [ [ 78.4578295, 17.3731314 ], [ 78.4588277, 17.3729614 ] ] } },
{ "type": "Feature", "properties": { "road_id": "OSM-WAY-355698126", "road_name": "", "road_class": "residential", "source": "real:osm", "confidence": 1.0, "attribution": "© OpenStreetMap contributors" }, "geometry": { "type": "LineString", "coordinates": [ [ 78.4652899, 17.3778828 ], [ 78.4651886, 17.377335 ], [ 78.4651921, 17.3772933 ], [ 78.4652259, 17.3772727 ], [ 78.4652949, 17.3772585 ], [ 78.4654706, 17.377216 ] ] } },
{ "type": "Feature", "properties": { "road_id": "OSM-WAY-355698133", "road_name": "", "road_class": "residential", "source": "real:osm", "confidence": 1.0, "attribution": "© OpenStreetMap contributors" }, "geometry": { "type": "LineString", "coordinates": [ [ 78.4751604, 17.3808097 ], [ 78.475513, 17.3807697 ] ] } },
{ "type": "Feature", "properties": { "road_id": "OSM-WAY-355698145", "road_name": "", "road_class": "residential", "source": "real:osm", "confidence": 1.0, "attribution": "© OpenStreetMap contributors" }, "geometry": { "type": "LineString", "coordinates": [ [ 78.4569526, 17.3774702 ], [ 78.4572612, 17.3773591 ], [ 78.4573494, 17.377315 ] ] } },
{ "type": "Feature", "properties": { "road_id": "OSM-WAY-355698516", "road_name": "", "road_class": "residential", "source": "real:osm", "confidence": 1.0, "attribution": "© OpenStreetMap contributors" }, "geometry": { "type": "LineString", "coordinates": [ [ 78.4566144, 17.3751436 ], [ 78.4566515, 17.3753127 ] ] } },
{ "type": "Feature", "properties": { "road_id": "OSM-WAY-355698677", "road_name": "", "road_class": "residential", "source": "real:osm", "confidence": 1.0, "attribution": "© OpenStreetMap contributors" }, "geometry": { "type": "LineString", "coordinates": [ [ 78.4595342, 17.3812141 ], [ 78.459046, 17.381398 ] ] } },
{ "type": "Feature", "properties": { "road_id": "OSM-WAY-355698685", "road_name": "", "road_class": "residential", "source": "real:osm", "confidence": 1.0, "attribution": "© OpenStreetMap contributors" }, "geometry": { "type": "LineString", "coordinates": [ [ 78.4576063, 17.3786444 ], [ 78.4577608, 17.3786329 ] ] } },
{ "type": "Feature", "properties": { "road_id": "OSM-WAY-355698984", "road_name": "", "road_class": "residential", "source": "real:osm", "confidence": 1.0, "attribution": "© OpenStreetMap contributors" }, "geometry": { "type": "LineString", "coordinates": [ [ 78.4681683, 17.3836878 ], [ 78.4684051, 17.3836607 ], [ 78.468662, 17.3836395 ], [ 78.4688558, 17.3836231 ], [ 78.4690705, 17.3835964 ] ] } },
{ "type": "Feature", "properties": { "road_id": "OSM-WAY-355699024", "road_name": "", "road_class": "residential", "source": "real:osm", "confidence": 1.0, "attribution": "© OpenStreetMap contributors" }, "geometry": { "type": "LineString", "coordinates": [ [ 78.4688599, 17.3727021 ], [ 78.4690677, 17.3727835 ] ] } },
{ "type": "Feature", "properties": { "road_id": "OSM-WAY-355699405", "road_name": "", "road_class": "residential", "source": "real:osm", "confidence": 1.0, "attribution": "© OpenStreetMap contributors" }, "geometry": { "type": "LineString", "coordinates": [ [ 78.4779854, 17.3661725 ], [ 78.478147, 17.3667352 ] ] } },
{ "type": "Feature", "properties": { "road_id": "OSM-WAY-355699578", "road_name": "", "road_class": "service", "source": "real:osm", "confidence": 1.0, "attribution": "© OpenStreetMap contributors" }, "geometry": { "type": "LineString", "coordinates": [ [ 78.4796323, 17.3674256 ], [ 78.4797769, 17.3675467 ] ] } },
{ "type": "Feature", "properties": { "road_id": "OSM-WAY-355699874", "road_name": "", "road_class": "residential", "source": "real:osm", "confidence": 1.0, "attribution": "© OpenStreetMap contributors" }, "geometry": { "type": "LineString", "coordinates": [ [ 78.4814751, 17.3798811 ], [ 78.4817991, 17.3797491 ] ] } },
{ "type": "Feature", "properties": { "road_id": "OSM-WAY-355699876", "road_name": "", "road_class": "residential", "source": "real:osm", "confidence": 1.0, "attribution": "© OpenStreetMap contributors" }, "geometry": { "type": "LineString", "coordinates": [ [ 78.4575226, 17.3737414 ], [ 78.4581669, 17.373636 ] ] } },
{ "type": "Feature", "properties": { "road_id": "OSM-WAY-355699938", "road_name": "", "road_class": "living_street", "source": "real:osm", "confidence": 1.0, "attribution": "© OpenStreetMap contributors" }, "geometry": { "type": "LineString", "coordinates": [ [ 78.4767602, 17.3747638 ], [ 78.4763579, 17.3749977 ] ] } },
{ "type": "Feature", "properties": { "road_id": "OSM-WAY-355700052", "road_name": "", "road_class": "residential", "source": "real:osm", "confidence": 1.0, "attribution": "© OpenStreetMap contributors" }, "geometry": { "type": "LineString", "coordinates": [ [ 78.4722898, 17.3817292 ], [ 78.4724474, 17.3816967 ] ] } },
{ "type": "Feature", "properties": { "road_id": "OSM-WAY-355700190", "road_name": "", "road_class": "residential", "source": "real:osm", "confidence": 1.0, "attribution": "© OpenStreetMap contributors" }, "geometry": { "type": "LineString", "coordinates": [ [ 78.4695876, 17.3814284 ], [ 78.4698513, 17.3813833 ] ] } },
{ "type": "Feature", "properties": { "road_id": "OSM-WAY-355700211", "road_name": "", "road_class": "residential", "source": "real:osm", "confidence": 1.0, "attribution": "© OpenStreetMap contributors" }, "geometry": { "type": "LineString", "coordinates": [ [ 78.4556116, 17.3678713 ], [ 78.4559479, 17.3678108 ] ] } },
{ "type": "Feature", "properties": { "road_id": "OSM-WAY-355700315", "road_name": "", "road_class": "residential", "source": "real:osm", "confidence": 1.0, "attribution": "© OpenStreetMap contributors" }, "geometry": { "type": "LineString", "coordinates": [ [ 78.4772918, 17.3700297 ], [ 78.4773758, 17.3700045 ], [ 78.4779943, 17.3698372 ] ] } },
{ "type": "Feature", "properties": { "road_id": "OSM-WAY-355700357", "road_name": "", "road_class": "residential", "source": "real:osm", "confidence": 1.0, "attribution": "© OpenStreetMap contributors" }, "geometry": { "type": "LineString", "coordinates": [ [ 78.4799684, 17.3775681 ], [ 78.4800267, 17.3776569 ], [ 78.4801276, 17.3778488 ], [ 78.4802445, 17.3781323 ], [ 78.4802998, 17.3781283 ], [ 78.4807679, 17.3780223 ], [ 78.4809005, 17.3779816 ] ] } },
{ "type": "Feature", "properties": { "road_id": "OSM-WAY-355700384", "road_name": "", "road_class": "residential", "source": "real:osm", "confidence": 1.0, "attribution": "© OpenStreetMap contributors" }, "geometry": { "type": "LineString", "coordinates": [ [ 78.4621417, 17.3649323 ], [ 78.4622095, 17.3651018 ], [ 78.4622749, 17.365196 ], [ 78.4623345, 17.3653055 ], [ 78.4623869, 17.3654495 ], [ 78.4624311, 17.3655865 ], [ 78.4624737, 17.3657142 ], [ 78.4625743, 17.3657111 ], [ 78.462595, 17.3658116 ], [ 78.462814, 17.3657891 ], [ 78.4628199, 17.3658269 ], [ 78.4631022, 17.3657773 ], [ 78.463594, 17.3655692 ], [ 78.4637763, 17.3655044 ], [ 78.4638383, 17.3654946 ], [ 78.4640712, 17.365447 ], [ 78.4643704, 17.3653504 ], [ 78.4646392, 17.365266 ], [ 78.4646655, 17.3652604 ], [ 78.4648909, 17.3652122 ], [ 78.4649127, 17.3652122 ], [ 78.4649528, 17.3652491 ], [ 78.465541, 17.3650395 ], [ 78.4659919, 17.3649629 ], [ 78.4660136, 17.3649388 ], [ 78.4661385, 17.3648 ], [ 78.4662457, 17.3646198 ], [ 78.4665886, 17.3639526 ] ] } },
{ "type": "Feature", "properties": { "road_id": "OSM-WAY-355701203", "road_name": "", "road_class": "residential", "source": "real:osm", "confidence": 1.0, "attribution": "© OpenStreetMap contributors" }, "geometry": { "type": "LineString", "coordinates": [ [ 78.467759, 17.3770715 ], [ 78.4680165, 17.3770696 ], [ 78.4681991, 17.3770682 ] ] } },
{ "type": "Feature", "properties": { "road_id": "OSM-WAY-355701314", "road_name": "", "road_class": "residential", "source": "real:osm", "confidence": 1.0, "attribution": "© OpenStreetMap contributors" }, "geometry": { "type": "LineString", "coordinates": [ [ 78.4621371, 17.3742599 ], [ 78.4626442, 17.3741699 ] ] } },
{ "type": "Feature", "properties": { "road_id": "OSM-WAY-355701326", "road_name": "", "road_class": "residential", "source": "real:osm", "confidence": 1.0, "attribution": "© OpenStreetMap contributors" }, "geometry": { "type": "LineString", "coordinates": [ [ 78.4684682, 17.3804541 ], [ 78.4690224, 17.3803621 ] ] } },
{ "type": "Feature", "properties": { "road_id": "OSM-WAY-355701427", "road_name": "", "road_class": "residential", "source": "real:osm", "confidence": 1.0, "attribution": "© OpenStreetMap contributors" }, "geometry": { "type": "LineString", "coordinates": [ [ 78.4769167, 17.3742599 ], [ 78.477196, 17.3742034 ] ] } },
{ "type": "Feature", "properties": { "road_id": "OSM-WAY-355701430", "road_name": "", "road_class": "residential", "source": "real:osm", "confidence": 1.0, "attribution": "© OpenStreetMap contributors" }, "geometry": { "type": "LineString", "coordinates": [ [ 78.4700956, 17.3742845 ], [ 78.4703392, 17.3742938 ], [ 78.4707074, 17.3743079 ] ] } },
{ "type": "Feature", "properties": { "road_id": "OSM-WAY-355701500", "road_name": "", "road_class": "service", "source": "real:osm", "confidence": 1.0, "attribution": "© OpenStreetMap contributors" }, "geometry": { "type": "LineString", "coordinates": [ [ 78.4838858, 17.3819477 ], [ 78.4842748, 17.3818562 ] ] } },
{ "type": "Feature", "properties": { "road_id": "OSM-WAY-355701510", "road_name": "", "road_class": "residential", "source": "real:osm", "confidence": 1.0, "attribution": "© OpenStreetMap contributors" }, "geometry": { "type": "LineString", "coordinates": [ [ 78.4777886, 17.3821792 ], [ 78.4778088, 17.382545 ], [ 78.47787, 17.38315 ] ] } },
{ "type": "Feature", "properties": { "road_id": "OSM-WAY-355701670", "road_name": "", "road_class": "living_street", "source": "real:osm", "confidence": 1.0, "attribution": "© OpenStreetMap contributors" }, "geometry": { "type": "LineString", "coordinates": [ [ 78.4791476, 17.3753428 ], [ 78.4795814, 17.3752713 ] ] } },
{ "type": "Feature", "properties": { "road_id": "OSM-WAY-355702204", "road_name": "", "road_class": "living_street", "source": "real:osm", "confidence": 1.0, "attribution": "© OpenStreetMap contributors" }, "geometry": { "type": "LineString", "coordinates": [ [ 78.4564523, 17.3767098 ], [ 78.4568261, 17.3765495 ] ] } },
{ "type": "Feature", "properties": { "road_id": "OSM-WAY-355702221", "road_name": "", "road_class": "residential", "source": "real:osm", "confidence": 1.0, "attribution": "© OpenStreetMap contributors" }, "geometry": { "type": "LineString", "coordinates": [ [ 78.4784063, 17.3848499 ], [ 78.4784144, 17.3853251 ] ] } },
{ "type": "Feature", "properties": { "road_id": "OSM-WAY-355702258", "road_name": "", "road_class": "residential", "source": "real:osm", "confidence": 1.0, "attribution": "© OpenStreetMap contributors" }, "geometry": { "type": "LineString", "coordinates": [ [ 78.4639257, 17.3790279 ], [ 78.4640443, 17.3790352 ] ] } },
{ "type": "Feature", "properties": { "road_id": "OSM-WAY-355702277", "road_name": "", "road_class": "residential", "source": "real:osm", "confidence": 1.0, "attribution": "© OpenStreetMap contributors" }, "geometry": { "type": "LineString", "coordinates": [ [ 78.462047, 17.3778389 ], [ 78.4623386, 17.3777402 ] ] } },
{ "type": "Feature", "properties": { "road_id": "OSM-WAY-355702301", "road_name": "", "road_class": "residential", "source": "real:osm", "confidence": 1.0, "attribution": "© OpenStreetMap contributors" }, "geometry": { "type": "LineString", "coordinates": [ [ 78.4539966, 17.3683487 ], [ 78.4544704, 17.3682614 ], [ 78.4551107, 17.3681611 ], [ 78.4556778, 17.368061 ] ] } },
{ "type": "Feature", "properties": { "road_id": "OSM-WAY-355702332", "road_name": "", "road_class": "residential", "source": "real:osm", "confidence": 1.0, "attribution": "© OpenStreetMap contributors" }, "geometry": { "type": "LineString", "coordinates": [ [ 78.4810118, 17.3792423 ], [ 78.4811624, 17.379176 ] ] } },
{ "type": "Feature", "properties": { "road_id": "OSM-WAY-355702341", "road_name": "", "road_class": "residential", "source": "real:osm", "confidence": 1.0, "attribution": "© OpenStreetMap contributors" }, "geometry": { "type": "LineString", "coordinates": [ [ 78.4613503, 17.3717335 ], [ 78.4616516, 17.3714888 ], [ 78.4618543, 17.3713752 ], [ 78.4619715, 17.3713435 ], [ 78.4623778, 17.3712564 ] ] } },
{ "type": "Feature", "properties": { "road_id": "OSM-WAY-355702455", "road_name": "", "road_class": "residential", "source": "real:osm", "confidence": 1.0, "attribution": "© OpenStreetMap contributors" }, "geometry": { "type": "LineString", "coordinates": [ [ 78.4620236, 17.3758956 ], [ 78.4620652, 17.3754371 ] ] } },
{ "type": "Feature", "properties": { "road_id": "OSM-WAY-355702765", "road_name": "", "road_class": "residential", "source": "real:osm", "confidence": 1.0, "attribution": "© OpenStreetMap contributors" }, "geometry": { "type": "LineString", "coordinates": [ [ 78.4598777, 17.3715838 ], [ 78.4601768, 17.3715616 ] ] } },
{ "type": "Feature", "properties": { "road_id": "OSM-WAY-355702772", "road_name": "", "road_class": "residential", "source": "real:osm", "confidence": 1.0, "attribution": "© OpenStreetMap contributors" }, "geometry": { "type": "LineString", "coordinates": [ [ 78.45676, 17.3718737 ], [ 78.4572452, 17.3716627 ] ] } },
{ "type": "Feature", "properties": { "road_id": "OSM-WAY-355702879", "road_name": "", "road_class": "residential", "source": "real:osm", "confidence": 1.0, "attribution": "© OpenStreetMap contributors" }, "geometry": { "type": "LineString", "coordinates": [ [ 78.4573706, 17.3817178 ], [ 78.4578662, 17.3815483 ] ] } },
{ "type": "Feature", "properties": { "road_id": "OSM-WAY-355703057", "road_name": "", "road_class": "residential", "source": "real:osm", "confidence": 1.0, "attribution": "© OpenStreetMap contributors" }, "geometry": { "type": "LineString", "coordinates": [ [ 78.4693299, 17.3656563 ], [ 78.4696424, 17.3655518 ] ] } },
{ "type": "Feature", "properties": { "road_id": "OSM-WAY-355703095", "road_name": "", "road_class": "living_street", "source": "real:osm", "confidence": 1.0, "attribution": "© OpenStreetMap contributors" }, "geometry": { "type": "LineString", "coordinates": [ [ 78.4659773, 17.3717996 ], [ 78.4662501, 17.3718736 ] ] } },
{ "type": "Feature", "properties": { "road_id": "OSM-WAY-355703258", "road_name": "", "road_class": "residential", "source": "real:osm", "confidence": 1.0, "attribution": "© OpenStreetMap contributors" }, "geometry": { "type": "LineString", "coordinates": [ [ 78.4798067, 17.378419 ], [ 78.479642, 17.3777574 ], [ 78.4796352, 17.3776917 ] ] } },
{ "type": "Feature", "properties": { "road_id": "OSM-WAY-355703389", "road_name": "", "road_class": "service", "source": "real:osm", "confidence": 1.0, "attribution": "© OpenStreetMap contributors" }, "geometry": { "type": "LineString", "coordinates": [ [ 78.4827177, 17.382096 ], [ 78.4827955, 17.3820186 ], [ 78.4828406, 17.3819735 ], [ 78.4828843, 17.3819434 ], [ 78.483084, 17.3818147 ], [ 78.4831859, 17.3817507 ], [ 78.4833415, 17.381688 ], [ 78.4835066, 17.3817093 ], [ 78.4836405, 17.3817263 ], [ 78.4837612, 17.3817328 ], [ 78.4838082, 17.3817635 ], [ 78.4838451, 17.3818133 ], [ 78.4838858, 17.3819477 ], [ 78.4840217, 17.3823931 ] ] } },
{ "type": "Feature", "properties": { "road_id": "OSM-WAY-355703416", "road_name": "", "road_class": "residential", "source": "real:osm", "confidence": 1.0, "attribution": "© OpenStreetMap contributors" }, "geometry": { "type": "LineString", "coordinates": [ [ 78.4797046, 17.3798181 ], [ 78.4798513, 17.3797281 ], [ 78.4798766, 17.3797202 ], [ 78.4799019, 17.379725 ], [ 78.4799374, 17.3797317 ] ] } },
{ "type": "Feature", "properties": { "road_id": "OSM-WAY-355703447", "road_name": "", "road_class": "residential", "source": "real:osm", "confidence": 1.0, "attribution": "© OpenStreetMap contributors" }, "geometry": { "type": "LineString", "coordinates": [ [ 78.466523, 17.3656044 ], [ 78.4669275, 17.3654801 ], [ 78.4671669, 17.3654066 ], [ 78.4673436, 17.3653222 ] ] } },
{ "type": "Feature", "properties": { "road_id": "OSM-WAY-355703503", "road_name": "", "road_class": "residential", "source": "real:osm", "confidence": 1.0, "attribution": "© OpenStreetMap contributors" }, "geometry": { "type": "LineString", "coordinates": [ [ 78.461421, 17.3763457 ], [ 78.4614275, 17.3763206 ], [ 78.4614701, 17.3762695 ], [ 78.4614765, 17.3762292 ], [ 78.4614689, 17.376198 ], [ 78.4613757, 17.3759771 ] ] } },
{ "type": "Feature", "properties": { "road_id": "OSM-WAY-355703525", "road_name": "", "road_class": "residential", "source": "real:osm", "confidence": 1.0, "attribution": "© OpenStreetMap contributors" }, "geometry": { "type": "LineString", "coordinates": [ [ 78.4551347, 17.3786869 ], [ 78.4550429, 17.3787017 ], [ 78.4545691, 17.3787902 ] ] } },
{ "type": "Feature", "properties": { "road_id": "OSM-WAY-355703562", "road_name": "", "road_class": "service", "source": "real:osm", "confidence": 1.0, "attribution": "© OpenStreetMap contributors" }, "geometry": { "type": "LineString", "coordinates": [ [ 78.4739849, 17.3747048 ], [ 78.475002, 17.3744962 ], [ 78.4749888, 17.3745662 ] ] } },
{ "type": "Feature", "properties": { "road_id": "OSM-WAY-355703621", "road_name": "", "road_class": "residential", "source": "real:osm", "confidence": 1.0, "attribution": "© OpenStreetMap contributors" }, "geometry": { "type": "LineString", "coordinates": [ [ 78.4726059, 17.3784214 ], [ 78.4726288, 17.3786172 ], [ 78.4726333, 17.3788173 ], [ 78.4726502, 17.3790693 ], [ 78.4728527, 17.3790821 ], [ 78.4729837, 17.3790668 ], [ 78.4732241, 17.3790124 ] ] } },
{ "type": "Feature", "properties": { "road_id": "OSM-WAY-355703664", "road_name": "", "road_class": "residential", "source": "real:osm", "confidence": 1.0, "attribution": "© OpenStreetMap contributors" }, "geometry": { "type": "LineString", "coordinates": [ [ 78.473016, 17.3737257 ], [ 78.4729965, 17.3736937 ], [ 78.4729677, 17.3736793 ], [ 78.4729365, 17.3736845 ], [ 78.4726837, 17.3737568 ], [ 78.47267, 17.3737542 ], [ 78.4726589, 17.3737497 ], [ 78.4726495, 17.3737398 ], [ 78.4726408, 17.3736841 ], [ 78.472622, 17.373568 ], [ 78.4726351, 17.373324 ], [ 78.4726383, 17.3732545 ] ] } },
{ "type": "Feature", "properties": { "road_id": "OSM-WAY-355703690", "road_name": "", "road_class": "residential", "source": "real:osm", "confidence": 1.0, "attribution": "© OpenStreetMap contributors" }, "geometry": { "type": "LineString", "coordinates": [ [ 78.4663187, 17.3653047 ], [ 78.4667008, 17.3652073 ], [ 78.4667841, 17.365163 ], [ 78.4671523, 17.3649661 ] ] } },
{ "type": "Feature", "properties": { "road_id": "OSM-WAY-355703722", "road_name": "", "road_class": "residential", "source": "real:osm", "confidence": 1.0, "attribution": "© OpenStreetMap contributors" }, "geometry": { "type": "LineString", "coordinates": [ [ 78.471476, 17.3766409 ], [ 78.4720992, 17.3765133 ] ] } },
{ "type": "Feature", "properties": { "road_id": "OSM-WAY-355703775", "road_name": "", "road_class": "residential", "source": "real:osm", "confidence": 1.0, "attribution": "© OpenStreetMap contributors" }, "geometry": { "type": "LineString", "coordinates": [ [ 78.4699035, 17.3814675 ], [ 78.4703984, 17.3813971 ], [ 78.4704953, 17.3818754 ] ] } },
{ "type": "Feature", "properties": { "road_id": "OSM-WAY-355703782", "road_name": "", "road_class": "residential", "source": "real:osm", "confidence": 1.0, "attribution": "© OpenStreetMap contributors" }, "geometry": { "type": "LineString", "coordinates": [ [ 78.4805149, 17.3791182 ], [ 78.4807023, 17.3790664 ], [ 78.4806493, 17.3788764 ] ] } },
{ "type": "Feature", "properties": { "road_id": "OSM-WAY-355703859", "road_name": "", "road_class": "residential", "source": "real:osm", "confidence": 1.0, "attribution": "© OpenStreetMap contributors" }, "geometry": { "type": "LineString", "coordinates": [ [ 78.4703404, 17.3675949 ], [ 78.4703404, 17.367893 ], [ 78.470237, 17.3682106 ] ] } },
{ "type": "Feature", "properties": { "road_id": "OSM-WAY-355703926", "road_name": "", "road_class": "residential", "source": "real:osm", "confidence": 1.0, "attribution": "© OpenStreetMap contributors" }, "geometry": { "type": "LineString", "coordinates": [ [ 78.4605823, 17.3721888 ], [ 78.460833, 17.372129 ], [ 78.4609338, 17.3720862 ], [ 78.4610308, 17.3720142 ] ] } },
{ "type": "Feature", "properties": { "road_id": "OSM-WAY-355703951", "road_name": "", "road_class": "residential", "source": "real:osm", "confidence": 1.0, "attribution": "© OpenStreetMap contributors" }, "geometry": { "type": "LineString", "coordinates": [ [ 78.4723265, 17.3679851 ], [ 78.4724621, 17.3679486 ], [ 78.472522, 17.3681935 ] ] } },
{ "type": "Feature", "properties": { "road_id": "OSM-WAY-355703954", "road_name": "", "road_class": "living_street", "source": "real:osm", "confidence": 1.0, "attribution": "© OpenStreetMap contributors" }, "geometry": { "type": "LineString", "coordinates": [ [ 78.4650876, 17.371999 ], [ 78.465181, 17.3718652 ] ] } },
{ "type": "Feature", "properties": { "road_id": "OSM-WAY-355704007", "road_name": "", "road_class": "residential", "source": "real:osm", "confidence": 1.0, "attribution": "© OpenStreetMap contributors" }, "geometry": { "type": "LineString", "coordinates": [ [ 78.4773174, 17.3749885 ], [ 78.4777894, 17.3748995 ], [ 78.4782598, 17.3747985 ] ] } },
{ "type": "Feature", "properties": { "road_id": "OSM-WAY-355704037", "road_name": "", "road_class": "residential", "source": "real:osm", "confidence": 1.0, "attribution": "© OpenStreetMap contributors" }, "geometry": { "type": "LineString", "coordinates": [ [ 78.4546564, 17.3746673 ], [ 78.4553243, 17.374687 ], [ 78.4562149, 17.3746185 ] ] } },
{ "type": "Feature", "properties": { "road_id": "OSM-WAY-355704133", "road_name": "", "road_class": "residential", "source": "real:osm", "confidence": 1.0, "attribution": "© OpenStreetMap contributors" }, "geometry": { "type": "LineString", "coordinates": [ [ 78.4787966, 17.3812252 ], [ 78.4788339, 17.3814397 ], [ 78.4788919, 17.3815632 ] ] } },
{ "type": "Feature", "properties": { "road_id": "OSM-WAY-355704134", "road_name": "", "road_class": "residential", "source": "real:osm", "confidence": 1.0, "attribution": "© OpenStreetMap contributors" }, "geometry": { "type": "LineString", "coordinates": [ [ 78.4589068, 17.3687722 ], [ 78.4590496, 17.3686108 ], [ 78.4590582, 17.3685112 ] ] } },
{ "type": "Feature", "properties": { "road_id": "OSM-WAY-355704138", "road_name": "", "road_class": "residential", "source": "real:osm", "confidence": 1.0, "attribution": "© OpenStreetMap contributors" }, "geometry": { "type": "LineString", "coordinates": [ [ 78.4550781, 17.3661128 ], [ 78.4551377, 17.3660943 ], [ 78.455188, 17.3660772 ], [ 78.4554039, 17.3660143 ], [ 78.4555206, 17.3664148 ], [ 78.4555799, 17.366601 ] ] } },
{ "type": "Feature", "properties": { "road_id": "OSM-WAY-355704163", "road_name": "", "road_class": "residential", "source": "real:osm", "confidence": 1.0, "attribution": "© OpenStreetMap contributors" }, "geometry": { "type": "LineString", "coordinates": [ [ 78.4635076, 17.3738881 ], [ 78.4634795, 17.3737109 ], [ 78.4633419, 17.3737183 ], [ 78.4633359, 17.3737219 ], [ 78.463333, 17.3737291 ] ] } },
{ "type": "Feature", "properties": { "road_id": "OSM-WAY-355704176", "road_name": "", "road_class": "service", "source": "real:osm", "confidence": 1.0, "attribution": "© OpenStreetMap contributors" }, "geometry": { "type": "LineString", "coordinates": [ [ 78.4755777, 17.3726706 ], [ 78.4757361, 17.3726947 ] ] } },
{ "type": "Feature", "properties": { "road_id": "OSM-WAY-355704196", "road_name": "", "road_class": "residential", "source": "real:osm", "confidence": 1.0, "attribution": "© OpenStreetMap contributors" }, "geometry": { "type": "LineString", "coordinates": [ [ 78.4586432, 17.37114 ], [ 78.4590923, 17.3711299 ], [ 78.4592418, 17.3711861 ] ] } },
{ "type": "Feature", "properties": { "road_id": "OSM-WAY-355704265", "road_name": "", "road_class": "residential", "source": "real:osm", "confidence": 1.0, "attribution": "© OpenStreetMap contributors" }, "geometry": { "type": "LineString", "coordinates": [ [ 78.4597442, 17.3814146 ], [ 78.4597994, 17.3811459 ] ] } },
{ "type": "Feature", "properties": { "road_id": "OSM-WAY-355704538", "road_name": "", "road_class": "residential", "source": "real:osm", "confidence": 1.0, "attribution": "© OpenStreetMap contributors" }, "geometry": { "type": "LineString", "coordinates": [ [ 78.4592998, 17.3739962 ], [ 78.4594413, 17.3739626 ], [ 78.4594258, 17.3738969 ], [ 78.459398, 17.3737308 ] ] } },
{ "type": "Feature", "properties": { "road_id": "OSM-WAY-355704701", "road_name": "", "road_class": "residential", "source": "real:osm", "confidence": 1.0, "attribution": "© OpenStreetMap contributors" }, "geometry": { "type": "LineString", "coordinates": [ [ 78.4619656, 17.3668512 ], [ 78.4619656, 17.3667166 ], [ 78.4619656, 17.3665037 ] ] } },
{ "type": "Feature", "properties": { "road_id": "OSM-WAY-355705024", "road_name": "", "road_class": "residential", "source": "real:osm", "confidence": 1.0, "attribution": "© OpenStreetMap contributors" }, "geometry": { "type": "LineString", "coordinates": [ [ 78.4580694, 17.3711452 ], [ 78.4581248, 17.3710081 ], [ 78.4581497, 17.3705592 ] ] } },
{ "type": "Feature", "properties": { "road_id": "OSM-WAY-355705076", "road_name": "", "road_class": "residential", "source": "real:osm", "confidence": 1.0, "attribution": "© OpenStreetMap contributors" }, "geometry": { "type": "LineString", "coordinates": [ [ 78.4591222, 17.3737223 ], [ 78.4592633, 17.3736414 ], [ 78.4596849, 17.3734937 ] ] } },
{ "type": "Feature", "properties": { "road_id": "OSM-WAY-355705085", "road_name": "", "road_class": "residential", "source": "real:osm", "confidence": 1.0, "attribution": "© OpenStreetMap contributors" }, "geometry": { "type": "LineString", "coordinates": [ [ 78.4811225, 17.3789628 ], [ 78.4811624, 17.379176 ], [ 78.4813228, 17.3794539 ] ] } },
{ "type": "Feature", "properties": { "road_id": "OSM-WAY-355705088", "road_name": "", "road_class": "residential", "source": "real:osm", "confidence": 1.0, "attribution": "© OpenStreetMap contributors" }, "geometry": { "type": "LineString", "coordinates": [ [ 78.4703984, 17.3783916 ], [ 78.4708001, 17.3782889 ], [ 78.4709315, 17.3782484 ], [ 78.4713212, 17.3780825 ], [ 78.471508, 17.3780626 ] ] } },
{ "type": "Feature", "properties": { "road_id": "OSM-WAY-355705147", "road_name": "", "road_class": "residential", "source": "real:osm", "confidence": 1.0, "attribution": "© OpenStreetMap contributors" }, "geometry": { "type": "LineString", "coordinates": [ [ 78.4651932, 17.3816577 ], [ 78.4660813, 17.381373 ], [ 78.4664202, 17.3812716 ], [ 78.4667826, 17.3812063 ] ] } },
{ "type": "Feature", "properties": { "road_id": "OSM-WAY-355705157", "road_name": "", "road_class": "residential", "source": "real:osm", "confidence": 1.0, "attribution": "© OpenStreetMap contributors" }, "geometry": { "type": "LineString", "coordinates": [ [ 78.4798519, 17.3789298 ], [ 78.4800341, 17.3789722 ], [ 78.4801405, 17.3790052 ] ] } },
{ "type": "Feature", "properties": { "road_id": "OSM-WAY-355705165", "road_name": "", "road_class": "residential", "source": "real:osm", "confidence": 1.0, "attribution": "© OpenStreetMap contributors" }, "geometry": { "type": "LineString", "coordinates": [ [ 78.4689469, 17.3799017 ], [ 78.4690224, 17.3803621 ] ] } },
{ "type": "Feature", "properties": { "road_id": "OSM-WAY-355705199", "road_name": "", "road_class": "residential", "source": "real:osm", "confidence": 1.0, "attribution": "© OpenStreetMap contributors" }, "geometry": { "type": "LineString", "coordinates": [ [ 78.4621869, 17.3675765 ], [ 78.4624741, 17.3678406 ], [ 78.4632254, 17.3681431 ] ] } },
{ "type": "Feature", "properties": { "road_id": "OSM-WAY-355705483", "road_name": "", "road_class": "residential", "source": "real:osm", "confidence": 1.0, "attribution": "© OpenStreetMap contributors" }, "geometry": { "type": "LineString", "coordinates": [ [ 78.4622086, 17.3766559 ], [ 78.4624845, 17.3765995 ] ] } },
{ "type": "Feature", "properties": { "road_id": "OSM-WAY-355705663", "road_name": "", "road_class": "residential", "source": "real:osm", "confidence": 1.0, "attribution": "© OpenStreetMap contributors" }, "geometry": { "type": "LineString", "coordinates": [ [ 78.4794927, 17.3787452 ], [ 78.4796534, 17.3788454 ], [ 78.4797654, 17.3788997 ], [ 78.4798519, 17.3789298 ] ] } },
{ "type": "Feature", "properties": { "road_id": "OSM-WAY-355705689", "road_name": "", "road_class": "residential", "source": "real:osm", "confidence": 1.0, "attribution": "© OpenStreetMap contributors" }, "geometry": { "type": "LineString", "coordinates": [ [ 78.4616806, 17.382843 ], [ 78.4617738, 17.3828093 ], [ 78.4618005, 17.3829285 ] ] } },
{ "type": "Feature", "properties": { "road_id": "OSM-WAY-355705701", "road_name": "", "road_class": "residential", "source": "real:osm", "confidence": 1.0, "attribution": "© OpenStreetMap contributors" }, "geometry": { "type": "LineString", "coordinates": [ [ 78.4782691, 17.3775128 ], [ 78.47883, 17.3774075 ], [ 78.4790036, 17.3773775 ] ] } },
{ "type": "Feature", "properties": { "road_id": "OSM-WAY-355705741", "road_name": "", "road_class": "residential", "source": "real:osm", "confidence": 1.0, "attribution": "© OpenStreetMap contributors" }, "geometry": { "type": "LineString", "coordinates": [ [ 78.4554039, 17.3660143 ], [ 78.4553489, 17.3658669 ], [ 78.4553093, 17.3657344 ] ] } },
{ "type": "Feature", "properties": { "road_id": "OSM-WAY-355705743", "road_name": "", "road_class": "residential", "source": "real:osm", "confidence": 1.0, "attribution": "© OpenStreetMap contributors" }, "geometry": { "type": "LineString", "coordinates": [ [ 78.4670063, 17.3658953 ], [ 78.4674689, 17.3657553 ] ] } },
{ "type": "Feature", "properties": { "road_id": "OSM-WAY-355705750", "road_name": "", "road_class": "residential", "source": "real:osm", "confidence": 1.0, "attribution": "© OpenStreetMap contributors" }, "geometry": { "type": "LineString", "coordinates": [ [ 78.4603035, 17.3796583 ], [ 78.4604616, 17.3796448 ], [ 78.4604976, 17.3796716 ] ] } },
{ "type": "Feature", "properties": { "road_id": "OSM-WAY-355705794", "road_name": "", "road_class": "residential", "source": "real:osm", "confidence": 1.0, "attribution": "© OpenStreetMap contributors" }, "geometry": { "type": "LineString", "coordinates": [ [ 78.4609677, 17.373467 ], [ 78.461161, 17.3733968 ], [ 78.4613731, 17.3733333 ], [ 78.4615915, 17.3732829 ], [ 78.4619113, 17.3732595 ] ] } },
{ "type": "Feature", "properties": { "road_id": "OSM-WAY-355705805", "road_name": "", "road_class": "residential", "source": "real:osm", "confidence": 1.0, "attribution": "© OpenStreetMap contributors" }, "geometry": { "type": "LineString", "coordinates": [ [ 78.46435, 17.3814034 ], [ 78.4643499, 17.3811681 ], [ 78.4644608, 17.3811152 ] ] } },
{ "type": "Feature", "properties": { "road_id": "OSM-WAY-355705814", "road_name": "", "road_class": "residential", "source": "real:osm", "confidence": 1.0, "attribution": "© OpenStreetMap contributors" }, "geometry": { "type": "LineString", "coordinates": [ [ 78.4625775, 17.3802416 ], [ 78.4626782, 17.3803227 ], [ 78.4629154, 17.3804282 ] ] } },
{ "type": "Feature", "properties": { "road_id": "OSM-WAY-355705843", "road_name": "", "road_class": "residential", "source": "real:osm", "confidence": 1.0, "attribution": "© OpenStreetMap contributors" }, "geometry": { "type": "LineString", "coordinates": [ [ 78.4591021, 17.3717961 ], [ 78.4591489, 17.3715969 ], [ 78.4591689, 17.3715461 ], [ 78.459213, 17.3714737 ], [ 78.4592418, 17.3714311 ] ] } },
{ "type": "Feature", "properties": { "road_id": "OSM-WAY-355705954", "road_name": "Poosal Basti Road", "road_class": "residential", "source": "real:osm", "confidence": 1.0, "attribution": "© OpenStreetMap contributors" }, "geometry": { "type": "LineString", "coordinates": [ [ 78.4782647, 17.3821986 ], [ 78.478615, 17.3821577 ], [ 78.4787766, 17.3821442 ], [ 78.4789291, 17.3821262 ], [ 78.4790582, 17.3821154 ] ] } },
{ "type": "Feature", "properties": { "road_id": "OSM-WAY-355705975", "road_name": "", "road_class": "residential", "source": "real:osm", "confidence": 1.0, "attribution": "© OpenStreetMap contributors" }, "geometry": { "type": "LineString", "coordinates": [ [ 78.470331, 17.3673133 ], [ 78.4703404, 17.3675949 ], [ 78.4707288, 17.3675359 ] ] } },
{ "type": "Feature", "properties": { "road_id": "OSM-WAY-355706015", "road_name": "", "road_class": "residential", "source": "real:osm", "confidence": 1.0, "attribution": "© OpenStreetMap contributors" }, "geometry": { "type": "LineString", "coordinates": [ [ 78.4563167, 17.3762729 ], [ 78.4566862, 17.3761684 ], [ 78.4570234, 17.3761551 ] ] } },
{ "type": "Feature", "properties": { "road_id": "OSM-WAY-355706032", "road_name": "", "road_class": "residential", "source": "real:osm", "confidence": 1.0, "attribution": "© OpenStreetMap contributors" }, "geometry": { "type": "LineString", "coordinates": [ [ 78.4816074, 17.3655726 ], [ 78.4816019, 17.3655356 ], [ 78.4815959, 17.3654582 ], [ 78.4815902, 17.3654376 ] ] } },
{ "type": "Feature", "properties": { "road_id": "OSM-WAY-355706195", "road_name": "", "road_class": "residential", "source": "real:osm", "confidence": 1.0, "attribution": "© OpenStreetMap contributors" }, "geometry": { "type": "LineString", "coordinates": [ [ 78.4656123, 17.3723027 ], [ 78.4656481, 17.3722345 ], [ 78.4657043, 17.372115 ] ] } },
{ "type": "Feature", "properties": { "road_id": "OSM-WAY-355706256", "road_name": "", "road_class": "residential", "source": "real:osm", "confidence": 1.0, "attribution": "© OpenStreetMap contributors" }, "geometry": { "type": "LineString", "coordinates": [ [ 78.4665671, 17.3661315 ], [ 78.466888, 17.3660329 ], [ 78.4670118, 17.3664005 ] ] } },
{ "type": "Feature", "properties": { "road_id": "OSM-WAY-355706296", "road_name": "", "road_class": "residential", "source": "real:osm", "confidence": 1.0, "attribution": "© OpenStreetMap contributors" }, "geometry": { "type": "LineString", "coordinates": [ [ 78.4771204, 17.3851529 ], [ 78.4770995, 17.3845851 ], [ 78.4770477, 17.3841376 ], [ 78.4770557, 17.384071 ], [ 78.4770812, 17.3840378 ], [ 78.4771268, 17.3840262 ], [ 78.4771791, 17.3840224 ], [ 78.4774321, 17.3839979 ], [ 78.4774621, 17.383995 ], [ 78.4776255, 17.3839792 ], [ 78.4779615, 17.3839647 ] ] } },
{ "type": "Feature", "properties": { "road_id": "OSM-WAY-355706317", "road_name": "", "road_class": "residential", "source": "real:osm", "confidence": 1.0, "attribution": "© OpenStreetMap contributors" }, "geometry": { "type": "LineString", "coordinates": [ [ 78.4587335, 17.3793645 ], [ 78.4586284, 17.3789255 ], [ 78.4586308, 17.3787695 ] ] } },
{ "type": "Feature", "properties": { "road_id": "OSM-WAY-355706329", "road_name": "", "road_class": "residential", "source": "real:osm", "confidence": 1.0, "attribution": "© OpenStreetMap contributors" }, "geometry": { "type": "LineString", "coordinates": [ [ 78.4843312, 17.3731919 ], [ 78.4843258, 17.3731476 ], [ 78.4842808, 17.3727809 ], [ 78.4842606, 17.3725775 ], [ 78.4842484, 17.3723727 ] ] } },
{ "type": "Feature", "properties": { "road_id": "OSM-WAY-355706346", "road_name": "", "road_class": "residential", "source": "real:osm", "confidence": 1.0, "attribution": "© OpenStreetMap contributors" }, "geometry": { "type": "LineString", "coordinates": [ [ 78.456685, 17.3728781 ], [ 78.4569733, 17.3728247 ], [ 78.4570268, 17.3728298 ], [ 78.4570664, 17.3728589 ], [ 78.4571118, 17.3728651 ], [ 78.4574154, 17.372817 ] ] } },
{ "type": "Feature", "properties": { "road_id": "OSM-WAY-355706385", "road_name": "", "road_class": "residential", "source": "real:osm", "confidence": 1.0, "attribution": "© OpenStreetMap contributors" }, "geometry": { "type": "LineString", "coordinates": [ [ 78.4632254, 17.3681431 ], [ 78.4637284, 17.3683281 ], [ 78.4640064, 17.3684345 ] ] } },
{ "type": "Feature", "properties": { "road_id": "OSM-WAY-355706465", "road_name": "", "road_class": "residential", "source": "real:osm", "confidence": 1.0, "attribution": "© OpenStreetMap contributors" }, "geometry": { "type": "LineString", "coordinates": [ [ 78.4609624, 17.3786431 ], [ 78.461379, 17.3784921 ], [ 78.4614088, 17.3784682 ], [ 78.4614076, 17.3784214 ], [ 78.4613415, 17.3782513 ], [ 78.4613136, 17.3781598 ] ] } },
{ "type": "Feature", "properties": { "road_id": "OSM-WAY-355706566", "road_name": "", "road_class": "residential", "source": "real:osm", "confidence": 1.0, "attribution": "© OpenStreetMap contributors" }, "geometry": { "type": "LineString", "coordinates": [ [ 78.4682411, 17.3739073 ], [ 78.4683205, 17.3739631 ], [ 78.4684516, 17.3740298 ], [ 78.4687402, 17.3740752 ] ] } },
{ "type": "Feature", "properties": { "road_id": "OSM-WAY-355706621", "road_name": "", "road_class": "residential", "source": "real:osm", "confidence": 1.0, "attribution": "© OpenStreetMap contributors" }, "geometry": { "type": "LineString", "coordinates": [ [ 78.4590225, 17.3723971 ], [ 78.4592846, 17.3722913 ], [ 78.4595657, 17.3721669 ], [ 78.4596368, 17.3721531 ], [ 78.4598523, 17.3721398 ] ] } },
{ "type": "Feature", "properties": { "road_id": "OSM-WAY-355706685", "road_name": "", "road_class": "residential", "source": "real:osm", "confidence": 1.0, "attribution": "© OpenStreetMap contributors" }, "geometry": { "type": "LineString", "coordinates": [ [ 78.4695603, 17.3726913 ], [ 78.4696042, 17.372722 ], [ 78.469632, 17.3727412 ], [ 78.4696753, 17.372753 ], [ 78.4697092, 17.3727556 ], [ 78.4697672, 17.3727609 ], [ 78.4699274, 17.3727701 ], [ 78.4699995, 17.372771 ], [ 78.4703675, 17.3728041 ], [ 78.470398, 17.3721884 ], [ 78.4704122, 17.372108 ] ] } },
{ "type": "Feature", "properties": { "road_id": "OSM-WAY-355706731", "road_name": "", "road_class": "residential", "source": "real:osm", "confidence": 1.0, "attribution": "© OpenStreetMap contributors" }, "geometry": { "type": "LineString", "coordinates": [ [ 78.4546597, 17.3655416 ], [ 78.4548092, 17.3654886 ], [ 78.45496, 17.365451 ], [ 78.4554092, 17.3653385 ] ] } },
{ "type": "Feature", "properties": { "road_id": "OSM-WAY-355706735", "road_name": "", "road_class": "residential", "source": "real:osm", "confidence": 1.0, "attribution": "© OpenStreetMap contributors" }, "geometry": { "type": "LineString", "coordinates": [ [ 78.4577679, 17.3794217 ], [ 78.4577726, 17.379101 ] ] } },
{ "type": "Feature", "properties": { "road_id": "OSM-WAY-355706764", "road_name": "", "road_class": "living_street", "source": "real:osm", "confidence": 1.0, "attribution": "© OpenStreetMap contributors" }, "geometry": { "type": "LineString", "coordinates": [ [ 78.4776762, 17.379004 ], [ 78.4775149, 17.3786014 ], [ 78.4775202, 17.3785739 ], [ 78.4776456, 17.3785006 ] ] } },
{ "type": "Feature", "properties": { "road_id": "OSM-WAY-355706781", "road_name": "", "road_class": "residential", "source": "real:osm", "confidence": 1.0, "attribution": "© OpenStreetMap contributors" }, "geometry": { "type": "LineString", "coordinates": [ [ 78.4782488, 17.3773046 ], [ 78.4787298, 17.3772506 ], [ 78.478772, 17.3772669 ], [ 78.4787982, 17.3772906 ], [ 78.4788189, 17.3773447 ], [ 78.47883, 17.3774075 ] ] } },
{ "type": "Feature", "properties": { "road_id": "OSM-WAY-355706784", "road_name": "", "road_class": "residential", "source": "real:osm", "confidence": 1.0, "attribution": "© OpenStreetMap contributors" }, "geometry": { "type": "LineString", "coordinates": [ [ 78.4724324, 17.372843 ], [ 78.4724591, 17.3726562 ] ] } },
{ "type": "Feature", "properties": { "road_id": "OSM-WAY-355706821", "road_name": "", "road_class": "service", "source": "real:osm", "confidence": 1.0, "attribution": "© OpenStreetMap contributors" }, "geometry": { "type": "LineString", "coordinates": [ [ 78.4791066, 17.3673066 ], [ 78.4793179, 17.3672586 ], [ 78.4793487, 17.3672582 ], [ 78.4793758, 17.3672624 ], [ 78.4794838, 17.3673001 ], [ 78.479511, 17.3673158 ], [ 78.4795431, 17.3673372 ], [ 78.4795633, 17.3673536 ], [ 78.4796323, 17.3674256 ] ] } },
{ "type": "Feature", "properties": { "road_id": "OSM-WAY-355706838", "road_name": "", "road_class": "residential", "source": "real:osm", "confidence": 1.0, "attribution": "© OpenStreetMap contributors" }, "geometry": { "type": "LineString", "coordinates": [ [ 78.4574001, 17.3801219 ], [ 78.457435, 17.3804563 ], [ 78.4574727, 17.3804939 ], [ 78.457537, 17.3805126 ], [ 78.4576729, 17.3805307 ] ] } },
{ "type": "Feature", "properties": { "road_id": "OSM-WAY-355706939", "road_name": "", "road_class": "residential", "source": "real:osm", "confidence": 1.0, "attribution": "© OpenStreetMap contributors" }, "geometry": { "type": "LineString", "coordinates": [ [ 78.4629015, 17.3711248 ], [ 78.4633067, 17.3711811 ] ] } },
{ "type": "Feature", "properties": { "road_id": "OSM-WAY-355707181", "road_name": "", "road_class": "residential", "source": "real:osm", "confidence": 1.0, "attribution": "© OpenStreetMap contributors" }, "geometry": { "type": "LineString", "coordinates": [ [ 78.4565748, 17.3745979 ], [ 78.4571774, 17.3745065 ], [ 78.4579288, 17.3744734 ], [ 78.4580102, 17.3753397 ] ] } },
{ "type": "Feature", "properties": { "road_id": "OSM-WAY-355707190", "road_name": "", "road_class": "residential", "source": "real:osm", "confidence": 1.0, "attribution": "© OpenStreetMap contributors" }, "geometry": { "type": "LineString", "coordinates": [ [ 78.4623137, 17.3669817 ], [ 78.4623046, 17.3665518 ], [ 78.4621998, 17.3661305 ], [ 78.4621435, 17.3657657 ], [ 78.4621096, 17.3654209 ], [ 78.4621328, 17.3653689 ], [ 78.4621944, 17.3653352 ], [ 78.4623345, 17.3653055 ] ] } },
{ "type": "Feature", "properties": { "road_id": "OSM-WAY-355707198", "road_name": "", "road_class": "residential", "source": "real:osm", "confidence": 1.0, "attribution": "© OpenStreetMap contributors" }, "geometry": { "type": "LineString", "coordinates": [ [ 78.4550229, 17.3717279 ], [ 78.4551413, 17.3717511 ], [ 78.4552361, 17.3717432 ], [ 78.4553025, 17.3717206 ], [ 78.4553704, 17.3716833 ], [ 78.4560095, 17.3714219 ] ] } },
{ "type": "Feature", "properties": { "road_id": "OSM-WAY-355707271", "road_name": "", "road_class": "residential", "source": "real:osm", "confidence": 1.0, "attribution": "© OpenStreetMap contributors" }, "geometry": { "type": "LineString", "coordinates": [ [ 78.4554773, 17.3823516 ], [ 78.4554862, 17.3820196 ], [ 78.456075, 17.381994 ], [ 78.4561048, 17.3822354 ] ] } },
{ "type": "Feature", "properties": { "road_id": "OSM-WAY-355707289", "road_name": "", "road_class": "residential", "source": "real:osm", "confidence": 1.0, "attribution": "© OpenStreetMap contributors" }, "geometry": { "type": "LineString", "coordinates": [ [ 78.4599592, 17.3800344 ], [ 78.4598445, 17.3797421 ], [ 78.4598409, 17.3796993 ], [ 78.4598533, 17.3796745 ], [ 78.4599334, 17.3796336 ], [ 78.460017, 17.3796119 ], [ 78.4602395, 17.3795914 ] ] } },
{ "type": "Feature", "properties": { "road_id": "OSM-WAY-355707347", "road_name": "", "road_class": "living_street", "source": "real:osm", "confidence": 1.0, "attribution": "© OpenStreetMap contributors" }, "geometry": { "type": "LineString", "coordinates": [ [ 78.4794644, 17.3823657 ], [ 78.4795984, 17.3823456 ], [ 78.4796724, 17.3823416 ], [ 78.4797954, 17.3823369 ], [ 78.4798806, 17.3823363 ], [ 78.4799668, 17.3823457 ] ] } },
{ "type": "Feature", "properties": { "road_id": "OSM-WAY-355707365", "road_name": "", "road_class": "residential", "source": "real:osm", "confidence": 1.0, "attribution": "© OpenStreetMap contributors" }, "geometry": { "type": "LineString", "coordinates": [ [ 78.4749824, 17.3746578 ], [ 78.4750511, 17.3747005 ], [ 78.4750957, 17.3747601 ], [ 78.4751369, 17.3748763 ] ] } },
{ "type": "Feature", "properties": { "road_id": "OSM-WAY-355707368", "road_name": "", "road_class": "residential", "source": "real:osm", "confidence": 1.0, "attribution": "© OpenStreetMap contributors" }, "geometry": { "type": "LineString", "coordinates": [ [ 78.471067, 17.3771067 ], [ 78.47113, 17.377042 ], [ 78.4712058, 17.3770165 ], [ 78.4714646, 17.3769824 ] ] } },
{ "type": "Feature", "properties": { "road_id": "OSM-WAY-355707375", "road_name": "", "road_class": "residential", "source": "real:osm", "confidence": 1.0, "attribution": "© OpenStreetMap contributors" }, "geometry": { "type": "LineString", "coordinates": [ [ 78.4587602, 17.3662946 ], [ 78.4588787, 17.3664697 ], [ 78.4590839, 17.366623 ], [ 78.4593123, 17.3666929 ], [ 78.4597262, 17.3668188 ] ] } },
{ "type": "Feature", "properties": { "road_id": "OSM-WAY-355707379", "road_name": "", "road_class": "residential", "source": "real:osm", "confidence": 1.0, "attribution": "© OpenStreetMap contributors" }, "geometry": { "type": "LineString", "coordinates": [ [ 78.4613317, 17.3745023 ], [ 78.4614578, 17.3744991 ], [ 78.4615288, 17.3745183 ], [ 78.4615686, 17.3744832 ], [ 78.4615827, 17.3744036 ], [ 78.4621371, 17.3742599 ] ] } },
{ "type": "Feature", "properties": { "road_id": "OSM-WAY-355707396", "road_name": "", "road_class": "residential", "source": "real:osm", "confidence": 1.0, "attribution": "© OpenStreetMap contributors" }, "geometry": { "type": "LineString", "coordinates": [ [ 78.4733673, 17.3666775 ], [ 78.4733499, 17.3664845 ], [ 78.4733789, 17.3663201 ], [ 78.4734424, 17.3661588 ], [ 78.473634, 17.3661157 ] ] } },
{ "type": "Feature", "properties": { "road_id": "OSM-WAY-355707448", "road_name": "", "road_class": "residential", "source": "real:osm", "confidence": 1.0, "attribution": "© OpenStreetMap contributors" }, "geometry": { "type": "LineString", "coordinates": [ [ 78.4735654, 17.3669471 ], [ 78.4737841, 17.3668828 ], [ 78.4738187, 17.3669671 ], [ 78.4739821, 17.3669049 ] ] } },
{ "type": "Feature", "properties": { "road_id": "OSM-WAY-355707466", "road_name": "", "road_class": "residential", "source": "real:osm", "confidence": 1.0, "attribution": "© OpenStreetMap contributors" }, "geometry": { "type": "LineString", "coordinates": [ [ 78.466738, 17.3741233 ], [ 78.4669047, 17.3740748 ], [ 78.4671322, 17.3740158 ], [ 78.4674613, 17.3739619 ], [ 78.4677856, 17.3739217 ], [ 78.467881, 17.3738735 ], [ 78.4679221, 17.373832 ], [ 78.4679818, 17.3737547 ] ] } },
{ "type": "Feature", "properties": { "road_id": "OSM-WAY-355707482", "road_name": "", "road_class": "residential", "source": "real:osm", "confidence": 1.0, "attribution": "© OpenStreetMap contributors" }, "geometry": { "type": "LineString", "coordinates": [ [ 78.4847525, 17.3719976 ], [ 78.4847861, 17.3723479 ], [ 78.4848203, 17.3723675 ], [ 78.4850893, 17.3723335 ] ] } },
{ "type": "Feature", "properties": { "road_id": "OSM-WAY-355707506", "road_name": "", "road_class": "residential", "source": "real:osm", "confidence": 1.0, "attribution": "© OpenStreetMap contributors" }, "geometry": { "type": "LineString", "coordinates": [ [ 78.4586068, 17.3727051 ], [ 78.4584921, 17.3724832 ], [ 78.4589823, 17.3723222 ] ] } },
{ "type": "Feature", "properties": { "road_id": "OSM-WAY-355707615", "road_name": "", "road_class": "residential", "source": "real:osm", "confidence": 1.0, "attribution": "© OpenStreetMap contributors" }, "geometry": { "type": "LineString", "coordinates": [ [ 78.471072, 17.3811885 ], [ 78.4712274, 17.3811647 ], [ 78.4713798, 17.381163 ], [ 78.4713263, 17.3809161 ] ] } },
{ "type": "Feature", "properties": { "road_id": "OSM-WAY-355707633", "road_name": "", "road_class": "residential", "source": "real:osm", "confidence": 1.0, "attribution": "© OpenStreetMap contributors" }, "geometry": { "type": "LineString", "coordinates": [ [ 78.46533, 17.384935 ], [ 78.4649234, 17.3850739 ], [ 78.465048, 17.385211 ], [ 78.4651876, 17.3853836 ], [ 78.4653358, 17.385604 ] ] } },
{ "type": "Feature", "properties": { "road_id": "OSM-WAY-355707649", "road_name": "", "road_class": "residential", "source": "real:osm", "confidence": 1.0, "attribution": "© OpenStreetMap contributors" }, "geometry": { "type": "LineString", "coordinates": [ [ 78.4763019, 17.3762792 ], [ 78.4764469, 17.3765288 ], [ 78.4767407, 17.3768425 ], [ 78.4769518, 17.3770642 ], [ 78.4771262, 17.3772558 ], [ 78.4775445, 17.3777025 ], [ 78.4778846, 17.3780711 ], [ 78.4781603, 17.3783107 ], [ 78.4782094, 17.3783149 ], [ 78.4783716, 17.3782767 ] ] } },
{ "type": "Feature", "properties": { "road_id": "OSM-WAY-355707661", "road_name": "", "road_class": "service", "source": "real:osm", "confidence": 1.0, "attribution": "© OpenStreetMap contributors" }, "geometry": { "type": "LineString", "coordinates": [ [ 78.4805408, 17.3772671 ], [ 78.4806037, 17.3773462 ], [ 78.4806781, 17.3773865 ], [ 78.4808731, 17.3774242 ], [ 78.4810019, 17.3775247 ], [ 78.4810328, 17.3776895 ], [ 78.4810509, 17.3778077 ] ] } },
{ "type": "Feature", "properties": { "road_id": "OSM-WAY-355707690", "road_name": "", "road_class": "residential", "source": "real:osm", "confidence": 1.0, "attribution": "© OpenStreetMap contributors" }, "geometry": { "type": "LineString", "coordinates": [ [ 78.4610636, 17.3745528 ], [ 78.4613317, 17.3745023 ], [ 78.4611545, 17.3741913 ], [ 78.4611052, 17.3741514 ], [ 78.4609813, 17.3741024 ], [ 78.4608574, 17.3741007 ], [ 78.4606401, 17.3740598 ] ] } },
{ "type": "Feature", "properties": { "road_id": "OSM-WAY-355707838", "road_name": "", "road_class": "residential", "source": "real:osm", "confidence": 1.0, "attribution": "© OpenStreetMap contributors" }, "geometry": { "type": "LineString", "coordinates": [ [ 78.4690745, 17.365106 ], [ 78.469425, 17.3649512 ], [ 78.4698002, 17.3647715 ], [ 78.4698391, 17.3648688 ] ] } },
{ "type": "Feature", "properties": { "road_id": "OSM-WAY-355707929", "road_name": "", "road_class": "residential", "source": "real:osm", "confidence": 1.0, "attribution": "© OpenStreetMap contributors" }, "geometry": { "type": "LineString", "coordinates": [ [ 78.4612153, 17.3711288 ], [ 78.4612962, 17.371204 ], [ 78.4613722, 17.3711806 ], [ 78.4614045, 17.3711632 ], [ 78.4614178, 17.3711364 ], [ 78.4614685, 17.3709238 ], [ 78.4614936, 17.3708188 ], [ 78.4616027, 17.370465 ] ] } },
{ "type": "Feature", "properties": { "road_id": "OSM-WAY-355708059", "road_name": "", "road_class": "residential", "source": "real:osm", "confidence": 1.0, "attribution": "© OpenStreetMap contributors" }, "geometry": { "type": "LineString", "coordinates": [ [ 78.4797353, 17.3765524 ], [ 78.4797501, 17.3765464 ], [ 78.4801548, 17.3764089 ] ] } },
{ "type": "Feature", "properties": { "road_id": "OSM-WAY-355708084", "road_name": "", "road_class": "residential", "source": "real:osm", "confidence": 1.0, "attribution": "© OpenStreetMap contributors" }, "geometry": { "type": "LineString", "coordinates": [ [ 78.4732993, 17.3651082 ], [ 78.4730552, 17.3652351 ], [ 78.4730412, 17.3652837 ], [ 78.4730398, 17.3654232 ], [ 78.4730531, 17.3655416 ], [ 78.4730914, 17.3656979 ], [ 78.4731429, 17.3660007 ], [ 78.4732066, 17.3663179 ], [ 78.4733789, 17.3663201 ] ] } },
{ "type": "Feature", "properties": { "road_id": "OSM-WAY-355708087", "road_name": "", "road_class": "residential", "source": "real:osm", "confidence": 1.0, "attribution": "© OpenStreetMap contributors" }, "geometry": { "type": "LineString", "coordinates": [ [ 78.470665, 17.3670685 ], [ 78.4712884, 17.366855 ], [ 78.4714124, 17.3668064 ], [ 78.4713908, 17.36673 ] ] } },
{ "type": "Feature", "properties": { "road_id": "OSM-WAY-355708112", "road_name": "", "road_class": "residential", "source": "real:osm", "confidence": 1.0, "attribution": "© OpenStreetMap contributors" }, "geometry": { "type": "LineString", "coordinates": [ [ 78.4589564, 17.3786434 ], [ 78.4589554, 17.3784975 ], [ 78.4590009, 17.3784538 ], [ 78.4591035, 17.3784455 ] ] } },
{ "type": "Feature", "properties": { "road_id": "OSM-WAY-355708120", "road_name": "", "road_class": "residential", "source": "real:osm", "confidence": 1.0, "attribution": "© OpenStreetMap contributors" }, "geometry": { "type": "LineString", "coordinates": [ [ 78.4602814, 17.365112 ], [ 78.4602169, 17.3648093 ], [ 78.4602705, 17.364673 ], [ 78.4603609, 17.3646484 ] ] } },
{ "type": "Feature", "properties": { "road_id": "OSM-WAY-355708154", "road_name": "", "road_class": "residential", "source": "real:osm", "confidence": 1.0, "attribution": "© OpenStreetMap contributors" }, "geometry": { "type": "LineString", "coordinates": [ [ 78.4573176, 17.3724576 ], [ 78.4574493, 17.3724212 ], [ 78.4575226, 17.372396 ], [ 78.4581093, 17.3722736 ], [ 78.4579822, 17.3714738 ], [ 78.4579734, 17.3714059 ] ] } },
{ "type": "Feature", "properties": { "road_id": "OSM-WAY-355708160", "road_name": "", "road_class": "residential", "source": "real:osm", "confidence": 1.0, "attribution": "© OpenStreetMap contributors" }, "geometry": { "type": "LineString", "coordinates": [ [ 78.4629009, 17.3825096 ], [ 78.46298, 17.382785 ], [ 78.4630112, 17.382951 ], [ 78.4629979, 17.3830447 ] ] } },
{ "type": "Feature", "properties": { "road_id": "OSM-WAY-355708166", "road_name": "", "road_class": "residential", "source": "real:osm", "confidence": 1.0, "attribution": "© OpenStreetMap contributors" }, "geometry": { "type": "LineString", "coordinates": [ [ 78.4847304, 17.3750883 ], [ 78.4850955, 17.3749317 ], [ 78.4851676, 17.3749146 ], [ 78.4851927, 17.3749351 ], [ 78.4852357, 17.3750417 ], [ 78.4852871, 17.3751598 ] ] } },
{ "type": "Feature", "properties": { "road_id": "OSM-WAY-355708177", "road_name": "", "road_class": "residential", "source": "real:osm", "confidence": 1.0, "attribution": "© OpenStreetMap contributors" }, "geometry": { "type": "LineString", "coordinates": [ [ 78.4603399, 17.3770161 ], [ 78.460588, 17.3769641 ], [ 78.4610265, 17.3768506 ] ] } },
{ "type": "Feature", "properties": { "road_id": "OSM-WAY-355708212", "road_name": "", "road_class": "residential", "source": "real:osm", "confidence": 1.0, "attribution": "© OpenStreetMap contributors" }, "geometry": { "type": "LineString", "coordinates": [ [ 78.4681407, 17.378583 ], [ 78.4684331, 17.3784899 ], [ 78.4687247, 17.3784504 ], [ 78.4692787, 17.3783575 ], [ 78.4695744, 17.3783191 ] ] } },
{ "type": "Feature", "properties": { "road_id": "OSM-WAY-355708236", "road_name": "", "road_class": "residential", "source": "real:osm", "confidence": 1.0, "attribution": "© OpenStreetMap contributors" }, "geometry": { "type": "LineString", "coordinates": [ [ 78.4764652, 17.3803031 ], [ 78.4768831, 17.3801806 ], [ 78.4768934, 17.3801711 ], [ 78.4768988, 17.3801524 ], [ 78.4768928, 17.3801236 ], [ 78.4768727, 17.380067 ], [ 78.4768462, 17.3800148 ], [ 78.4768358, 17.379987 ], [ 78.4768328, 17.379962 ], [ 78.4768457, 17.3799428 ] ] } },
{ "type": "Feature", "properties": { "road_id": "OSM-WAY-355708238", "road_name": "", "road_class": "residential", "source": "real:osm", "confidence": 1.0, "attribution": "© OpenStreetMap contributors" }, "geometry": { "type": "LineString", "coordinates": [ [ 78.4760884, 17.3774992 ], [ 78.4760548, 17.3772762 ], [ 78.4760283, 17.3772257 ], [ 78.4759207, 17.3770204 ], [ 78.4757681, 17.3768546 ], [ 78.475608, 17.3767395 ], [ 78.4755454, 17.3766945 ], [ 78.4754275, 17.3766465 ] ] } },
{ "type": "Feature", "properties": { "road_id": "OSM-WAY-355708248", "road_name": "", "road_class": "residential", "source": "real:osm", "confidence": 1.0, "attribution": "© OpenStreetMap contributors" }, "geometry": { "type": "LineString", "coordinates": [ [ 78.4687317, 17.3737295 ], [ 78.4690772, 17.3737776 ], [ 78.4691023, 17.3737894 ], [ 78.4691154, 17.3738131 ], [ 78.4691194, 17.3738445 ], [ 78.4691194, 17.3738681 ], [ 78.4691032, 17.3740625 ], [ 78.4691052, 17.3741009 ], [ 78.469133, 17.3741308 ], [ 78.4695761, 17.3741414 ], [ 78.4700972, 17.3741456 ] ] } },
{ "type": "Feature", "properties": { "road_id": "OSM-WAY-355708259", "road_name": "", "road_class": "residential", "source": "real:osm", "confidence": 1.0, "attribution": "© OpenStreetMap contributors" }, "geometry": { "type": "LineString", "coordinates": [ [ 78.4779735, 17.3764593 ], [ 78.4777444, 17.3762401 ], [ 78.4776612, 17.3761694 ], [ 78.4776321, 17.3761361 ], [ 78.4775909, 17.3760515 ], [ 78.4775773, 17.3760061 ] ] } },
{ "type": "Feature", "properties": { "road_id": "OSM-WAY-355708270", "road_name": "", "road_class": "residential", "source": "real:osm", "confidence": 1.0, "attribution": "© OpenStreetMap contributors" }, "geometry": { "type": "LineString", "coordinates": [ [ 78.4579822, 17.3714738 ], [ 78.4581293, 17.3714594 ], [ 78.458388, 17.3713828 ], [ 78.4586646, 17.3712735 ] ] } },
{ "type": "Feature", "properties": { "road_id": "OSM-WAY-355708272", "road_name": "", "road_class": "residential", "source": "real:osm", "confidence": 1.0, "attribution": "© OpenStreetMap contributors" }, "geometry": { "type": "LineString", "coordinates": [ [ 78.4781291, 17.3848156 ], [ 78.4784074, 17.3848154 ], [ 78.4789393, 17.3848198 ], [ 78.4790292, 17.384821 ], [ 78.4790587, 17.384807 ], [ 78.4790761, 17.3847897 ], [ 78.4790841, 17.384757 ], [ 78.479067, 17.3844982 ], [ 78.4790449, 17.3842107 ] ] } },
{ "type": "Feature", "properties": { "road_id": "OSM-WAY-355708289", "road_name": "", "road_class": "living_street", "source": "real:osm", "confidence": 1.0, "attribution": "© OpenStreetMap contributors" }, "geometry": { "type": "LineString", "coordinates": [ [ 78.4805954, 17.3824418 ], [ 78.4805641, 17.3822312 ], [ 78.4805279, 17.3820673 ], [ 78.4805308, 17.3820207 ], [ 78.4805767, 17.3819875 ], [ 78.4807877, 17.3819378 ], [ 78.4808826, 17.3819008 ], [ 78.4809145, 17.3818498 ], [ 78.4809273, 17.381763 ], [ 78.4809358, 17.3817377 ], [ 78.480939, 17.381728 ], [ 78.4809364, 17.3816711 ], [ 78.4809278, 17.3816159 ], [ 78.4809183, 17.3815778 ], [ 78.4809086, 17.3815269 ], [ 78.480901, 17.3814744 ], [ 78.480905, 17.3814377 ], [ 78.4809022, 17.3814103 ], [ 78.4808951, 17.3813888 ], [ 78.4807364, 17.3811829 ], [ 78.4807293, 17.381133 ], [ 78.48066, 17.3810001 ], [ 78.4806345, 17.3809783 ], [ 78.4805986, 17.3809789 ], [ 78.4805319, 17.3810139 ] ] } },
{ "type": "Feature", "properties": { "road_id": "OSM-WAY-355708299", "road_name": "", "road_class": "residential", "source": "real:osm", "confidence": 1.0, "attribution": "© OpenStreetMap contributors" }, "geometry": { "type": "LineString", "coordinates": [ [ 78.4603597, 17.3670402 ], [ 78.4608855, 17.3671886 ], [ 78.4609931, 17.367219 ], [ 78.4614838, 17.3672531 ], [ 78.4616355, 17.3670402 ], [ 78.4617102, 17.3668139 ], [ 78.4617206, 17.3667526 ] ] } },
{ "type": "Feature", "properties": { "road_id": "OSM-WAY-355708336", "road_name": "", "road_class": "residential", "source": "real:osm", "confidence": 1.0, "attribution": "© OpenStreetMap contributors" }, "geometry": { "type": "LineString", "coordinates": [ [ 78.4585883, 17.3700071 ], [ 78.4596271, 17.3700248 ], [ 78.4602826, 17.3700678 ], [ 78.460485, 17.3700939 ], [ 78.4605686, 17.3700994 ], [ 78.4606171, 17.3700971 ], [ 78.4606684, 17.3700779 ] ] } },
{ "type": "Feature", "properties": { "road_id": "OSM-WAY-355708445", "road_name": "", "road_class": "residential", "source": "real:osm", "confidence": 1.0, "attribution": "© OpenStreetMap contributors" }, "geometry": { "type": "LineString", "coordinates": [ [ 78.4764782, 17.373076 ], [ 78.4763425, 17.373256 ], [ 78.4763176, 17.373534 ], [ 78.4763487, 17.373818 ], [ 78.4763856, 17.3739777 ] ] } },
{ "type": "Feature", "properties": { "road_id": "OSM-WAY-355708528", "road_name": "", "road_class": "residential", "source": "real:osm", "confidence": 1.0, "attribution": "© OpenStreetMap contributors" }, "geometry": { "type": "LineString", "coordinates": [ [ 78.4818912, 17.3791533 ], [ 78.4819743, 17.3792515 ], [ 78.4820858, 17.3793239 ], [ 78.4822206, 17.3794376 ], [ 78.4823084, 17.37952 ], [ 78.4823713, 17.3797114 ] ] } },
{ "type": "Feature", "properties": { "road_id": "OSM-WAY-355708545", "road_name": "", "road_class": "residential", "source": "real:osm", "confidence": 1.0, "attribution": "© OpenStreetMap contributors" }, "geometry": { "type": "LineString", "coordinates": [ [ 78.4703675, 17.3728041 ], [ 78.4703552, 17.3729373 ], [ 78.4706356, 17.3729074 ], [ 78.4707967, 17.3728682 ], [ 78.4709203, 17.3728017 ], [ 78.4709622, 17.3727652 ], [ 78.4710229, 17.3727123 ], [ 78.4711935, 17.3726757 ], [ 78.4712819, 17.3726528 ] ] } },
{ "type": "Feature", "properties": { "road_id": "OSM-WAY-355708606", "road_name": "", "road_class": "residential", "source": "real:osm", "confidence": 1.0, "attribution": "© OpenStreetMap contributors" }, "geometry": { "type": "LineString", "coordinates": [ [ 78.4703984, 17.3813971 ], [ 78.4707419, 17.3812822 ], [ 78.4708935, 17.3812182 ], [ 78.4709394, 17.3812124 ], [ 78.471072, 17.3811885 ], [ 78.4710274, 17.3809544 ] ] } },
{ "type": "Feature", "properties": { "road_id": "OSM-WAY-355708611", "road_name": "", "road_class": "residential", "source": "real:osm", "confidence": 1.0, "attribution": "© OpenStreetMap contributors" }, "geometry": { "type": "LineString", "coordinates": [ [ 78.4610396, 17.3707828 ], [ 78.4602939, 17.3708512 ], [ 78.460336, 17.3709239 ], [ 78.4603692, 17.3709614 ], [ 78.4604035, 17.3709912 ], [ 78.4604978, 17.3710408 ], [ 78.4605364, 17.3710698 ], [ 78.4605602, 17.3711129 ], [ 78.4605861, 17.3712329 ] ] } },
{ "type": "Feature", "properties": { "road_id": "OSM-WAY-355708722", "road_name": "", "road_class": "residential", "source": "real:osm", "confidence": 1.0, "attribution": "© OpenStreetMap contributors" }, "geometry": { "type": "LineString", "coordinates": [ [ 78.4835842, 17.3760514 ], [ 78.4835647, 17.376076 ], [ 78.4833795, 17.3763225 ] ] } },
{ "type": "Feature", "properties": { "road_id": "OSM-WAY-355708737", "road_name": "", "road_class": "residential", "source": "real:osm", "confidence": 1.0, "attribution": "© OpenStreetMap contributors" }, "geometry": { "type": "LineString", "coordinates": [ [ 78.4723508, 17.3648565 ], [ 78.4722095, 17.3647977 ], [ 78.4718681, 17.3648081 ], [ 78.4717545, 17.364819 ], [ 78.4716088, 17.3649035 ], [ 78.4714455, 17.3649583 ], [ 78.4712504, 17.3651043 ], [ 78.4710582, 17.3651703 ] ] } },
{ "type": "Feature", "properties": { "road_id": "OSM-WAY-355708754", "road_name": "", "road_class": "residential", "source": "real:osm", "confidence": 1.0, "attribution": "© OpenStreetMap contributors" }, "geometry": { "type": "LineString", "coordinates": [ [ 78.4768457, 17.3799428 ], [ 78.4769737, 17.3798676 ], [ 78.4770258, 17.3798336 ], [ 78.4770572, 17.3797849 ], [ 78.4770701, 17.379743 ] ] } },
{ "type": "Feature", "properties": { "road_id": "OSM-WAY-355708760", "road_name": "", "road_class": "residential", "source": "real:osm", "confidence": 1.0, "attribution": "© OpenStreetMap contributors" }, "geometry": { "type": "LineString", "coordinates": [ [ 78.4620236, 17.3758956 ], [ 78.4620284, 17.3759897 ], [ 78.4621469, 17.3759851 ] ] } },
{ "type": "Feature", "properties": { "road_id": "OSM-WAY-355708825", "road_name": "", "road_class": "residential", "source": "real:osm", "confidence": 1.0, "attribution": "© OpenStreetMap contributors" }, "geometry": { "type": "LineString", "coordinates": [ [ 78.4768934, 17.3788939 ], [ 78.4769514, 17.3791919 ], [ 78.4769699, 17.3792312 ], [ 78.4769853, 17.3792517 ], [ 78.4769997, 17.37926 ], [ 78.4770209, 17.3792648 ], [ 78.4770826, 17.379262 ], [ 78.477286, 17.3792345 ], [ 78.4773902, 17.3791883 ] ] } },
{ "type": "Feature", "properties": { "road_id": "OSM-WAY-355708833", "road_name": "Dabeerpura Nala road", "road_class": "tertiary", "source": "real:osm", "confidence": 1.0, "attribution": "© OpenStreetMap contributors" }, "geometry": { "type": "LineString", "coordinates": [ [ 78.4853263, 17.3676156 ], [ 78.4851906, 17.3674809 ], [ 78.4846713, 17.3671299 ], [ 78.4845492, 17.3670232 ], [ 78.4843187, 17.3666503 ], [ 78.4842445, 17.3663389 ] ] } },
{ "type": "Feature", "properties": { "road_id": "OSM-WAY-355708895", "road_name": "", "road_class": "service", "source": "real:osm", "confidence": 1.0, "attribution": "© OpenStreetMap contributors" }, "geometry": { "type": "LineString", "coordinates": [ [ 78.4753196, 17.3840711 ], [ 78.4753062, 17.384089 ], [ 78.4752998, 17.3840976 ], [ 78.4752563, 17.3841558 ], [ 78.4752607, 17.3842622 ], [ 78.4753723, 17.3844325 ], [ 78.4754704, 17.384458 ], [ 78.4755462, 17.384444 ], [ 78.4755802, 17.3844377 ] ] } },
{ "type": "Feature", "properties": { "road_id": "OSM-WAY-355708910", "road_name": "", "road_class": "living_street", "source": "real:osm", "confidence": 1.0, "attribution": "© OpenStreetMap contributors" }, "geometry": { "type": "LineString", "coordinates": [ [ 78.4815282, 17.3806384 ], [ 78.481669, 17.3805297 ], [ 78.4817371, 17.3804465 ], [ 78.4819035, 17.3803267 ], [ 78.4819876, 17.3802868 ] ] } },
{ "type": "Feature", "properties": { "road_id": "OSM-WAY-355708964", "road_name": "", "road_class": "residential", "source": "real:osm", "confidence": 1.0, "attribution": "© OpenStreetMap contributors" }, "geometry": { "type": "LineString", "coordinates": [ [ 78.4605303, 17.3782454 ], [ 78.4606802, 17.3782291 ], [ 78.460876, 17.3782534 ], [ 78.4609237, 17.3782773 ], [ 78.4609887, 17.3782711 ], [ 78.4612794, 17.3781715 ], [ 78.4613136, 17.3781598 ], [ 78.4614773, 17.3780865 ], [ 78.4616232, 17.3780212 ], [ 78.462047, 17.3778389 ] ] } },
{ "type": "Feature", "properties": { "road_id": "OSM-WAY-355709091", "road_name": "", "road_class": "residential", "source": "real:osm", "confidence": 1.0, "attribution": "© OpenStreetMap contributors" }, "geometry": { "type": "LineString", "coordinates": [ [ 78.4580369, 17.3794806 ], [ 78.4582943, 17.3794887 ], [ 78.4584995, 17.3794546 ], [ 78.4586919, 17.3793851 ], [ 78.4587335, 17.3793645 ], [ 78.4589902, 17.3793013 ], [ 78.4592177, 17.3793063 ], [ 78.4594453, 17.3792649 ] ] } },
{ "type": "Feature", "properties": { "road_id": "OSM-WAY-355709125", "road_name": "", "road_class": "living_street", "source": "real:osm", "confidence": 1.0, "attribution": "© OpenStreetMap contributors" }, "geometry": { "type": "LineString", "coordinates": [ [ 78.4845872, 17.3657123 ], [ 78.4848489, 17.3657248 ], [ 78.4848764, 17.3657342 ], [ 78.4848864, 17.3657503 ], [ 78.4848975, 17.3657666 ], [ 78.4849089, 17.3657876 ], [ 78.4849149, 17.36581 ], [ 78.4849288, 17.365887 ], [ 78.4849466, 17.3659157 ], [ 78.484964, 17.3659221 ] ] } },
{ "type": "Feature", "properties": { "road_id": "OSM-WAY-355709156", "road_name": "", "road_class": "residential", "source": "real:osm", "confidence": 1.0, "attribution": "© OpenStreetMap contributors" }, "geometry": { "type": "LineString", "coordinates": [ [ 78.4791511, 17.3763807 ], [ 78.4791879, 17.3764477 ], [ 78.4792566, 17.3764968 ], [ 78.4794, 17.3765959 ], [ 78.479516, 17.3766785 ], [ 78.4795663, 17.3767329 ], [ 78.4795871, 17.3767815 ], [ 78.4796032, 17.3768468 ], [ 78.4796156, 17.3769323 ], [ 78.4796192, 17.3769703 ] ] } },
{ "type": "Feature", "properties": { "road_id": "OSM-WAY-355709166", "road_name": "", "road_class": "service", "source": "real:osm", "confidence": 1.0, "attribution": "© OpenStreetMap contributors" }, "geometry": { "type": "LineString", "coordinates": [ [ 78.475002, 17.3744962 ], [ 78.4751728, 17.3741891 ], [ 78.475201, 17.3740905 ], [ 78.4751802, 17.3739235 ], [ 78.4751715, 17.3738928 ], [ 78.475154, 17.373871 ], [ 78.4751319, 17.3738595 ], [ 78.474971, 17.3738742 ], [ 78.4749415, 17.373864 ], [ 78.4749227, 17.3738384 ], [ 78.4749106, 17.3738025 ], [ 78.4748853, 17.373485 ], [ 78.4749033, 17.3732141 ], [ 78.4757427, 17.3732387 ] ] } },
{ "type": "Feature", "properties": { "road_id": "OSM-WAY-355709234", "road_name": "", "road_class": "service", "source": "real:osm", "confidence": 1.0, "attribution": "© OpenStreetMap contributors" }, "geometry": { "type": "LineString", "coordinates": [ [ 78.4827523, 17.382297 ], [ 78.482778, 17.3822628 ], [ 78.4827906, 17.3822224 ], [ 78.4827885, 17.3821804 ], [ 78.482772, 17.3821413 ], [ 78.4827429, 17.3821097 ], [ 78.4827177, 17.382096 ], [ 78.4827045, 17.3820889 ], [ 78.4826623, 17.3820814 ], [ 78.4826198, 17.3820873 ], [ 78.4825815, 17.3821058 ], [ 78.4825514, 17.3821351 ], [ 78.4825329, 17.3821721 ], [ 78.4825277, 17.3822128 ], [ 78.4825365, 17.3822529 ], [ 78.4825584, 17.3822882 ], [ 78.482591, 17.3823149 ], [ 78.4826308, 17.3823302 ], [ 78.4826737, 17.3823325 ], [ 78.4827161, 17.3823211 ], [ 78.4827523, 17.382297 ] ] } },
{ "type": "Feature", "properties": { "road_id": "OSM-WAY-355709253", "road_name": "", "road_class": "residential", "source": "real:osm", "confidence": 1.0, "attribution": "© OpenStreetMap contributors" }, "geometry": { "type": "LineString", "coordinates": [ [ 78.4762022, 17.3760357 ], [ 78.4759262, 17.3760271 ], [ 78.4756798, 17.3760142 ], [ 78.4755152, 17.3759973 ] ] } },
{ "type": "Feature", "properties": { "road_id": "OSM-WAY-355709281", "road_name": "", "road_class": "residential", "source": "real:osm", "confidence": 1.0, "attribution": "© OpenStreetMap contributors" }, "geometry": { "type": "LineString", "coordinates": [ [ 78.4594505, 17.3790016 ], [ 78.4596485, 17.3789921 ], [ 78.4598223, 17.3789726 ], [ 78.4600251, 17.3789267 ], [ 78.460222, 17.3788637 ], [ 78.4604182, 17.3788223 ] ] } },
{ "type": "Feature", "properties": { "road_id": "OSM-WAY-355709321", "road_name": "", "road_class": "residential", "source": "real:osm", "confidence": 1.0, "attribution": "© OpenStreetMap contributors" }, "geometry": { "type": "LineString", "coordinates": [ [ 78.4807875, 17.3797533 ], [ 78.4809117, 17.3799654 ], [ 78.4809734, 17.3800806 ], [ 78.4809843, 17.3800936 ], [ 78.4809991, 17.3801025 ], [ 78.4810339, 17.3801001 ], [ 78.4811403, 17.3800418 ], [ 78.4811596, 17.3800703 ], [ 78.4811746, 17.3801113 ] ] } },
{ "type": "Feature", "properties": { "road_id": "OSM-WAY-355709373", "road_name": "", "road_class": "residential", "source": "real:osm", "confidence": 1.0, "attribution": "© OpenStreetMap contributors" }, "geometry": { "type": "LineString", "coordinates": [ [ 78.4554371, 17.3801728 ], [ 78.4554452, 17.3798129 ], [ 78.4554671, 17.3795874 ], [ 78.4555062, 17.3795232 ], [ 78.4556522, 17.379413 ], [ 78.4556732, 17.379333 ], [ 78.4556522, 17.3792291 ] ] } },
{ "type": "Feature", "properties": { "road_id": "OSM-WAY-355709388", "road_name": "", "road_class": "residential", "source": "real:osm", "confidence": 1.0, "attribution": "© OpenStreetMap contributors" }, "geometry": { "type": "LineString", "coordinates": [ [ 78.4713798, 17.381163 ], [ 78.4713969, 17.3812422 ], [ 78.471414, 17.3813433 ], [ 78.4714201, 17.3814723 ], [ 78.4709453, 17.3815333 ], [ 78.4709361, 17.3814775 ], [ 78.4709242, 17.381405 ], [ 78.4708935, 17.3812182 ] ] } },
{ "type": "Feature", "properties": { "road_id": "OSM-WAY-355709396", "road_name": "", "road_class": "residential", "source": "real:osm", "confidence": 1.0, "attribution": "© OpenStreetMap contributors" }, "geometry": { "type": "LineString", "coordinates": [ [ 78.4790309, 17.3787942 ], [ 78.4790034, 17.3787209 ], [ 78.4789837, 17.3786088 ], [ 78.4789926, 17.3785644 ], [ 78.4790257, 17.3785379 ], [ 78.4790599, 17.3785191 ], [ 78.4790909, 17.378478 ], [ 78.4790858, 17.3784559 ], [ 78.4790887, 17.3783822 ] ] } },
{ "type": "Feature", "properties": { "road_id": "OSM-WAY-355709414", "road_name": "", "road_class": "residential", "source": "real:osm", "confidence": 1.0, "attribution": "© OpenStreetMap contributors" }, "geometry": { "type": "LineString", "coordinates": [ [ 78.475019, 17.3793146 ], [ 78.4755908, 17.3792856 ], [ 78.476144, 17.37926 ], [ 78.4761589, 17.3796973 ], [ 78.4755061, 17.3797445 ] ] } },
{ "type": "Feature", "properties": { "road_id": "OSM-WAY-355709469", "road_name": "", "road_class": "service", "source": "real:osm", "confidence": 1.0, "attribution": "© OpenStreetMap contributors" }, "geometry": { "type": "LineString", "coordinates": [ [ 78.4842748, 17.3818562 ], [ 78.4851118, 17.3816125 ], [ 78.4850434, 17.3815036 ], [ 78.4849854, 17.3814142 ], [ 78.484945, 17.3813723 ], [ 78.4848892, 17.3813442 ], [ 78.4848432, 17.3813401 ], [ 78.4847946, 17.3813449 ], [ 78.4845035, 17.3814217 ] ] } },
{ "type": "Feature", "properties": { "road_id": "OSM-WAY-355709631", "road_name": "", "road_class": "residential", "source": "real:osm", "confidence": 1.0, "attribution": "© OpenStreetMap contributors" }, "geometry": { "type": "LineString", "coordinates": [ [ 78.4607606, 17.3776837 ], [ 78.460885, 17.3776219 ], [ 78.4610477, 17.3775753 ], [ 78.4611641, 17.3775303 ], [ 78.4612696, 17.3774948 ], [ 78.4614945, 17.3774176 ], [ 78.4614983, 17.3774163 ], [ 78.4617938, 17.377352 ], [ 78.4621043, 17.3772733 ], [ 78.4622435, 17.3772315 ] ] } },
{ "type": "Feature", "properties": { "road_id": "OSM-WAY-355709652", "road_name": "", "road_class": "residential", "source": "real:osm", "confidence": 1.0, "attribution": "© OpenStreetMap contributors" }, "geometry": { "type": "LineString", "coordinates": [ [ 78.471905, 17.3683169 ], [ 78.4721026, 17.3682761 ], [ 78.4720737, 17.3681102 ], [ 78.4721821, 17.3680809 ], [ 78.4722638, 17.3680558 ], [ 78.4722528, 17.367998 ], [ 78.4723265, 17.3679851 ], [ 78.4723061, 17.3678784 ] ] } },
{ "type": "Feature", "properties": { "road_id": "OSM-WAY-355709713", "road_name": "", "road_class": "residential", "source": "real:osm", "confidence": 1.0, "attribution": "© OpenStreetMap contributors" }, "geometry": { "type": "LineString", "coordinates": [ [ 78.469457, 17.3733598 ], [ 78.4697583, 17.3733461 ], [ 78.4698363, 17.3733382 ], [ 78.4699969, 17.3733084 ], [ 78.4700438, 17.3732917 ], [ 78.4700682, 17.3732653 ], [ 78.470078, 17.3732362 ], [ 78.4700837, 17.3731274 ], [ 78.4700887, 17.373105 ], [ 78.4700941, 17.3730906 ], [ 78.4701095, 17.3730781 ], [ 78.4702127, 17.3730455 ], [ 78.4703227, 17.3729847 ], [ 78.4703552, 17.3729373 ] ] } },
{ "type": "Feature", "properties": { "road_id": "OSM-WAY-355709730", "road_name": "", "road_class": "service", "source": "real:osm", "confidence": 1.0, "attribution": "© OpenStreetMap contributors" }, "geometry": { "type": "LineString", "coordinates": [ [ 78.4733025, 17.369127 ], [ 78.4733392, 17.3691385 ], [ 78.4736892, 17.3697953 ], [ 78.4738591, 17.3698329 ], [ 78.4739638, 17.3698459 ], [ 78.474177, 17.3698539 ], [ 78.4749518, 17.3698781 ], [ 78.475058, 17.3698828 ], [ 78.4751367, 17.3698951 ], [ 78.47516, 17.3699426 ], [ 78.475177, 17.3699921 ], [ 78.4752329, 17.3702276 ], [ 78.4752654, 17.3703197 ] ] } },
{ "type": "Feature", "properties": { "road_id": "OSM-WAY-355709733", "road_name": "", "road_class": "residential", "source": "real:osm", "confidence": 1.0, "attribution": "© OpenStreetMap contributors" }, "geometry": { "type": "LineString", "coordinates": [ [ 78.4800881, 17.3814337 ], [ 78.4802078, 17.3813035 ], [ 78.4802292, 17.3812104 ], [ 78.4802381, 17.3810738 ], [ 78.480216, 17.3809987 ], [ 78.4802346, 17.3809289 ], [ 78.480248, 17.3808437 ], [ 78.480263, 17.3807862 ], [ 78.480306, 17.3807501 ], [ 78.4803818, 17.3806649 ], [ 78.4804286, 17.3806286 ] ] } },
{ "type": "Feature", "properties": { "road_id": "OSM-WAY-355709751", "road_name": "", "road_class": "living_street", "source": "real:osm", "confidence": 1.0, "attribution": "© OpenStreetMap contributors" }, "geometry": { "type": "LineString", "coordinates": [ [ 78.4785239, 17.375987 ], [ 78.4789878, 17.3762763 ], [ 78.4791511, 17.3763807 ], [ 78.4791055, 17.3761863 ], [ 78.479099, 17.3761501 ], [ 78.4790293, 17.3758806 ] ] } },
{ "type": "Feature", "properties": { "road_id": "OSM-WAY-355709764", "road_name": "", "road_class": "residential", "source": "real:osm", "confidence": 1.0, "attribution": "© OpenStreetMap contributors" }, "geometry": { "type": "LineString", "coordinates": [ [ 78.4820985, 17.3798242 ], [ 78.482242, 17.3802021 ], [ 78.4823986, 17.3806883 ], [ 78.4824454, 17.3806872 ], [ 78.4824605, 17.380716 ], [ 78.4824739, 17.3807628 ], [ 78.4825453, 17.3807713 ], [ 78.4826122, 17.3807543 ], [ 78.4826763, 17.3807049 ] ] } },
{ "type": "Feature", "properties": { "road_id": "OSM-WAY-355709766", "road_name": "", "road_class": "service", "source": "real:osm", "confidence": 1.0, "attribution": "© OpenStreetMap contributors" }, "geometry": { "type": "LineString", "coordinates": [ [ 78.4796223, 17.3715722 ], [ 78.4796599, 17.3715006 ], [ 78.4799268, 17.3715501 ], [ 78.4803776, 17.3717099 ], [ 78.4806539, 17.3718566 ], [ 78.480668, 17.3718647 ], [ 78.4806968, 17.37193 ], [ 78.4806985, 17.3719673 ], [ 78.4806999, 17.3720145 ], [ 78.4806447, 17.3720939 ] ] } },
{ "type": "Feature", "properties": { "road_id": "OSM-WAY-358303570", "road_name": "", "road_class": "service", "source": "real:osm", "confidence": 1.0, "attribution": "© OpenStreetMap contributors" }, "geometry": { "type": "LineString", "coordinates": [ [ 78.473499, 17.3828087 ], [ 78.4734741, 17.3826957 ], [ 78.4734477, 17.3825763 ], [ 78.4732959, 17.3819118 ] ] } },
{ "type": "Feature", "properties": { "road_id": "OSM-WAY-362634350", "road_name": "", "road_class": "residential", "source": "real:osm", "confidence": 1.0, "attribution": "© OpenStreetMap contributors" }, "geometry": { "type": "LineString", "coordinates": [ [ 78.462251, 17.3791697 ], [ 78.4622275, 17.3796145 ], [ 78.4622219, 17.3797436 ] ] } },
{ "type": "Feature", "properties": { "road_id": "OSM-WAY-362634407", "road_name": "", "road_class": "residential", "source": "real:osm", "confidence": 1.0, "attribution": "© OpenStreetMap contributors" }, "geometry": { "type": "LineString", "coordinates": [ [ 78.4610576, 17.3736317 ], [ 78.4609677, 17.373467 ], [ 78.4609347, 17.3733946 ], [ 78.4607672, 17.3729618 ], [ 78.4606281, 17.3726052 ], [ 78.4603139, 17.372748 ], [ 78.4602829, 17.3727861 ], [ 78.4602597, 17.3728147 ], [ 78.4601993, 17.3728668 ], [ 78.4601805, 17.3729279 ], [ 78.4601851, 17.3729774 ], [ 78.460217, 17.3730883 ] ] } },
{ "type": "Feature", "properties": { "road_id": "OSM-WAY-362660005", "road_name": "", "road_class": "residential", "source": "real:osm", "confidence": 1.0, "attribution": "© OpenStreetMap contributors" }, "geometry": { "type": "LineString", "coordinates": [ [ 78.464146, 17.3822861 ], [ 78.4641394, 17.3818442 ] ] } },
{ "type": "Feature", "properties": { "road_id": "OSM-WAY-362660008", "road_name": "", "road_class": "residential", "source": "real:osm", "confidence": 1.0, "attribution": "© OpenStreetMap contributors" }, "geometry": { "type": "LineString", "coordinates": [ [ 78.4645705, 17.3817756 ], [ 78.4645271, 17.3823248 ] ] } },
{ "type": "Feature", "properties": { "road_id": "OSM-WAY-362660009", "road_name": "", "road_class": "residential", "source": "real:osm", "confidence": 1.0, "attribution": "© OpenStreetMap contributors" }, "geometry": { "type": "LineString", "coordinates": [ [ 78.4645271, 17.3823248 ], [ 78.4645154, 17.382354 ], [ 78.4644879, 17.3823705 ], [ 78.4641705, 17.3823431 ], [ 78.4641484, 17.3823229 ], [ 78.464146, 17.3822861 ] ] } },
{ "type": "Feature", "properties": { "road_id": "OSM-WAY-362660010", "road_name": "", "road_class": "residential", "source": "real:osm", "confidence": 1.0, "attribution": "© OpenStreetMap contributors" }, "geometry": { "type": "LineString", "coordinates": [ [ 78.4641394, 17.3818442 ], [ 78.4645705, 17.3817756 ] ] } },
{ "type": "Feature", "properties": { "road_id": "OSM-WAY-362660022", "road_name": "", "road_class": "residential", "source": "real:osm", "confidence": 1.0, "attribution": "© OpenStreetMap contributors" }, "geometry": { "type": "LineString", "coordinates": [ [ 78.4641394, 17.3818442 ], [ 78.4641244, 17.3814335 ], [ 78.4641404, 17.3814051 ], [ 78.4641689, 17.3813941 ], [ 78.46435, 17.3814034 ], [ 78.4645933, 17.3814088 ], [ 78.4646202, 17.3814243 ], [ 78.4646277, 17.3814464 ] ] } },
{ "type": "Feature", "properties": { "road_id": "OSM-WAY-362797265", "road_name": "", "road_class": "residential", "source": "real:osm", "confidence": 1.0, "attribution": "© OpenStreetMap contributors" }, "geometry": { "type": "LineString", "coordinates": [ [ 78.4755152, 17.3759973 ], [ 78.4754558, 17.3759438 ], [ 78.4754189, 17.375901 ], [ 78.4754089, 17.3758562 ], [ 78.4754149, 17.3758146 ], [ 78.4754464, 17.375771 ], [ 78.4756114, 17.3756655 ], [ 78.4756751, 17.3756488 ], [ 78.47572, 17.3756578 ], [ 78.4757582, 17.3757058 ], [ 78.4759262, 17.3760271 ] ] } },
{ "type": "Feature", "properties": { "road_id": "OSM-WAY-363208974", "road_name": "", "road_class": "residential", "source": "real:osm", "confidence": 1.0, "attribution": "© OpenStreetMap contributors" }, "geometry": { "type": "LineString", "coordinates": [ [ 78.4836962, 17.3765354 ], [ 78.483888, 17.3763268 ] ] } },
{ "type": "Feature", "properties": { "road_id": "OSM-WAY-363208975", "road_name": "", "road_class": "residential", "source": "real:osm", "confidence": 1.0, "attribution": "© OpenStreetMap contributors" }, "geometry": { "type": "LineString", "coordinates": [ [ 78.483888, 17.3763268 ], [ 78.4838657, 17.3762885 ], [ 78.4835647, 17.376076 ] ] } },
{ "type": "Feature", "properties": { "road_id": "OSM-WAY-363209002", "road_name": "", "road_class": "residential", "source": "real:osm", "confidence": 1.0, "attribution": "© OpenStreetMap contributors" }, "geometry": { "type": "LineString", "coordinates": [ [ 78.4833795, 17.3763225 ], [ 78.4836962, 17.3765354 ] ] } },
{ "type": "Feature", "properties": { "road_id": "OSM-WAY-363212588", "road_name": "Jambaug 9th St", "road_class": "residential", "source": "real:osm", "confidence": 1.0, "attribution": "© OpenStreetMap contributors" }, "geometry": { "type": "LineString", "coordinates": [ [ 78.4759473, 17.3817807 ], [ 78.4759768, 17.3817871 ], [ 78.4759969, 17.3818051 ], [ 78.4760077, 17.3818441 ], [ 78.4760479, 17.3820137 ], [ 78.4760988, 17.3821641 ], [ 78.4760975, 17.3822101 ], [ 78.4760774, 17.3822185 ], [ 78.4760358, 17.3822217 ] ] } },
{ "type": "Feature", "properties": { "road_id": "OSM-WAY-363212599", "road_name": "", "road_class": "residential", "source": "real:osm", "confidence": 1.0, "attribution": "© OpenStreetMap contributors" }, "geometry": { "type": "LineString", "coordinates": [ [ 78.4755883, 17.3818425 ], [ 78.4751706, 17.381921 ] ] } },
{ "type": "Feature", "properties": { "road_id": "OSM-WAY-363328284", "road_name": "", "road_class": "residential", "source": "real:osm", "confidence": 1.0, "attribution": "© OpenStreetMap contributors" }, "geometry": { "type": "LineString", "coordinates": [ [ 78.4652949, 17.3772585 ], [ 78.4650624, 17.3768347 ] ] } },
{ "type": "Feature", "properties": { "road_id": "OSM-WAY-363343018", "road_name": "", "road_class": "residential", "source": "real:osm", "confidence": 1.0, "attribution": "© OpenStreetMap contributors" }, "geometry": { "type": "LineString", "coordinates": [ [ 78.477218, 17.3670367 ], [ 78.4776835, 17.3668562 ], [ 78.4778433, 17.3668239 ], [ 78.478147, 17.3667352 ], [ 78.4783923, 17.3666486 ], [ 78.4785114, 17.3666058 ] ] } },
{ "type": "Feature", "properties": { "road_id": "OSM-WAY-363343021", "road_name": "", "road_class": "residential", "source": "real:osm", "confidence": 1.0, "attribution": "© OpenStreetMap contributors" }, "geometry": { "type": "LineString", "coordinates": [ [ 78.4785114, 17.3666058 ], [ 78.4786889, 17.367116 ], [ 78.4787244, 17.3673911 ] ] } },
{ "type": "Feature", "properties": { "road_id": "OSM-WAY-363343022", "road_name": "", "road_class": "residential", "source": "real:osm", "confidence": 1.0, "attribution": "© OpenStreetMap contributors" }, "geometry": { "type": "LineString", "coordinates": [ [ 78.4787244, 17.3673911 ], [ 78.4783828, 17.3674756 ], [ 78.4779778, 17.3676231 ], [ 78.4779409, 17.3677272 ], [ 78.477743, 17.3677801 ], [ 78.4774898, 17.3678631 ] ] } },
{ "type": "Feature", "properties": { "road_id": "OSM-WAY-363725552", "road_name": "Pathergatti Road", "road_class": "trunk", "source": "real:osm", "confidence": 1.0, "attribution": "© OpenStreetMap contributors" }, "geometry": { "type": "LineString", "coordinates": [ [ 78.4752269, 17.3644303 ], [ 78.4752579, 17.3646275 ], [ 78.475299, 17.3648809 ], [ 78.4752765, 17.3649561 ], [ 78.4752221, 17.3650152 ], [ 78.4751921, 17.365094 ], [ 78.475209, 17.3652068 ], [ 78.4752371, 17.3652569 ], [ 78.4753159, 17.3652927 ], [ 78.4753534, 17.3653178 ], [ 78.4754845, 17.3659733 ], [ 78.475789, 17.3674955 ], [ 78.4758163, 17.3676326 ] ] } },
{ "type": "Feature", "properties": { "road_id": "OSM-WAY-363726187", "road_name": "", "road_class": "residential", "source": "real:osm", "confidence": 1.0, "attribution": "© OpenStreetMap contributors" }, "geometry": { "type": "LineString", "coordinates": [ [ 78.4836469, 17.3695977 ], [ 78.483665, 17.3696075 ], [ 78.4836895, 17.3696052 ], [ 78.4838839, 17.3695485 ] ] } },
{ "type": "Feature", "properties": { "road_id": "OSM-WAY-363726500", "road_name": "Churi Bazaar Road", "road_class": "tertiary", "source": "real:osm", "confidence": 1.0, "attribution": "© OpenStreetMap contributors" }, "geometry": { "type": "LineString", "coordinates": [ [ 78.464298, 17.3714556 ], [ 78.464379, 17.371494 ] ] } },
{ "type": "Feature", "properties": { "road_id": "OSM-WAY-363726503", "road_name": "Churi Bazaar Road", "road_class": "tertiary", "source": "real:osm", "confidence": 1.0, "attribution": "© OpenStreetMap contributors" }, "geometry": { "type": "LineString", "coordinates": [ [ 78.4687013, 17.3734224 ], [ 78.4691084, 17.3735471 ], [ 78.469444, 17.3736286 ], [ 78.4696826, 17.3736817 ], [ 78.4700975, 17.3737632 ], [ 78.470343, 17.3738214 ], [ 78.4703856, 17.3738315 ], [ 78.4703994, 17.3738339 ], [ 78.4707278, 17.3738914 ], [ 78.471367, 17.3741209 ], [ 78.4717416, 17.3742699 ], [ 78.4717619, 17.3742778 ], [ 78.4719852, 17.374353 ], [ 78.4723272, 17.3745474 ], [ 78.4724071, 17.3745928 ], [ 78.4728046, 17.3746644 ], [ 78.4733861, 17.374821 ], [ 78.473574, 17.3749411 ], [ 78.4742665, 17.3753905 ], [ 78.4742774, 17.3753976 ], [ 78.4747025, 17.3756735 ], [ 78.4749718, 17.3758285 ], [ 78.4750417, 17.3759233 ] ] } },
{ "type": "Feature", "properties": { "road_id": "OSM-WAY-375634686", "road_name": "mir alam mandi", "road_class": "trunk", "source": "real:osm", "confidence": 1.0, "attribution": "© OpenStreetMap contributors" }, "geometry": { "type": "LineString", "coordinates": [ [ 78.4761937, 17.3686639 ], [ 78.4761251, 17.3685155 ], [ 78.4760724, 17.368355 ], [ 78.476023, 17.3681426 ], [ 78.4759184, 17.3675984 ], [ 78.4758946, 17.3674751 ], [ 78.4757113, 17.3665979 ], [ 78.4755628, 17.3659583 ], [ 78.4754485, 17.365319 ], [ 78.4753242, 17.3646235 ], [ 78.4753903, 17.3644933 ], [ 78.4753944, 17.3644218 ], [ 78.4753877, 17.3643607 ], [ 78.4753637, 17.3643069 ], [ 78.4753217, 17.3642528 ], [ 78.4752604, 17.3641939 ], [ 78.4752417, 17.364176 ], [ 78.4752285, 17.3641546 ], [ 78.4752118, 17.3641108 ], [ 78.4751593, 17.3638479 ], [ 78.4750825, 17.3634667 ] ] } },
{ "type": "Feature", "properties": { "road_id": "OSM-WAY-375634700", "road_name": "uppuguda", "road_class": "trunk", "source": "real:osm", "confidence": 1.0, "attribution": "© OpenStreetMap contributors" }, "geometry": { "type": "LineString", "coordinates": [ [ 78.4760695, 17.3686992 ], [ 78.4761124, 17.3687823 ] ] } },
{ "type": "Feature", "properties": { "road_id": "OSM-WAY-375787207", "road_name": "High Court Road", "road_class": "trunk", "source": "real:osm", "confidence": 1.0, "attribution": "© OpenStreetMap contributors" }, "geometry": { "type": "LineString", "coordinates": [ [ 78.4757972, 17.3687359 ], [ 78.4751704, 17.3686477 ], [ 78.4751282, 17.3686418 ], [ 78.4743205, 17.3685598 ], [ 78.4739197, 17.3685595 ], [ 78.4734298, 17.3685489 ], [ 78.4733353, 17.3685469 ], [ 78.472868, 17.3685368 ], [ 78.4719098, 17.3684413 ], [ 78.4716304, 17.3683864 ], [ 78.4713731, 17.3683532 ], [ 78.4712719, 17.3683391 ], [ 78.4708322, 17.3682845 ], [ 78.470237, 17.3682106 ], [ 78.4690163, 17.368059 ], [ 78.4687455, 17.3680202 ] ] } },
{ "type": "Feature", "properties": { "road_id": "OSM-WAY-375787209", "road_name": "High Court Road", "road_class": "trunk", "source": "real:osm", "confidence": 1.0, "attribution": "© OpenStreetMap contributors" }, "geometry": { "type": "LineString", "coordinates": [ [ 78.4685496, 17.3679801 ], [ 78.468248, 17.3679468 ] ] } },
{ "type": "Feature", "properties": { "road_id": "OSM-WAY-375787210", "road_name": "Malakunta Road", "road_class": "primary", "source": "real:osm", "confidence": 1.0, "attribution": "© OpenStreetMap contributors" }, "geometry": { "type": "LineString", "coordinates": [ [ 78.4693742, 17.375561 ], [ 78.4695773, 17.3759121 ], [ 78.4696377, 17.3760031 ], [ 78.4697377, 17.3761538 ], [ 78.4697808, 17.3762338 ], [ 78.4697949, 17.3762515 ], [ 78.4701011, 17.3766341 ], [ 78.4704405, 17.3769139 ], [ 78.4704718, 17.3769387 ], [ 78.4708046, 17.3770599 ], [ 78.4708924, 17.3770979 ], [ 78.4710187, 17.3771605 ], [ 78.4711305, 17.3772226 ], [ 78.4713938, 17.3774257 ], [ 78.471432, 17.3775899 ], [ 78.471508, 17.3780626 ], [ 78.4715808, 17.3786401 ], [ 78.4718729, 17.3802238 ], [ 78.4720105, 17.3804438 ], [ 78.4722414, 17.3807898 ], [ 78.472379, 17.3813433 ], [ 78.472397, 17.3814059 ], [ 78.4724474, 17.3816967 ], [ 78.4724918, 17.3819855 ] ] } },
{ "type": "Feature", "properties": { "road_id": "OSM-WAY-375787212", "road_name": "", "road_class": "trunk", "source": "real:osm", "confidence": 1.0, "attribution": "© OpenStreetMap contributors" }, "geometry": { "type": "LineString", "coordinates": [ [ 78.4764028, 17.3703412 ], [ 78.4763859, 17.3705032 ] ] } },
{ "type": "Feature", "properties": { "road_id": "OSM-WAY-375787213", "road_name": "عدالتِ عالیہ شاہراہ", "road_class": "trunk_link", "source": "real:osm", "confidence": 1.0, "attribution": "© OpenStreetMap contributors" }, "geometry": { "type": "LineString", "coordinates": [ [ 78.4685496, 17.3679801 ], [ 78.4686984, 17.3683367 ], [ 78.4687038, 17.36845 ] ] } },
{ "type": "Feature", "properties": { "road_id": "OSM-WAY-375787214", "road_name": "", "road_class": "trunk", "source": "real:osm", "confidence": 1.0, "attribution": "© OpenStreetMap contributors" }, "geometry": { "type": "LineString", "coordinates": [ [ 78.4764096, 17.3702604 ], [ 78.4764028, 17.3703412 ] ] } },
{ "type": "Feature", "properties": { "road_id": "OSM-WAY-375787215", "road_name": "", "road_class": "trunk", "source": "real:osm", "confidence": 1.0, "attribution": "© OpenStreetMap contributors" }, "geometry": { "type": "LineString", "coordinates": [ [ 78.4763451, 17.369175 ], [ 78.4763795, 17.3697399 ], [ 78.4763896, 17.3699145 ], [ 78.4764096, 17.3702604 ] ] } },
{ "type": "Feature", "properties": { "road_id": "OSM-WAY-375787216", "road_name": "", "road_class": "trunk", "source": "real:osm", "confidence": 1.0, "attribution": "© OpenStreetMap contributors" }, "geometry": { "type": "LineString", "coordinates": [ [ 78.4765327, 17.3691407 ], [ 78.4764787, 17.369063 ], [ 78.4763341, 17.3688834 ], [ 78.4762826, 17.3688105 ] ] } },
{ "type": "Feature", "properties": { "road_id": "OSM-WAY-375787218", "road_name": "", "road_class": "trunk", "source": "real:osm", "confidence": 1.0, "attribution": "© OpenStreetMap contributors" }, "geometry": { "type": "LineString", "coordinates": [ [ 78.4761124, 17.3687823 ], [ 78.4762083, 17.3688976 ], [ 78.4762877, 17.3690018 ], [ 78.4763208, 17.369065 ], [ 78.4763451, 17.369175 ] ] } },
{ "type": "Feature", "properties": { "road_id": "OSM-WAY-375787223", "road_name": "High Court Road", "road_class": "trunk", "source": "real:osm", "confidence": 1.0, "attribution": "© OpenStreetMap contributors" }, "geometry": { "type": "LineString", "coordinates": [ [ 78.4687038, 17.36845 ], [ 78.4687399, 17.368525 ], [ 78.4689047, 17.3689352 ], [ 78.4689536, 17.3689955 ], [ 78.4690149, 17.3690438 ] ] } },
{ "type": "Feature", "properties": { "road_id": "OSM-WAY-375787225", "road_name": "High Court Road", "road_class": "trunk", "source": "real:osm", "confidence": 1.0, "attribution": "© OpenStreetMap contributors" }, "geometry": { "type": "LineString", "coordinates": [ [ 78.4682041, 17.368021 ], [ 78.4683919, 17.3680711 ], [ 78.4685058, 17.368156 ], [ 78.4686165, 17.3683038 ], [ 78.4687038, 17.36845 ] ] } },
{ "type": "Feature", "properties": { "road_id": "OSM-WAY-375787227", "road_name": "", "road_class": "trunk_link", "source": "real:osm", "confidence": 1.0, "attribution": "© OpenStreetMap contributors" }, "geometry": { "type": "LineString", "coordinates": [ [ 78.4765327, 17.3691407 ], [ 78.4764989, 17.3691048 ], [ 78.4764509, 17.3690894 ], [ 78.4764012, 17.3690985 ], [ 78.4763626, 17.3691297 ], [ 78.4763451, 17.369175 ] ] } },
{ "type": "Feature", "properties": { "road_id": "OSM-WAY-375787229", "road_name": "", "road_class": "trunk_link", "source": "real:osm", "confidence": 1.0, "attribution": "© OpenStreetMap contributors" }, "geometry": { "type": "LineString", "coordinates": [ [ 78.476123, 17.3703957 ], [ 78.4761931, 17.3704168 ], [ 78.4762323, 17.3704366 ], [ 78.4762725, 17.3704619 ], [ 78.4762993, 17.3704965 ], [ 78.4763141, 17.3705381 ], [ 78.4763315, 17.3705912 ], [ 78.4763342, 17.3706402 ], [ 78.4763312, 17.3707 ], [ 78.4763228, 17.3707941 ] ] } },
{ "type": "Feature", "properties": { "road_id": "OSM-WAY-375787230", "road_name": "", "road_class": "trunk", "source": "real:osm", "confidence": 1.0, "attribution": "© OpenStreetMap contributors" }, "geometry": { "type": "LineString", "coordinates": [ [ 78.4769655, 17.3706213 ], [ 78.4770062, 17.3705298 ], [ 78.4770342, 17.3704475 ], [ 78.4770456, 17.3704142 ], [ 78.4770712, 17.3703092 ] ] } },
{ "type": "Feature", "properties": { "road_id": "OSM-WAY-375787231", "road_name": "Salar Jung Road", "road_class": "secondary", "source": "real:osm", "confidence": 1.0, "attribution": "© OpenStreetMap contributors" }, "geometry": { "type": "LineString", "coordinates": [ [ 78.4770062, 17.3705298 ], [ 78.4771631, 17.3706454 ], [ 78.4779076, 17.3711943 ], [ 78.4781024, 17.3713211 ], [ 78.4790132, 17.3716557 ], [ 78.4795127, 17.3717961 ], [ 78.4797705, 17.3718686 ], [ 78.4805799, 17.3722215 ], [ 78.4813426, 17.3725376 ], [ 78.4817486, 17.3727746 ], [ 78.4823679, 17.3732405 ] ] } },
{ "type": "Feature", "properties": { "road_id": "OSM-WAY-375787239", "road_name": "", "road_class": "primary", "source": "real:osm", "confidence": 1.0, "attribution": "© OpenStreetMap contributors" }, "geometry": { "type": "LineString", "coordinates": [ [ 78.4684322, 17.3676816 ], [ 78.4680363, 17.3667566 ], [ 78.4677767, 17.3663997 ], [ 78.4676195, 17.3661665 ], [ 78.4675314, 17.3659191 ], [ 78.4674689, 17.3657553 ], [ 78.4673436, 17.3653222 ], [ 78.4671833, 17.3650239 ], [ 78.4671523, 17.3649661 ], [ 78.4666951, 17.3641685 ], [ 78.4665886, 17.3639526 ], [ 78.466503, 17.363562 ] ] } },
{ "type": "Feature", "properties": { "road_id": "OSM-WAY-375787240", "road_name": "", "road_class": "secondary", "source": "real:osm", "confidence": 1.0, "attribution": "© OpenStreetMap contributors" }, "geometry": { "type": "LineString", "coordinates": [ [ 78.4689798, 17.3713885 ], [ 78.4688644, 17.3713959 ] ] } },
{ "type": "Feature", "properties": { "road_id": "OSM-WAY-375787241", "road_name": "", "road_class": "secondary", "source": "real:osm", "confidence": 1.0, "attribution": "© OpenStreetMap contributors" }, "geometry": { "type": "LineString", "coordinates": [ [ 78.4688644, 17.3713959 ], [ 78.4686298, 17.3713912 ] ] } },
{ "type": "Feature", "properties": { "road_id": "OSM-WAY-375787242", "road_name": "", "road_class": "residential", "source": "real:osm", "confidence": 1.0, "attribution": "© OpenStreetMap contributors" }, "geometry": { "type": "LineString", "coordinates": [ [ 78.469231, 17.3713738 ], [ 78.4692783, 17.3714184 ], [ 78.4693655, 17.3714479 ], [ 78.4702499, 17.3715493 ], [ 78.4704527, 17.3715739 ], [ 78.4711119, 17.3716537 ] ] } },
{ "type": "Feature", "properties": { "road_id": "OSM-WAY-375787243", "road_name": "", "road_class": "secondary", "source": "real:osm", "confidence": 1.0, "attribution": "© OpenStreetMap contributors" }, "geometry": { "type": "LineString", "coordinates": [ [ 78.4622594, 17.3707137 ], [ 78.4621233, 17.3706491 ], [ 78.4617734, 17.37053 ], [ 78.4616027, 17.370465 ], [ 78.4614621, 17.3704163 ], [ 78.4612743, 17.3703569 ], [ 78.4609852, 17.3702653 ], [ 78.4606684, 17.3700779 ], [ 78.4605154, 17.3699913 ], [ 78.4603147, 17.3698776 ], [ 78.4601881, 17.3698253 ], [ 78.4598888, 17.369671 ], [ 78.4597773, 17.3696242 ], [ 78.4597092, 17.3696015 ], [ 78.4593342, 17.3694763 ], [ 78.459228, 17.3694456 ], [ 78.4591926, 17.3694353 ], [ 78.4588893, 17.3693251 ], [ 78.4587328, 17.3692848 ], [ 78.4585591, 17.3692397 ], [ 78.4585368, 17.3692339 ] ] } },
{ "type": "Feature", "properties": { "road_id": "OSM-WAY-375787245", "road_name": "", "road_class": "primary", "source": "real:osm", "confidence": 1.0, "attribution": "© OpenStreetMap contributors" }, "geometry": { "type": "LineString", "coordinates": [ [ 78.4687941, 17.368128 ], [ 78.4687754, 17.3680876 ], [ 78.4687455, 17.3680202 ] ] } },
{ "type": "Feature", "properties": { "road_id": "OSM-WAY-375787247", "road_name": "", "road_class": "primary_link", "source": "real:osm", "confidence": 1.0, "attribution": "© OpenStreetMap contributors" }, "geometry": { "type": "LineString", "coordinates": [ [ 78.4684322, 17.3676816 ], [ 78.4684398, 17.3677448 ], [ 78.468441, 17.3677998 ], [ 78.4684289, 17.3678575 ], [ 78.4683878, 17.3679051 ], [ 78.468345, 17.3679311 ], [ 78.468248, 17.3679468 ] ] } },
{ "type": "Feature", "properties": { "road_id": "OSM-WAY-375787248", "road_name": "مدینہ چوراہا", "road_class": "trunk_link", "source": "real:osm", "confidence": 1.0, "attribution": "© OpenStreetMap contributors" }, "geometry": { "type": "LineString", "coordinates": [ [ 78.4759934, 17.3684753 ], [ 78.4760058, 17.368537 ], [ 78.475997, 17.3685992 ], [ 78.4759678, 17.3686554 ], [ 78.4759213, 17.3686997 ], [ 78.4758623, 17.3687276 ], [ 78.4757972, 17.3687359 ] ] } },
{ "type": "Feature", "properties": { "road_id": "OSM-WAY-391160211", "road_name": "", "road_class": "tertiary", "source": "real:osm", "confidence": 1.0, "attribution": "© OpenStreetMap contributors" }, "geometry": { "type": "LineString", "coordinates": [ [ 78.4779592, 17.3842049 ], [ 78.4779615, 17.3839647 ], [ 78.4780444, 17.3832301 ] ] } },
{ "type": "Feature", "properties": { "road_id": "OSM-WAY-394866654", "road_name": "", "road_class": "residential", "source": "real:osm", "confidence": 1.0, "attribution": "© OpenStreetMap contributors" }, "geometry": { "type": "LineString", "coordinates": [ [ 78.4697309, 17.3806711 ], [ 78.4699383, 17.3806489 ], [ 78.471379, 17.3804044 ] ] } },
{ "type": "Feature", "properties": { "road_id": "OSM-WAY-394866656", "road_name": "", "road_class": "service", "source": "real:osm", "confidence": 1.0, "attribution": "© OpenStreetMap contributors" }, "geometry": { "type": "LineString", "coordinates": [ [ 78.4705873, 17.3849311 ], [ 78.4711516, 17.3848584 ] ] } },
{ "type": "Feature", "properties": { "road_id": "OSM-WAY-394866658", "road_name": "", "road_class": "service", "source": "real:osm", "confidence": 1.0, "attribution": "© OpenStreetMap contributors" }, "geometry": { "type": "LineString", "coordinates": [ [ 78.4711576, 17.3848814 ], [ 78.4712716, 17.384864 ], [ 78.4713926, 17.3848413 ], [ 78.4715432, 17.3848127 ], [ 78.4716724, 17.3847862 ], [ 78.4719005, 17.3847436 ] ] } },
{ "type": "Feature", "properties": { "road_id": "OSM-WAY-397017027", "road_name": "", "road_class": "residential", "source": "real:osm", "confidence": 1.0, "attribution": "© OpenStreetMap contributors" }, "geometry": { "type": "LineString", "coordinates": [ [ 78.4670481, 17.3769957 ], [ 78.4669786, 17.3765225 ] ] } },
{ "type": "Feature", "properties": { "road_id": "OSM-WAY-397574293", "road_name": "", "road_class": "residential", "source": "real:osm", "confidence": 1.0, "attribution": "© OpenStreetMap contributors" }, "geometry": { "type": "LineString", "coordinates": [ [ 78.4564108, 17.3722622 ], [ 78.4565176, 17.3724892 ] ] } },
{ "type": "Feature", "properties": { "road_id": "OSM-WAY-397574295", "road_name": "", "road_class": "residential", "source": "real:osm", "confidence": 1.0, "attribution": "© OpenStreetMap contributors" }, "geometry": { "type": "LineString", "coordinates": [ [ 78.4591109, 17.3777478 ], [ 78.4590913, 17.3780505 ] ] } },
{ "type": "Feature", "properties": { "road_id": "OSM-WAY-397574296", "road_name": "", "road_class": "residential", "source": "real:osm", "confidence": 1.0, "attribution": "© OpenStreetMap contributors" }, "geometry": { "type": "LineString", "coordinates": [ [ 78.4638195, 17.3842191 ], [ 78.4639877, 17.3839914 ], [ 78.4641525, 17.3836521 ] ] } },
{ "type": "Feature", "properties": { "road_id": "OSM-WAY-397574303", "road_name": "", "road_class": "residential", "source": "real:osm", "confidence": 1.0, "attribution": "© OpenStreetMap contributors" }, "geometry": { "type": "LineString", "coordinates": [ [ 78.4777439, 17.3805477 ], [ 78.4774983, 17.3801548 ] ] } },
{ "type": "Feature", "properties": { "road_id": "OSM-WAY-400953100", "road_name": "", "road_class": "residential", "source": "real:osm", "confidence": 1.0, "attribution": "© OpenStreetMap contributors" }, "geometry": { "type": "LineString", "coordinates": [ [ 78.4669275, 17.3654801 ], [ 78.4667841, 17.365163 ] ] } },
{ "type": "Feature", "properties": { "road_id": "OSM-WAY-400953101", "road_name": "", "road_class": "residential", "source": "real:osm", "confidence": 1.0, "attribution": "© OpenStreetMap contributors" }, "geometry": { "type": "LineString", "coordinates": [ [ 78.470302, 17.3659585 ], [ 78.4706031, 17.365851 ], [ 78.471032, 17.3656979 ] ] } },
{ "type": "Feature", "properties": { "road_id": "OSM-WAY-400953102", "road_name": "", "road_class": "residential", "source": "real:osm", "confidence": 1.0, "attribution": "© OpenStreetMap contributors" }, "geometry": { "type": "LineString", "coordinates": [ [ 78.4807897, 17.3656659 ], [ 78.4812247, 17.3656102 ], [ 78.481277, 17.3656051 ], [ 78.4816074, 17.3655726 ], [ 78.4816853, 17.3655649 ], [ 78.4819363, 17.3655411 ], [ 78.4823035, 17.3654957 ], [ 78.482323, 17.365906 ], [ 78.4823304, 17.3661429 ], [ 78.4823579, 17.366347 ] ] } },
{ "type": "Feature", "properties": { "road_id": "OSM-WAY-416846596", "road_name": "", "road_class": "residential", "source": "real:osm", "confidence": 1.0, "attribution": "© OpenStreetMap contributors" }, "geometry": { "type": "LineString", "coordinates": [ [ 78.4597773, 17.3696242 ], [ 78.4597386, 17.3690423 ] ] } },
{ "type": "Feature", "properties": { "road_id": "OSM-WAY-416846600", "road_name": "", "road_class": "residential", "source": "real:osm", "confidence": 1.0, "attribution": "© OpenStreetMap contributors" }, "geometry": { "type": "LineString", "coordinates": [ [ 78.4589282, 17.3751394 ], [ 78.4589172, 17.3749354 ], [ 78.4589084, 17.3745871 ] ] } },
{ "type": "Feature", "properties": { "road_id": "OSM-WAY-416867111", "road_name": "", "road_class": "residential", "source": "real:osm", "confidence": 1.0, "attribution": "© OpenStreetMap contributors" }, "geometry": { "type": "LineString", "coordinates": [ [ 78.4553228, 17.3711635 ], [ 78.4557574, 17.3713224 ], [ 78.4558526, 17.3713385 ], [ 78.455981, 17.3713621 ] ] } },
{ "type": "Feature", "properties": { "road_id": "OSM-WAY-416867134", "road_name": "", "road_class": "residential", "source": "real:osm", "confidence": 1.0, "attribution": "© OpenStreetMap contributors" }, "geometry": { "type": "LineString", "coordinates": [ [ 78.4558852, 17.3741462 ], [ 78.4558723, 17.3740879 ], [ 78.4558504, 17.3739696 ], [ 78.4558363, 17.3737449 ], [ 78.455853, 17.3736291 ] ] } },
{ "type": "Feature", "properties": { "road_id": "OSM-WAY-416957557", "road_name": "", "road_class": "living_street", "source": "real:osm", "confidence": 1.0, "attribution": "© OpenStreetMap contributors" }, "geometry": { "type": "LineString", "coordinates": [ [ 78.4827914, 17.3843862 ], [ 78.4830401, 17.3847278 ], [ 78.4830815, 17.3847637 ], [ 78.4831531, 17.3848734 ], [ 78.4831871, 17.3848928 ], [ 78.4832217, 17.3848836 ], [ 78.4834063, 17.3847473 ] ] } },
{ "type": "Feature", "properties": { "road_id": "OSM-WAY-417192323", "road_name": "", "road_class": "residential", "source": "real:osm", "confidence": 1.0, "attribution": "© OpenStreetMap contributors" }, "geometry": { "type": "LineString", "coordinates": [ [ 78.483714, 17.3740873 ], [ 78.4838934, 17.3739289 ], [ 78.4840894, 17.3738135 ], [ 78.4844874, 17.3737703 ], [ 78.4845045, 17.3738497 ], [ 78.4848989, 17.3738139 ], [ 78.4849185, 17.3739253 ], [ 78.4850151, 17.3739146 ] ] } },
{ "type": "Feature", "properties": { "road_id": "OSM-WAY-417192328", "road_name": "sbh road", "road_class": "residential", "source": "real:osm", "confidence": 1.0, "attribution": "© OpenStreetMap contributors" }, "geometry": { "type": "LineString", "coordinates": [ [ 78.4839269, 17.3683524 ], [ 78.4838445, 17.3680957 ], [ 78.4837337, 17.3677722 ], [ 78.4836235, 17.367453 ] ] } },
{ "type": "Feature", "properties": { "road_id": "OSM-WAY-418954123", "road_name": "", "road_class": "tertiary", "source": "real:osm", "confidence": 1.0, "attribution": "© OpenStreetMap contributors" }, "geometry": { "type": "LineString", "coordinates": [ [ 78.4622871, 17.3708405 ], [ 78.4623778, 17.3712564 ], [ 78.4624293, 17.3716829 ], [ 78.4624376, 17.3723396 ], [ 78.4624587, 17.3727868 ], [ 78.4625262, 17.3732675 ], [ 78.4625678, 17.3736285 ], [ 78.4625946, 17.3738 ], [ 78.4626442, 17.3741699 ], [ 78.4626845, 17.3745103 ], [ 78.4627435, 17.3749301 ], [ 78.4629792, 17.3756469 ], [ 78.4631397, 17.3762006 ], [ 78.46321, 17.376446 ], [ 78.4632189, 17.3764877 ], [ 78.4634894, 17.3772224 ], [ 78.4637404, 17.3778026 ] ] } },
{ "type": "Feature", "properties": { "road_id": "OSM-WAY-418969443", "road_name": "", "road_class": "residential", "source": "real:osm", "confidence": 1.0, "attribution": "© OpenStreetMap contributors" }, "geometry": { "type": "LineString", "coordinates": [ [ 78.4588422, 17.3820294 ], [ 78.4595076, 17.3819005 ] ] } },
{ "type": "Feature", "properties": { "road_id": "OSM-WAY-419147158", "road_name": "", "road_class": "residential", "source": "real:osm", "confidence": 1.0, "attribution": "© OpenStreetMap contributors" }, "geometry": { "type": "LineString", "coordinates": [ [ 78.4603892, 17.3852386 ], [ 78.4603507, 17.3851173 ], [ 78.4603577, 17.3850108 ], [ 78.4604751, 17.3846587 ], [ 78.4605246, 17.3844871 ], [ 78.4605521, 17.3843462 ], [ 78.4605148, 17.3842045 ], [ 78.4604488, 17.3841402 ], [ 78.4603458, 17.3840889 ] ] } },
{ "type": "Feature", "properties": { "road_id": "OSM-WAY-419159317", "road_name": "", "road_class": "residential", "source": "real:osm", "confidence": 1.0, "attribution": "© OpenStreetMap contributors" }, "geometry": { "type": "LineString", "coordinates": [ [ 78.4715763, 17.3726224 ], [ 78.472272, 17.37264 ], [ 78.4724591, 17.3726562 ], [ 78.4726371, 17.3726906 ], [ 78.4726737, 17.3727085 ], [ 78.4726898, 17.3727274 ], [ 78.4726992, 17.3727546 ], [ 78.4726995, 17.372802 ], [ 78.4726383, 17.3732545 ] ] } },
{ "type": "Feature", "properties": { "road_id": "OSM-WAY-419189067", "road_name": "", "road_class": "residential", "source": "real:osm", "confidence": 1.0, "attribution": "© OpenStreetMap contributors" }, "geometry": { "type": "LineString", "coordinates": [ [ 78.4836495, 17.3810972 ], [ 78.4834419, 17.3806335 ] ] } },
{ "type": "Feature", "properties": { "road_id": "OSM-WAY-419189068", "road_name": "", "road_class": "residential", "source": "real:osm", "confidence": 1.0, "attribution": "© OpenStreetMap contributors" }, "geometry": { "type": "LineString", "coordinates": [ [ 78.4767346, 17.3833944 ], [ 78.4768786, 17.3842851 ], [ 78.4769083, 17.3844812 ] ] } },
{ "type": "Feature", "properties": { "road_id": "OSM-WAY-419189069", "road_name": "", "road_class": "residential", "source": "real:osm", "confidence": 1.0, "attribution": "© OpenStreetMap contributors" }, "geometry": { "type": "LineString", "coordinates": [ [ 78.4804857, 17.3806948 ], [ 78.4807499, 17.3805064 ] ] } },
{ "type": "Feature", "properties": { "road_id": "OSM-WAY-419189071", "road_name": "", "road_class": "residential", "source": "real:osm", "confidence": 1.0, "attribution": "© OpenStreetMap contributors" }, "geometry": { "type": "LineString", "coordinates": [ [ 78.4818571, 17.3799245 ], [ 78.4815779, 17.3800446 ], [ 78.4813048, 17.3801161 ], [ 78.4812286, 17.380139 ], [ 78.4812101, 17.380139 ], [ 78.4811947, 17.380132 ], [ 78.4811746, 17.3801113 ] ] } },
{ "type": "Feature", "properties": { "road_id": "OSM-WAY-419194402", "road_name": "", "road_class": "residential", "source": "real:osm", "confidence": 1.0, "attribution": "© OpenStreetMap contributors" }, "geometry": { "type": "LineString", "coordinates": [ [ 78.4751027, 17.3660435 ], [ 78.4752106, 17.3663788 ], [ 78.4756078, 17.3676794 ] ] } },
{ "type": "Feature", "properties": { "road_id": "OSM-WAY-419212097", "road_name": "", "road_class": "residential", "source": "real:osm", "confidence": 1.0, "attribution": "© OpenStreetMap contributors" }, "geometry": { "type": "LineString", "coordinates": [ [ 78.4819363, 17.3655411 ], [ 78.4819212, 17.3653917 ], [ 78.4818427, 17.3645279 ], [ 78.4818344, 17.3643111 ], [ 78.4818848, 17.364074 ] ] } },
{ "type": "Feature", "properties": { "road_id": "OSM-WAY-419239406", "road_name": "", "road_class": "residential", "source": "real:osm", "confidence": 1.0, "attribution": "© OpenStreetMap contributors" }, "geometry": { "type": "LineString", "coordinates": [ [ 78.4627389, 17.3671321 ], [ 78.4626437, 17.366649 ], [ 78.4626212, 17.366538 ], [ 78.4624983, 17.3661078 ], [ 78.4626609, 17.3660503 ], [ 78.4628272, 17.3660195 ], [ 78.462978, 17.3659494 ], [ 78.4631595, 17.3659158 ] ] } },
{ "type": "Feature", "properties": { "road_id": "OSM-WAY-419836742", "road_name": "", "road_class": "residential", "source": "real:osm", "confidence": 1.0, "attribution": "© OpenStreetMap contributors" }, "geometry": { "type": "LineString", "coordinates": [ [ 78.473106, 17.3676497 ], [ 78.472638, 17.3677795 ] ] } },
{ "type": "Feature", "properties": { "road_id": "OSM-WAY-420454513", "road_name": "", "road_class": "residential", "source": "real:osm", "confidence": 1.0, "attribution": "© OpenStreetMap contributors" }, "geometry": { "type": "LineString", "coordinates": [ [ 78.4730531, 17.3655416 ], [ 78.4728209, 17.3655422 ], [ 78.4725909, 17.3654066 ] ] } },
{ "type": "Feature", "properties": { "road_id": "OSM-WAY-420454518", "road_name": "", "road_class": "residential", "source": "real:osm", "confidence": 1.0, "attribution": "© OpenStreetMap contributors" }, "geometry": { "type": "LineString", "coordinates": [ [ 78.4726949, 17.3661036 ], [ 78.4731429, 17.3660007 ] ] } },
{ "type": "Feature", "properties": { "road_id": "OSM-WAY-420457076", "road_name": "", "road_class": "residential", "source": "real:osm", "confidence": 1.0, "attribution": "© OpenStreetMap contributors" }, "geometry": { "type": "LineString", "coordinates": [ [ 78.4807324, 17.3685301 ], [ 78.4808287, 17.3689492 ], [ 78.4809056, 17.3692838 ] ] } },
{ "type": "Feature", "properties": { "road_id": "OSM-WAY-420457830", "road_name": "", "road_class": "residential", "source": "real:osm", "confidence": 1.0, "attribution": "© OpenStreetMap contributors" }, "geometry": { "type": "LineString", "coordinates": [ [ 78.4844455, 17.3682009 ], [ 78.4843575, 17.3679167 ], [ 78.4843438, 17.3678047 ], [ 78.4842698, 17.3675877 ], [ 78.4841728, 17.3673503 ], [ 78.4841335, 17.3673008 ] ] } },
{ "type": "Feature", "properties": { "road_id": "OSM-WAY-420465724", "road_name": "", "road_class": "residential", "source": "real:osm", "confidence": 1.0, "attribution": "© OpenStreetMap contributors" }, "geometry": { "type": "LineString", "coordinates": [ [ 78.4765862, 17.3687811 ], [ 78.4763775, 17.3682839 ] ] } },
{ "type": "Feature", "properties": { "road_id": "OSM-WAY-420465728", "road_name": "", "road_class": "residential", "source": "real:osm", "confidence": 1.0, "attribution": "© OpenStreetMap contributors" }, "geometry": { "type": "LineString", "coordinates": [ [ 78.4768948, 17.3686861 ], [ 78.4766953, 17.368088 ], [ 78.476987, 17.3680183 ] ] } },
{ "type": "Feature", "properties": { "road_id": "OSM-WAY-420465731", "road_name": "", "road_class": "residential", "source": "real:osm", "confidence": 1.0, "attribution": "© OpenStreetMap contributors" }, "geometry": { "type": "LineString", "coordinates": [ [ 78.4772816, 17.3685595 ], [ 78.4771795, 17.368289 ] ] } },
{ "type": "Feature", "properties": { "road_id": "OSM-WAY-420465732", "road_name": "", "road_class": "service", "source": "real:osm", "confidence": 1.0, "attribution": "© OpenStreetMap contributors" }, "geometry": { "type": "LineString", "coordinates": [ [ 78.4717936, 17.3711817 ], [ 78.4717569, 17.3717531 ] ] } },
{ "type": "Feature", "properties": { "road_id": "OSM-WAY-420465736", "road_name": "", "road_class": "residential", "source": "real:osm", "confidence": 1.0, "attribution": "© OpenStreetMap contributors" }, "geometry": { "type": "LineString", "coordinates": [ [ 78.4693591, 17.3713541 ], [ 78.4693951, 17.3712428 ], [ 78.4694353, 17.3711183 ], [ 78.4694788, 17.3709858 ] ] } },
{ "type": "Feature", "properties": { "road_id": "OSM-WAY-420465739", "road_name": "", "road_class": "residential", "source": "real:osm", "confidence": 1.0, "attribution": "© OpenStreetMap contributors" }, "geometry": { "type": "LineString", "coordinates": [ [ 78.4653114, 17.3706687 ], [ 78.4648373, 17.3705891 ], [ 78.464561, 17.3704329 ] ] } },
{ "type": "Feature", "properties": { "road_id": "OSM-WAY-420465740", "road_name": "", "road_class": "residential", "source": "real:osm", "confidence": 1.0, "attribution": "© OpenStreetMap contributors" }, "geometry": { "type": "LineString", "coordinates": [ [ 78.4763896, 17.3699145 ], [ 78.4754669, 17.3698928 ], [ 78.475185, 17.3696467 ] ] } },
{ "type": "Feature", "properties": { "road_id": "OSM-WAY-420465745", "road_name": "", "road_class": "residential", "source": "real:osm", "confidence": 1.0, "attribution": "© OpenStreetMap contributors" }, "geometry": { "type": "LineString", "coordinates": [ [ 78.4719224, 17.3652627 ], [ 78.4721275, 17.3651416 ], [ 78.4722375, 17.3651566 ], [ 78.4726172, 17.3651578 ], [ 78.4727116, 17.3652091 ] ] } },
{ "type": "Feature", "properties": { "road_id": "OSM-WAY-420485191", "road_name": "", "road_class": "residential", "source": "real:osm", "confidence": 1.0, "attribution": "© OpenStreetMap contributors" }, "geometry": { "type": "LineString", "coordinates": [ [ 78.4848729, 17.3710405 ], [ 78.4849639, 17.3710125 ], [ 78.4850262, 17.3709433 ], [ 78.4850415, 17.3708533 ], [ 78.4850064, 17.37077 ], [ 78.4849314, 17.3707158 ], [ 78.4848379, 17.3707062 ], [ 78.4847524, 17.3707437 ], [ 78.4846967, 17.3708262 ], [ 78.4846986, 17.3709244 ], [ 78.4847402, 17.3709899 ], [ 78.4848079, 17.3710311 ], [ 78.4848729, 17.3710405 ] ] } },
{ "type": "Feature", "properties": { "road_id": "OSM-WAY-420485194", "road_name": "", "road_class": "residential", "source": "real:osm", "confidence": 1.0, "attribution": "© OpenStreetMap contributors" }, "geometry": { "type": "LineString", "coordinates": [ [ 78.4847524, 17.3707437 ], [ 78.4846423, 17.3704728 ] ] } },
{ "type": "Feature", "properties": { "road_id": "OSM-WAY-420485195", "road_name": "", "road_class": "service", "source": "real:osm", "confidence": 1.0, "attribution": "© OpenStreetMap contributors" }, "geometry": { "type": "LineString", "coordinates": [ [ 78.478044, 17.3704772 ], [ 78.4780912, 17.3704739 ], [ 78.478834, 17.370416 ] ] } },
{ "type": "Feature", "properties": { "road_id": "OSM-WAY-420485202", "road_name": "", "road_class": "residential", "source": "real:osm", "confidence": 1.0, "attribution": "© OpenStreetMap contributors" }, "geometry": { "type": "LineString", "coordinates": [ [ 78.4798084, 17.3680023 ], [ 78.4801789, 17.3679114 ], [ 78.4801306, 17.3676618 ] ] } },
{ "type": "Feature", "properties": { "road_id": "OSM-WAY-420485204", "road_name": "", "road_class": "residential", "source": "real:osm", "confidence": 1.0, "attribution": "© OpenStreetMap contributors" }, "geometry": { "type": "LineString", "coordinates": [ [ 78.4810952, 17.3645932 ], [ 78.4811384, 17.3649668 ], [ 78.4812414, 17.3650203 ], [ 78.4812847, 17.365464 ] ] } },
{ "type": "Feature", "properties": { "road_id": "OSM-WAY-420485205", "road_name": "", "road_class": "residential", "source": "real:osm", "confidence": 1.0, "attribution": "© OpenStreetMap contributors" }, "geometry": { "type": "LineString", "coordinates": [ [ 78.4770488, 17.3656954 ], [ 78.4770568, 17.3659166 ], [ 78.477036, 17.3659601 ], [ 78.4771125, 17.3662278 ] ] } },
{ "type": "Feature", "properties": { "road_id": "OSM-WAY-420485206", "road_name": "", "road_class": "service", "source": "real:osm", "confidence": 1.0, "attribution": "© OpenStreetMap contributors" }, "geometry": { "type": "LineString", "coordinates": [ [ 78.4796599, 17.3715006 ], [ 78.4797305, 17.3713585 ], [ 78.4798376, 17.3710945 ], [ 78.4798332, 17.3710584 ], [ 78.4798117, 17.3710302 ], [ 78.4797662, 17.3710009 ], [ 78.4795529, 17.3708888 ], [ 78.4795294, 17.3708664 ], [ 78.479514, 17.3708337 ], [ 78.4794856, 17.3706828 ] ] } },
{ "type": "Feature", "properties": { "road_id": "OSM-WAY-420504595", "road_name": "", "road_class": "residential", "source": "real:osm", "confidence": 1.0, "attribution": "© OpenStreetMap contributors" }, "geometry": { "type": "LineString", "coordinates": [ [ 78.4671833, 17.3650239 ], [ 78.4676959, 17.3649022 ] ] } },
{ "type": "Feature", "properties": { "road_id": "OSM-WAY-420518868", "road_name": "", "road_class": "residential", "source": "real:osm", "confidence": 1.0, "attribution": "© OpenStreetMap contributors" }, "geometry": { "type": "LineString", "coordinates": [ [ 78.4848084, 17.3700934 ], [ 78.4846921, 17.3697686 ] ] } },
{ "type": "Feature", "properties": { "road_id": "OSM-WAY-420527580", "road_name": "", "road_class": "residential", "source": "real:osm", "confidence": 1.0, "attribution": "© OpenStreetMap contributors" }, "geometry": { "type": "LineString", "coordinates": [ [ 78.457202, 17.370241 ], [ 78.4571061, 17.3699396 ] ] } },
{ "type": "Feature", "properties": { "road_id": "OSM-WAY-420527588", "road_name": "", "road_class": "residential", "source": "real:osm", "confidence": 1.0, "attribution": "© OpenStreetMap contributors" }, "geometry": { "type": "LineString", "coordinates": [ [ 78.4616662, 17.3692582 ], [ 78.4617772, 17.3689707 ] ] } },
{ "type": "Feature", "properties": { "road_id": "OSM-WAY-420527592", "road_name": "", "road_class": "residential", "source": "real:osm", "confidence": 1.0, "attribution": "© OpenStreetMap contributors" }, "geometry": { "type": "LineString", "coordinates": [ [ 78.463594, 17.3655692 ], [ 78.463818, 17.3663113 ] ] } },
{ "type": "Feature", "properties": { "road_id": "OSM-WAY-420527599", "road_name": "", "road_class": "residential", "source": "real:osm", "confidence": 1.0, "attribution": "© OpenStreetMap contributors" }, "geometry": { "type": "LineString", "coordinates": [ [ 78.4560341, 17.3700664 ], [ 78.4558428, 17.3698033 ] ] } },
{ "type": "Feature", "properties": { "road_id": "OSM-WAY-420527613", "road_name": "", "road_class": "residential", "source": "real:osm", "confidence": 1.0, "attribution": "© OpenStreetMap contributors" }, "geometry": { "type": "LineString", "coordinates": [ [ 78.4568248, 17.3683441 ], [ 78.4568025, 17.3681148 ] ] } },
{ "type": "Feature", "properties": { "road_id": "OSM-WAY-420527617", "road_name": "", "road_class": "residential", "source": "real:osm", "confidence": 1.0, "attribution": "© OpenStreetMap contributors" }, "geometry": { "type": "LineString", "coordinates": [ [ 78.456941, 17.3682884 ], [ 78.4571807, 17.3678442 ] ] } },
{ "type": "Feature", "properties": { "road_id": "OSM-WAY-420527635", "road_name": "", "road_class": "residential", "source": "real:osm", "confidence": 1.0, "attribution": "© OpenStreetMap contributors" }, "geometry": { "type": "LineString", "coordinates": [ [ 78.4626826, 17.3647605 ], [ 78.4627622, 17.3650528 ], [ 78.4627692, 17.3650647 ], [ 78.4627797, 17.3650699 ], [ 78.4627938, 17.3650715 ], [ 78.462952, 17.3650362 ], [ 78.4629674, 17.3650386 ], [ 78.4629765, 17.3650462 ], [ 78.463015, 17.3652703 ] ] } },
{ "type": "Feature", "properties": { "road_id": "OSM-WAY-421043791", "road_name": "", "road_class": "service", "source": "real:osm", "confidence": 1.0, "attribution": "© OpenStreetMap contributors" }, "geometry": { "type": "LineString", "coordinates": [ [ 78.4717723, 17.3835799 ], [ 78.4713002, 17.383636 ] ] } },
{ "type": "Feature", "properties": { "road_id": "OSM-WAY-421043796", "road_name": "", "road_class": "residential", "source": "real:osm", "confidence": 1.0, "attribution": "© OpenStreetMap contributors" }, "geometry": { "type": "LineString", "coordinates": [ [ 78.4728372, 17.3828187 ], [ 78.4727271, 17.3828232 ], [ 78.4716673, 17.3829854 ], [ 78.4708853, 17.383121 ] ] } },
{ "type": "Feature", "properties": { "road_id": "OSM-WAY-421043798", "road_name": "", "road_class": "residential", "source": "real:osm", "confidence": 1.0, "attribution": "© OpenStreetMap contributors" }, "geometry": { "type": "LineString", "coordinates": [ [ 78.458086, 17.383623 ], [ 78.4580829, 17.3840831 ], [ 78.458044, 17.3843445 ] ] } },
{ "type": "Feature", "properties": { "road_id": "OSM-WAY-425291757", "road_name": "", "road_class": "residential", "source": "real:osm", "confidence": 1.0, "attribution": "© OpenStreetMap contributors" }, "geometry": { "type": "LineString", "coordinates": [ [ 78.4632844, 17.364588 ], [ 78.4635019, 17.3650536 ] ] } },
{ "type": "Feature", "properties": { "road_id": "OSM-WAY-425291761", "road_name": "", "road_class": "residential", "source": "real:osm", "confidence": 1.0, "attribution": "© OpenStreetMap contributors" }, "geometry": { "type": "LineString", "coordinates": [ [ 78.4608855, 17.3671886 ], [ 78.4611852, 17.36659 ] ] } },
{ "type": "Feature", "properties": { "road_id": "OSM-WAY-425322230", "road_name": "", "road_class": "residential", "source": "real:osm", "confidence": 1.0, "attribution": "© OpenStreetMap contributors" }, "geometry": { "type": "LineString", "coordinates": [ [ 78.4828359, 17.3704186 ], [ 78.4827466, 17.3700416 ] ] } },
{ "type": "Feature", "properties": { "road_id": "OSM-WAY-425322238", "road_name": "", "road_class": "residential", "source": "real:osm", "confidence": 1.0, "attribution": "© OpenStreetMap contributors" }, "geometry": { "type": "LineString", "coordinates": [ [ 78.4706031, 17.365851 ], [ 78.4707081, 17.3661249 ], [ 78.4708107, 17.3664507 ] ] } },
{ "type": "Feature", "properties": { "road_id": "OSM-WAY-425328941", "road_name": "", "road_class": "residential", "source": "real:osm", "confidence": 1.0, "attribution": "© OpenStreetMap contributors" }, "geometry": { "type": "LineString", "coordinates": [ [ 78.4767935, 17.3657319 ], [ 78.4768819, 17.3662165 ] ] } },
{ "type": "Feature", "properties": { "road_id": "OSM-WAY-426086333", "road_name": "", "road_class": "residential", "source": "real:osm", "confidence": 1.0, "attribution": "© OpenStreetMap contributors" }, "geometry": { "type": "LineString", "coordinates": [ [ 78.46272, 17.3787532 ], [ 78.4627575, 17.3789888 ] ] } },
{ "type": "Feature", "properties": { "road_id": "OSM-WAY-426086341", "road_name": "", "road_class": "residential", "source": "real:osm", "confidence": 1.0, "attribution": "© OpenStreetMap contributors" }, "geometry": { "type": "LineString", "coordinates": [ [ 78.4616809, 17.3725173 ], [ 78.4613963, 17.3727045 ] ] } },
{ "type": "Feature", "properties": { "road_id": "OSM-WAY-426086356", "road_name": "", "road_class": "residential", "source": "real:osm", "confidence": 1.0, "attribution": "© OpenStreetMap contributors" }, "geometry": { "type": "LineString", "coordinates": [ [ 78.457065, 17.3808351 ], [ 78.456968, 17.3805919 ] ] } },
{ "type": "Feature", "properties": { "road_id": "OSM-WAY-426086362", "road_name": "", "road_class": "residential", "source": "real:osm", "confidence": 1.0, "attribution": "© OpenStreetMap contributors" }, "geometry": { "type": "LineString", "coordinates": [ [ 78.4610576, 17.3736317 ], [ 78.4611935, 17.3740072 ] ] } },
{ "type": "Feature", "properties": { "road_id": "OSM-WAY-426086375", "road_name": "", "road_class": "residential", "source": "real:osm", "confidence": 1.0, "attribution": "© OpenStreetMap contributors" }, "geometry": { "type": "LineString", "coordinates": [ [ 78.4624867, 17.3763263 ], [ 78.462447, 17.3761359 ], [ 78.4624216, 17.3760547 ] ] } },
{ "type": "Feature", "properties": { "road_id": "OSM-WAY-426086377", "road_name": "", "road_class": "residential", "source": "real:osm", "confidence": 1.0, "attribution": "© OpenStreetMap contributors" }, "geometry": { "type": "LineString", "coordinates": [ [ 78.4600624, 17.3766147 ], [ 78.4600545, 17.3763855 ], [ 78.4600332, 17.3762381 ], [ 78.4600088, 17.3761714 ], [ 78.4599874, 17.3761074 ] ] } },
{ "type": "Feature", "properties": { "road_id": "OSM-WAY-426086381", "road_name": "", "road_class": "residential", "source": "real:osm", "confidence": 1.0, "attribution": "© OpenStreetMap contributors" }, "geometry": { "type": "LineString", "coordinates": [ [ 78.4599798, 17.3840512 ], [ 78.4599675, 17.3840582 ], [ 78.4599552, 17.3840653 ] ] } },
{ "type": "Feature", "properties": { "road_id": "OSM-WAY-426086389", "road_name": "", "road_class": "residential", "source": "real:osm", "confidence": 1.0, "attribution": "© OpenStreetMap contributors" }, "geometry": { "type": "LineString", "coordinates": [ [ 78.461902, 17.3756008 ], [ 78.4619207, 17.375688 ], [ 78.4619079, 17.3759606 ], [ 78.4618885, 17.3762627 ], [ 78.4618442, 17.3764572 ] ] } },
{ "type": "Feature", "properties": { "road_id": "OSM-WAY-426100073", "road_name": "", "road_class": "residential", "source": "real:osm", "confidence": 1.0, "attribution": "© OpenStreetMap contributors" }, "geometry": { "type": "LineString", "coordinates": [ [ 78.4734281, 17.3800743 ], [ 78.473305, 17.3795342 ] ] } },
{ "type": "Feature", "properties": { "road_id": "OSM-WAY-426100078", "road_name": "", "road_class": "living_street", "source": "real:osm", "confidence": 1.0, "attribution": "© OpenStreetMap contributors" }, "geometry": { "type": "LineString", "coordinates": [ [ 78.4844193, 17.3731878 ], [ 78.4844748, 17.3737289 ] ] } },
{ "type": "Feature", "properties": { "road_id": "OSM-WAY-426100082", "road_name": "", "road_class": "residential", "source": "real:osm", "confidence": 1.0, "attribution": "© OpenStreetMap contributors" }, "geometry": { "type": "LineString", "coordinates": [ [ 78.4738541, 17.3799939 ], [ 78.4738938, 17.3802203 ] ] } },
{ "type": "Feature", "properties": { "road_id": "OSM-WAY-426100084", "road_name": "", "road_class": "residential", "source": "real:osm", "confidence": 1.0, "attribution": "© OpenStreetMap contributors" }, "geometry": { "type": "LineString", "coordinates": [ [ 78.4737672, 17.3800089 ], [ 78.4736886, 17.3796156 ] ] } },
{ "type": "Feature", "properties": { "road_id": "OSM-WAY-426100086", "road_name": "", "road_class": "residential", "source": "real:osm", "confidence": 1.0, "attribution": "© OpenStreetMap contributors" }, "geometry": { "type": "LineString", "coordinates": [ [ 78.4706356, 17.3729074 ], [ 78.4706424, 17.3731146 ] ] } },
{ "type": "Feature", "properties": { "road_id": "OSM-WAY-426100088", "road_name": "", "road_class": "residential", "source": "real:osm", "confidence": 1.0, "attribution": "© OpenStreetMap contributors" }, "geometry": { "type": "LineString", "coordinates": [ [ 78.4643318, 17.3776071 ], [ 78.4643893, 17.3775992 ], [ 78.4644139, 17.3776129 ], [ 78.4644309, 17.3776208 ], [ 78.4644491, 17.3776229 ], [ 78.4647389, 17.3775807 ], [ 78.4650479, 17.3775297 ] ] } },
{ "type": "Feature", "properties": { "road_id": "OSM-WAY-426100090", "road_name": "", "road_class": "residential", "source": "real:osm", "confidence": 1.0, "attribution": "© OpenStreetMap contributors" }, "geometry": { "type": "LineString", "coordinates": [ [ 78.4644239, 17.3778346 ], [ 78.4647754, 17.3777733 ], [ 78.4650801, 17.3777202 ] ] } },
{ "type": "Feature", "properties": { "road_id": "OSM-WAY-426100092", "road_name": "", "road_class": "residential", "source": "real:osm", "confidence": 1.0, "attribution": "© OpenStreetMap contributors" }, "geometry": { "type": "LineString", "coordinates": [ [ 78.4737061, 17.3800207 ], [ 78.4737563, 17.3803284 ] ] } },
{ "type": "Feature", "properties": { "road_id": "OSM-WAY-426100097", "road_name": "", "road_class": "residential", "source": "real:osm", "confidence": 1.0, "attribution": "© OpenStreetMap contributors" }, "geometry": { "type": "LineString", "coordinates": [ [ 78.4649914, 17.3827714 ], [ 78.4650183, 17.3826514 ], [ 78.4650646, 17.3823705 ] ] } },
{ "type": "Feature", "properties": { "road_id": "OSM-WAY-426100099", "road_name": "", "road_class": "residential", "source": "real:osm", "confidence": 1.0, "attribution": "© OpenStreetMap contributors" }, "geometry": { "type": "LineString", "coordinates": [ [ 78.4730847, 17.3795813 ], [ 78.4729935, 17.3792098 ], [ 78.4729837, 17.3790668 ], [ 78.4729788, 17.3789942 ], [ 78.4729144, 17.3785686 ] ] } },
{ "type": "Feature", "properties": { "road_id": "OSM-WAY-426100101", "road_name": "", "road_class": "residential", "source": "real:osm", "confidence": 1.0, "attribution": "© OpenStreetMap contributors" }, "geometry": { "type": "LineString", "coordinates": [ [ 78.4839897, 17.3732137 ], [ 78.483915, 17.3725019 ] ] } },
{ "type": "Feature", "properties": { "road_id": "OSM-WAY-426100103", "road_name": "", "road_class": "residential", "source": "real:osm", "confidence": 1.0, "attribution": "© OpenStreetMap contributors" }, "geometry": { "type": "LineString", "coordinates": [ [ 78.4651008, 17.3779022 ], [ 78.4651091, 17.3778804 ], [ 78.4650801, 17.3777202 ], [ 78.4650479, 17.3775297 ], [ 78.4650221, 17.3773708 ] ] } },
{ "type": "Feature", "properties": { "road_id": "OSM-WAY-431341210", "road_name": "", "road_class": "residential", "source": "real:osm", "confidence": 1.0, "attribution": "© OpenStreetMap contributors" }, "geometry": { "type": "LineString", "coordinates": [ [ 78.4708107, 17.3664507 ], [ 78.4711324, 17.3663418 ] ] } },
{ "type": "Feature", "properties": { "road_id": "OSM-WAY-432205867", "road_name": "High Court Road", "road_class": "trunk", "source": "real:osm", "confidence": 1.0, "attribution": "© OpenStreetMap contributors" }, "geometry": { "type": "LineString", "coordinates": [ [ 78.459386, 17.3659224 ], [ 78.45956, 17.3659792 ], [ 78.4596473, 17.3660227 ], [ 78.4597465, 17.3660663 ], [ 78.4598765, 17.3661213 ], [ 78.4611852, 17.36659 ], [ 78.4617102, 17.3668139 ], [ 78.4619411, 17.366897 ], [ 78.4623147, 17.3670285 ], [ 78.46275, 17.3671885 ], [ 78.4631587, 17.3673357 ], [ 78.4636597, 17.3675084 ] ] } },
{ "type": "Feature", "properties": { "road_id": "OSM-WAY-432205868", "road_name": "High Court Road", "road_class": "trunk", "source": "real:osm", "confidence": 1.0, "attribution": "© OpenStreetMap contributors" }, "geometry": { "type": "LineString", "coordinates": [ [ 78.468248, 17.3679468 ], [ 78.4675352, 17.3678841 ], [ 78.4666166, 17.3678291 ], [ 78.466195, 17.3678069 ], [ 78.4661056, 17.3678022 ], [ 78.4659541, 17.3677894 ], [ 78.4657516, 17.3677663 ], [ 78.4652902, 17.3677267 ], [ 78.4648879, 17.3676985 ], [ 78.4644574, 17.3676588 ], [ 78.4641275, 17.3675961 ], [ 78.4640024, 17.3675627 ] ] } },
{ "type": "Feature", "properties": { "road_id": "OSM-WAY-432205869", "road_name": "", "road_class": "trunk", "source": "real:osm", "confidence": 1.0, "attribution": "© OpenStreetMap contributors" }, "geometry": { "type": "LineString", "coordinates": [ [ 78.4594018, 17.3658487 ], [ 78.4592469, 17.3658705 ], [ 78.4591457, 17.3659274 ], [ 78.4590179, 17.3660045 ], [ 78.4589133, 17.3660761 ], [ 78.4586806, 17.3662605 ] ] } },
{ "type": "Feature", "properties": { "road_id": "OSM-WAY-432205870", "road_name": "", "road_class": "trunk", "source": "real:osm", "confidence": 1.0, "attribution": "© OpenStreetMap contributors" }, "geometry": { "type": "LineString", "coordinates": [ [ 78.4587602, 17.3662946 ], [ 78.4588502, 17.3661869 ], [ 78.45895, 17.366112 ], [ 78.4591416, 17.3659831 ], [ 78.4592248, 17.3659498 ], [ 78.4592771, 17.3659344 ], [ 78.459386, 17.3659224 ] ] } },
{ "type": "Feature", "properties": { "road_id": "OSM-WAY-436367563", "road_name": "Aziz Jung Road", "road_class": "tertiary", "source": "real:osm", "confidence": 1.0, "attribution": "© OpenStreetMap contributors" }, "geometry": { "type": "LineString", "coordinates": [ [ 78.4833094, 17.3732477 ], [ 78.4832037, 17.3732543 ], [ 78.4830984, 17.3732659 ], [ 78.4829939, 17.3732824 ] ] } },
{ "type": "Feature", "properties": { "road_id": "OSM-WAY-436388055", "road_name": "Mumbai Highway", "road_class": "trunk", "source": "real:osm", "confidence": 1.0, "attribution": "© OpenStreetMap contributors" }, "geometry": { "type": "LineString", "coordinates": [ [ 78.4806069, 17.375544 ], [ 78.4804907, 17.3753358 ], [ 78.4804522, 17.3752675 ] ] } },
{ "type": "Feature", "properties": { "road_id": "OSM-WAY-436397577", "road_name": "Mumbai Highway", "road_class": "trunk", "source": "real:osm", "confidence": 1.0, "attribution": "© OpenStreetMap contributors" }, "geometry": { "type": "LineString", "coordinates": [ [ 78.4912553, 17.380759 ], [ 78.4910522, 17.3807379 ], [ 78.4905314, 17.3806744 ], [ 78.4899179, 17.3806737 ], [ 78.4898425, 17.3806665 ], [ 78.4889649, 17.3805824 ], [ 78.4889058, 17.3805767 ], [ 78.488316, 17.3805692 ], [ 78.4880552, 17.3805705 ], [ 78.4873099, 17.3805744 ], [ 78.4860578, 17.3806067 ], [ 78.4855056, 17.3806462 ], [ 78.485274, 17.3806618 ], [ 78.4851451, 17.3806642 ], [ 78.4850804, 17.3806618 ], [ 78.4850156, 17.3806551 ], [ 78.4847769, 17.3806013 ] ] } },
{ "type": "Feature", "properties": { "road_id": "OSM-WAY-449396759", "road_name": "", "road_class": "residential", "source": "real:osm", "confidence": 1.0, "attribution": "© OpenStreetMap contributors" }, "geometry": { "type": "LineString", "coordinates": [ [ 78.4726383, 17.3732545 ], [ 78.4724281, 17.3732786 ] ] } },
{ "type": "Feature", "properties": { "road_id": "OSM-WAY-454805775", "road_name": "", "road_class": "residential", "source": "real:osm", "confidence": 1.0, "attribution": "© OpenStreetMap contributors" }, "geometry": { "type": "LineString", "coordinates": [ [ 78.4726857, 17.3679738 ], [ 78.4731589, 17.3678333 ], [ 78.473106, 17.3676497 ] ] } },
{ "type": "Feature", "properties": { "road_id": "OSM-WAY-454805776", "road_name": "", "road_class": "residential", "source": "real:osm", "confidence": 1.0, "attribution": "© OpenStreetMap contributors" }, "geometry": { "type": "LineString", "coordinates": [ [ 78.4793267, 17.3779053 ], [ 78.4792236, 17.3775345 ] ] } },
{ "type": "Feature", "properties": { "road_id": "OSM-WAY-454805777", "road_name": "", "road_class": "living_street", "source": "real:osm", "confidence": 1.0, "attribution": "© OpenStreetMap contributors" }, "geometry": { "type": "LineString", "coordinates": [ [ 78.4811403, 17.3800418 ], [ 78.4810094, 17.3797992 ], [ 78.4809268, 17.3796662 ] ] } },
{ "type": "Feature", "properties": { "road_id": "OSM-WAY-454805778", "road_name": "", "road_class": "living_street", "source": "real:osm", "confidence": 1.0, "attribution": "© OpenStreetMap contributors" }, "geometry": { "type": "LineString", "coordinates": [ [ 78.4817445, 17.380997 ], [ 78.4821029, 17.3808872 ] ] } },
{ "type": "Feature", "properties": { "road_id": "OSM-WAY-500730647", "road_name": "Jinsi Chowrha", "road_class": "residential", "source": "real:osm", "confidence": 1.0, "attribution": "© OpenStreetMap contributors" }, "geometry": { "type": "LineString", "coordinates": [ [ 78.4629447, 17.3749006 ], [ 78.4628108, 17.3749203 ], [ 78.4627435, 17.3749301 ] ] } },
{ "type": "Feature", "properties": { "road_id": "OSM-WAY-538060805", "road_name": "Aghapura to Nampally Road", "road_class": "residential", "source": "real:osm", "confidence": 1.0, "attribution": "© OpenStreetMap contributors" }, "geometry": { "type": "LineString", "coordinates": [ [ 78.4633294, 17.3847424 ], [ 78.4634717, 17.3845518 ], [ 78.4638195, 17.3842191 ] ] } },
{ "type": "Feature", "properties": { "road_id": "OSM-WAY-575297795", "road_name": "", "road_class": "service", "source": "real:osm", "confidence": 1.0, "attribution": "© OpenStreetMap contributors" }, "geometry": { "type": "LineString", "coordinates": [ [ 78.4782893, 17.3736982 ], [ 78.4783109, 17.3737953 ] ] } },
{ "type": "Feature", "properties": { "road_id": "OSM-WAY-575297796", "road_name": "", "road_class": "service", "source": "real:osm", "confidence": 1.0, "attribution": "© OpenStreetMap contributors" }, "geometry": { "type": "LineString", "coordinates": [ [ 78.4778882, 17.3739783 ], [ 78.4779692, 17.3739588 ], [ 78.4781416, 17.3739172 ], [ 78.4783331, 17.3738834 ], [ 78.4783577, 17.373879 ], [ 78.4784564, 17.3738689 ], [ 78.4785284, 17.3738714 ], [ 78.4786084, 17.373963 ], [ 78.4786564, 17.3741922 ] ] } },
{ "type": "Feature", "properties": { "road_id": "OSM-WAY-575297797", "road_name": "", "road_class": "service", "source": "real:osm", "confidence": 1.0, "attribution": "© OpenStreetMap contributors" }, "geometry": { "type": "LineString", "coordinates": [ [ 78.4778882, 17.3739783 ], [ 78.4778269, 17.3740496 ], [ 78.4778029, 17.3741234 ], [ 78.4777975, 17.3742354 ], [ 78.4778376, 17.3743933 ] ] } },
{ "type": "Feature", "properties": { "road_id": "OSM-WAY-575297798", "road_name": "", "road_class": "service", "source": "real:osm", "confidence": 1.0, "attribution": "© OpenStreetMap contributors" }, "geometry": { "type": "LineString", "coordinates": [ [ 78.4778376, 17.3743933 ], [ 78.4778776, 17.3744493 ], [ 78.4779416, 17.3744747 ], [ 78.4785097, 17.3743602 ] ] } },
{ "type": "Feature", "properties": { "road_id": "OSM-WAY-582939315", "road_name": "", "road_class": "tertiary", "source": "real:osm", "confidence": 1.0, "attribution": "© OpenStreetMap contributors" }, "geometry": { "type": "LineString", "coordinates": [ [ 78.4638195, 17.3842191 ], [ 78.4638247, 17.3844595 ] ] } },
{ "type": "Feature", "properties": { "road_id": "OSM-WAY-582941275", "road_name": "", "road_class": "residential", "source": "real:osm", "confidence": 1.0, "attribution": "© OpenStreetMap contributors" }, "geometry": { "type": "LineString", "coordinates": [ [ 78.4690224, 17.3803621 ], [ 78.4698138, 17.3802534 ] ] } },
{ "type": "Feature", "properties": { "road_id": "OSM-WAY-582941276", "road_name": "", "road_class": "residential", "source": "real:osm", "confidence": 1.0, "attribution": "© OpenStreetMap contributors" }, "geometry": { "type": "LineString", "coordinates": [ [ 78.469845, 17.3753455 ], [ 78.4701737, 17.3751728 ], [ 78.4703314, 17.3750748 ], [ 78.4705186, 17.3749854 ], [ 78.4706162, 17.374923 ], [ 78.4707319, 17.3748327 ] ] } },
{ "type": "Feature", "properties": { "road_id": "OSM-WAY-582941277", "road_name": "", "road_class": "residential", "source": "real:osm", "confidence": 1.0, "attribution": "© OpenStreetMap contributors" }, "geometry": { "type": "LineString", "coordinates": [ [ 78.463841, 17.3849614 ], [ 78.4640598, 17.3849815 ], [ 78.4642768, 17.3850074 ], [ 78.4645263, 17.3851378 ], [ 78.4647449, 17.3853018 ], [ 78.465001, 17.3856977 ], [ 78.4651125, 17.3859804 ] ] } },
{ "type": "Feature", "properties": { "road_id": "OSM-WAY-582948895", "road_name": "", "road_class": "tertiary", "source": "real:osm", "confidence": 1.0, "attribution": "© OpenStreetMap contributors" }, "geometry": { "type": "LineString", "coordinates": [ [ 78.4643037, 17.3772101 ], [ 78.464022, 17.3772503 ], [ 78.4638918, 17.3772746 ], [ 78.463697, 17.3772759 ], [ 78.4634894, 17.3772224 ] ] } },
{ "type": "Feature", "properties": { "road_id": "OSM-WAY-582948896", "road_name": "", "road_class": "tertiary", "source": "real:osm", "confidence": 1.0, "attribution": "© OpenStreetMap contributors" }, "geometry": { "type": "LineString", "coordinates": [ [ 78.4611413, 17.3791743 ], [ 78.4609192, 17.3793219 ], [ 78.4607143, 17.3794919 ], [ 78.4604976, 17.3796716 ], [ 78.4604733, 17.3797098 ], [ 78.4600752, 17.3799816 ], [ 78.4599592, 17.3800344 ], [ 78.4596478, 17.3801717 ], [ 78.4592174, 17.380467 ], [ 78.4590995, 17.3805529 ], [ 78.4589988, 17.3806296 ], [ 78.4583071, 17.380938 ] ] } },
{ "type": "Feature", "properties": { "road_id": "OSM-WAY-582948897", "road_name": "", "road_class": "residential", "source": "real:osm", "confidence": 1.0, "attribution": "© OpenStreetMap contributors" }, "geometry": { "type": "LineString", "coordinates": [ [ 78.4583071, 17.380938 ], [ 78.4579425, 17.3809704 ], [ 78.4577894, 17.380984 ], [ 78.4571625, 17.3812121 ], [ 78.4568248, 17.3813128 ], [ 78.4565481, 17.3814026 ], [ 78.4564705, 17.3814344 ], [ 78.4561882, 17.3815496 ], [ 78.4561292, 17.3815795 ], [ 78.455888, 17.3817593 ], [ 78.4556034, 17.3819079 ], [ 78.4552054, 17.3820391 ], [ 78.4550052, 17.3821001 ], [ 78.4548201, 17.3821155 ], [ 78.4545841, 17.3821052 ], [ 78.4543481, 17.3821033 ], [ 78.4543674, 17.3822865 ], [ 78.4543926, 17.3824949 ], [ 78.4545036, 17.3829026 ], [ 78.4545193, 17.3831493 ], [ 78.4545291, 17.3834388 ], [ 78.4545703, 17.3836943 ], [ 78.4546887, 17.3838945 ], [ 78.4549388, 17.3841997 ], [ 78.4549468, 17.3845101 ], [ 78.4554156, 17.3846342 ], [ 78.4555207, 17.3846949 ], [ 78.4557787, 17.3848222 ] ] } },
{ "type": "Feature", "properties": { "road_id": "OSM-WAY-582948901", "road_name": "", "road_class": "residential", "source": "real:osm", "confidence": 1.0, "attribution": "© OpenStreetMap contributors" }, "geometry": { "type": "LineString", "coordinates": [ [ 78.4570897, 17.3772006 ], [ 78.4573598, 17.377142 ], [ 78.4575555, 17.3770952 ], [ 78.4577518, 17.3770336 ], [ 78.4579298, 17.3769846 ] ] } },
{ "type": "Feature", "properties": { "road_id": "OSM-WAY-583752967", "road_name": "", "road_class": "residential", "source": "real:osm", "confidence": 1.0, "attribution": "© OpenStreetMap contributors" }, "geometry": { "type": "LineString", "coordinates": [ [ 78.4657366, 17.3728878 ], [ 78.4654158, 17.3727739 ] ] } },
{ "type": "Feature", "properties": { "road_id": "OSM-WAY-583752968", "road_name": "", "road_class": "residential", "source": "real:osm", "confidence": 1.0, "attribution": "© OpenStreetMap contributors" }, "geometry": { "type": "LineString", "coordinates": [ [ 78.4665749, 17.3711864 ], [ 78.4664349, 17.3714552 ], [ 78.4662984, 17.3717694 ], [ 78.4662501, 17.3718736 ], [ 78.4660176, 17.3722605 ] ] } },
{ "type": "Feature", "properties": { "road_id": "OSM-WAY-583753568", "road_name": "", "road_class": "residential", "source": "real:osm", "confidence": 1.0, "attribution": "© OpenStreetMap contributors" }, "geometry": { "type": "LineString", "coordinates": [ [ 78.4758325, 17.3753284 ], [ 78.4760651, 17.3757733 ], [ 78.4762022, 17.3760357 ], [ 78.4762088, 17.3760518 ], [ 78.4763019, 17.3762792 ] ] } },
{ "type": "Feature", "properties": { "road_id": "OSM-WAY-583753569", "road_name": "", "road_class": "residential", "source": "real:osm", "confidence": 1.0, "attribution": "© OpenStreetMap contributors" }, "geometry": { "type": "LineString", "coordinates": [ [ 78.4765181, 17.3793446 ], [ 78.4764488, 17.3791038 ], [ 78.4764176, 17.3789458 ] ] } },
{ "type": "Feature", "properties": { "road_id": "OSM-WAY-583753570", "road_name": "", "road_class": "residential", "source": "real:osm", "confidence": 1.0, "attribution": "© OpenStreetMap contributors" }, "geometry": { "type": "LineString", "coordinates": [ [ 78.4776672, 17.3801007 ], [ 78.4777264, 17.3800933 ], [ 78.4778991, 17.3800329 ], [ 78.478067, 17.3799474 ], [ 78.4781835, 17.3798563 ], [ 78.4782011, 17.3798425 ], [ 78.4782732, 17.3797835 ], [ 78.4783138, 17.3797503 ], [ 78.4784828, 17.3796249 ] ] } },
{ "type": "Feature", "properties": { "road_id": "OSM-WAY-583755405", "road_name": "Agarwal college road", "road_class": "residential", "source": "real:osm", "confidence": 1.0, "attribution": "© OpenStreetMap contributors" }, "geometry": { "type": "LineString", "coordinates": [ [ 78.4737851, 17.366472 ], [ 78.4750527, 17.3660576 ], [ 78.4751027, 17.3660435 ], [ 78.4754845, 17.3659733 ] ] } },
{ "type": "Feature", "properties": { "road_id": "OSM-WAY-587717423", "road_name": "Begum Bazar Road", "road_class": "residential", "source": "real:osm", "confidence": 1.0, "attribution": "© OpenStreetMap contributors" }, "geometry": { "type": "LineString", "coordinates": [ [ 78.4749824, 17.3746578 ], [ 78.4748776, 17.3746609 ], [ 78.4741092, 17.3748666 ], [ 78.4736731, 17.3749191 ], [ 78.473574, 17.3749411 ], [ 78.473454, 17.3749936 ], [ 78.4728679, 17.3753412 ], [ 78.4724064, 17.3755869 ], [ 78.4723877, 17.3755974 ], [ 78.4721593, 17.3756841 ], [ 78.4719026, 17.3757768 ], [ 78.471393, 17.3758908 ], [ 78.4705999, 17.3760752 ], [ 78.4704877, 17.3761002 ], [ 78.4699579, 17.3761927 ] ] } },
{ "type": "Feature", "properties": { "road_id": "OSM-WAY-632099290", "road_name": "", "road_class": "residential", "source": "real:osm", "confidence": 1.0, "attribution": "© OpenStreetMap contributors" }, "geometry": { "type": "LineString", "coordinates": [ [ 78.4631686, 17.3672897 ], [ 78.4632084, 17.367142 ] ] } },
{ "type": "Feature", "properties": { "road_id": "OSM-WAY-632099291", "road_name": "", "road_class": "trunk", "source": "real:osm", "confidence": 1.0, "attribution": "© OpenStreetMap contributors" }, "geometry": { "type": "LineString", "coordinates": [ [ 78.4586806, 17.3662605 ], [ 78.4584352, 17.3663846 ] ] } },
{ "type": "Feature", "properties": { "road_id": "OSM-WAY-656746363", "road_name": "", "road_class": "residential", "source": "real:osm", "confidence": 1.0, "attribution": "© OpenStreetMap contributors" }, "geometry": { "type": "LineString", "coordinates": [ [ 78.4714124, 17.3668064 ], [ 78.4714672, 17.3669683 ] ] } },
{ "type": "Feature", "properties": { "road_id": "OSM-WAY-657391419", "road_name": "", "road_class": "trunk", "source": "real:osm", "confidence": 1.0, "attribution": "© OpenStreetMap contributors" }, "geometry": { "type": "LineString", "coordinates": [ [ 78.4587514, 17.366524 ], [ 78.4587076, 17.3664388 ], [ 78.458629, 17.3663806 ], [ 78.4585316, 17.3663612 ], [ 78.4584352, 17.3663846 ], [ 78.4583593, 17.3664461 ], [ 78.4583193, 17.3665331 ], [ 78.4583235, 17.366628 ] ] } },
{ "type": "Feature", "properties": { "road_id": "OSM-WAY-668935317", "road_name": "", "road_class": "residential", "source": "real:osm", "confidence": 1.0, "attribution": "© OpenStreetMap contributors" }, "geometry": { "type": "LineString", "coordinates": [ [ 78.4768678, 17.3654732 ], [ 78.4768949, 17.3653738 ] ] } },
{ "type": "Feature", "properties": { "road_id": "OSM-WAY-693816934", "road_name": "", "road_class": "residential", "source": "real:osm", "confidence": 1.0, "attribution": "© OpenStreetMap contributors" }, "geometry": { "type": "LineString", "coordinates": [ [ 78.455455, 17.3833576 ], [ 78.4555157, 17.3830767 ] ] } },
{ "type": "Feature", "properties": { "road_id": "OSM-WAY-694422688", "road_name": "", "road_class": "residential", "source": "real:osm", "confidence": 1.0, "attribution": "© OpenStreetMap contributors" }, "geometry": { "type": "LineString", "coordinates": [ [ 78.4750613, 17.3808816 ], [ 78.4743465, 17.3809196 ] ] } },
{ "type": "Feature", "properties": { "road_id": "OSM-WAY-694436250", "road_name": "", "road_class": "tertiary", "source": "real:osm", "confidence": 1.0, "attribution": "© OpenStreetMap contributors" }, "geometry": { "type": "LineString", "coordinates": [ [ 78.4808139, 17.3822819 ], [ 78.4808336, 17.3823189 ], [ 78.480839, 17.3823727 ], [ 78.4808135, 17.3824021 ], [ 78.4807049, 17.3824699 ], [ 78.4805746, 17.3825644 ] ] } },
{ "type": "Feature", "properties": { "road_id": "OSM-WAY-694450769", "road_name": "", "road_class": "residential", "source": "real:osm", "confidence": 1.0, "attribution": "© OpenStreetMap contributors" }, "geometry": { "type": "LineString", "coordinates": [ [ 78.4762726, 17.3799285 ], [ 78.4762422, 17.3797341 ], [ 78.4762289, 17.3797155 ], [ 78.4762053, 17.3797048 ], [ 78.4761589, 17.3796973 ] ] } },
{ "type": "Feature", "properties": { "road_id": "OSM-WAY-694843419", "road_name": "MGBS Road", "road_class": "service", "source": "real:osm", "confidence": 1.0, "attribution": "© OpenStreetMap contributors" }, "geometry": { "type": "LineString", "coordinates": [ [ 78.4835684, 17.3789951 ], [ 78.4836151, 17.3789666 ], [ 78.4839138, 17.3787193 ], [ 78.4839965, 17.3786537 ], [ 78.4840251, 17.378631 ], [ 78.4840298, 17.3786092 ], [ 78.4840311, 17.3785766 ], [ 78.4840208, 17.3785503 ], [ 78.4839777, 17.378482 ] ] } },
{ "type": "Feature", "properties": { "road_id": "OSM-WAY-694947915", "road_name": "", "road_class": "residential", "source": "real:osm", "confidence": 1.0, "attribution": "© OpenStreetMap contributors" }, "geometry": { "type": "LineString", "coordinates": [ [ 78.4627953, 17.381441 ], [ 78.4622803, 17.3814422 ] ] } },
{ "type": "Feature", "properties": { "road_id": "OSM-WAY-694983537", "road_name": "", "road_class": "residential", "source": "real:osm", "confidence": 1.0, "attribution": "© OpenStreetMap contributors" }, "geometry": { "type": "LineString", "coordinates": [ [ 78.4571917, 17.3843401 ], [ 78.4572449, 17.38381 ] ] } },
{ "type": "Feature", "properties": { "road_id": "OSM-WAY-695549891", "road_name": "", "road_class": "trunk_link", "source": "real:osm", "confidence": 1.0, "attribution": "© OpenStreetMap contributors" }, "geometry": { "type": "LineString", "coordinates": [ [ 78.4782893, 17.3736982 ], [ 78.4782678, 17.3735929 ] ] } },
{ "type": "Feature", "properties": { "road_id": "OSM-WAY-696095866", "road_name": "", "road_class": "service", "source": "real:osm", "confidence": 1.0, "attribution": "© OpenStreetMap contributors" }, "geometry": { "type": "LineString", "coordinates": [ [ 78.4814975, 17.3842195 ], [ 78.4814492, 17.3840685 ], [ 78.4814036, 17.383833 ], [ 78.4813657, 17.3836237 ] ] } },
{ "type": "Feature", "properties": { "road_id": "OSM-WAY-696095867", "road_name": "", "road_class": "service", "source": "real:osm", "confidence": 1.0, "attribution": "© OpenStreetMap contributors" }, "geometry": { "type": "LineString", "coordinates": [ [ 78.4820708, 17.3847545 ], [ 78.4820211, 17.3847505 ], [ 78.4819706, 17.3847465 ], [ 78.4818526, 17.384737 ], [ 78.481788, 17.3847318 ], [ 78.4817268, 17.3847269 ] ] } },
{ "type": "Feature", "properties": { "road_id": "OSM-WAY-696095868", "road_name": "", "road_class": "service", "source": "real:osm", "confidence": 1.0, "attribution": "© OpenStreetMap contributors" }, "geometry": { "type": "LineString", "coordinates": [ [ 78.4821112, 17.3853764 ], [ 78.4820929, 17.3852408 ], [ 78.482084, 17.3850456 ], [ 78.4820708, 17.3847545 ], [ 78.4821231, 17.3847308 ], [ 78.4822223, 17.3846579 ], [ 78.4822726, 17.3844908 ], [ 78.4822646, 17.384368 ] ] } },
{ "type": "Feature", "properties": { "road_id": "OSM-WAY-698190156", "road_name": "", "road_class": "residential", "source": "real:osm", "confidence": 1.0, "attribution": "© OpenStreetMap contributors" }, "geometry": { "type": "LineString", "coordinates": [ [ 78.470298, 17.3817341 ], [ 78.4696607, 17.3818016 ] ] } },
{ "type": "Feature", "properties": { "road_id": "OSM-WAY-698221314", "road_name": "", "road_class": "residential", "source": "real:osm", "confidence": 1.0, "attribution": "© OpenStreetMap contributors" }, "geometry": { "type": "LineString", "coordinates": [ [ 78.4637423, 17.3806251 ], [ 78.4642301, 17.3805715 ] ] } },
{ "type": "Feature", "properties": { "road_id": "OSM-WAY-698477246", "road_name": "", "road_class": "service", "source": "real:osm", "confidence": 1.0, "attribution": "© OpenStreetMap contributors" }, "geometry": { "type": "LineString", "coordinates": [ [ 78.4671245, 17.3824298 ], [ 78.4670149, 17.3818787 ] ] } },
{ "type": "Feature", "properties": { "road_id": "OSM-WAY-720218167", "road_name": "", "road_class": "service", "source": "real:osm", "confidence": 1.0, "attribution": "© OpenStreetMap contributors" }, "geometry": { "type": "LineString", "coordinates": [ [ 78.4773336, 17.3832027 ], [ 78.4773249, 17.3831126 ], [ 78.4772992, 17.3827989 ], [ 78.4772839, 17.3827699 ], [ 78.4772386, 17.3827699 ], [ 78.4771274, 17.3827789 ], [ 78.4770944, 17.3827734 ], [ 78.4770765, 17.3827591 ], [ 78.4770513, 17.3825889 ], [ 78.4770591, 17.3825646 ], [ 78.4771019, 17.3825418 ] ] } },
{ "type": "Feature", "properties": { "road_id": "OSM-WAY-748838177", "road_name": "", "road_class": "service", "source": "real:osm", "confidence": 1.0, "attribution": "© OpenStreetMap contributors" }, "geometry": { "type": "LineString", "coordinates": [ [ 78.4728601, 17.3699346 ], [ 78.4728834, 17.3698258 ], [ 78.4729281, 17.3696392 ], [ 78.4729367, 17.3696034 ], [ 78.472639, 17.3695329 ] ] } },
{ "type": "Feature", "properties": { "road_id": "OSM-WAY-750325477", "road_name": "", "road_class": "tertiary", "source": "real:osm", "confidence": 1.0, "attribution": "© OpenStreetMap contributors" }, "geometry": { "type": "LineString", "coordinates": [ [ 78.4577343, 17.3686829 ], [ 78.4576581, 17.3685487 ], [ 78.457603, 17.3681811 ], [ 78.4575453, 17.3680697 ], [ 78.4574213, 17.367943 ], [ 78.4570945, 17.3675952 ], [ 78.4570049, 17.3674924 ], [ 78.4569647, 17.3673593 ], [ 78.4569191, 17.3673017 ], [ 78.4568466, 17.3672544 ], [ 78.4565945, 17.3671123 ], [ 78.4564825, 17.3670433 ], [ 78.4562914, 17.3668768 ], [ 78.4561076, 17.3666451 ], [ 78.4559306, 17.3663277 ], [ 78.4558327, 17.3660909 ], [ 78.455712, 17.3658157 ], [ 78.4556222, 17.3655917 ], [ 78.4555069, 17.3653638 ], [ 78.4554251, 17.3651155 ], [ 78.4553406, 17.3647507 ], [ 78.4552997, 17.3646038 ], [ 78.455248, 17.3644179 ], [ 78.4551944, 17.3642183 ], [ 78.4550898, 17.3638739 ], [ 78.4550455, 17.3637178 ], [ 78.4549825, 17.3635731 ], [ 78.454847, 17.3633056 ], [ 78.4547652, 17.3631443 ], [ 78.4546579, 17.362969 ], [ 78.4545507, 17.3628435 ], [ 78.4542958, 17.3625786 ], [ 78.454033, 17.362297 ], [ 78.453927, 17.3622087 ], [ 78.4538372, 17.3621421 ], [ 78.4537299, 17.3620845 ], [ 78.4536132, 17.3620154 ], [ 78.4535019, 17.3619463 ], [ 78.4531519, 17.3617031 ], [ 78.4529698, 17.361573 ], [ 78.4527791, 17.3614368 ], [ 78.4524558, 17.3611783 ], [ 78.4522265, 17.3610067 ], [ 78.4519422, 17.3608288 ], [ 78.4517075, 17.3607098 ], [ 78.4514071, 17.3606138 ], [ 78.4509632, 17.3604973 ], [ 78.4506722, 17.3604423 ], [ 78.4504455, 17.3604538 ], [ 78.4502457, 17.3604704 ], [ 78.4501183, 17.3604807 ], [ 78.4499815, 17.360505 ], [ 78.4496731, 17.3606266 ], [ 78.4494112, 17.3607564 ], [ 78.4491259, 17.3609095 ], [ 78.4489046, 17.3610426 ], [ 78.4485747, 17.3612832 ], [ 78.4483981, 17.3614264 ], [ 78.4482529, 17.3615446 ], [ 78.4481415, 17.3616762 ], [ 78.448045, 17.3618311 ], [ 78.4479985, 17.3620212 ], [ 78.4479672, 17.362329 ], [ 78.4479614, 17.3623901 ], [ 78.4479342, 17.3625136 ], [ 78.4478988, 17.3625901 ], [ 78.4478307, 17.3627118 ], [ 78.4477477, 17.3628058 ], [ 78.447644, 17.3628973 ], [ 78.4475528, 17.3629639 ], [ 78.4474669, 17.3630215 ], [ 78.4472537, 17.3631712 ], [ 78.4469922, 17.3633696 ], [ 78.4466931, 17.3636474 ], [ 78.4464638, 17.3638983 ], [ 78.4462841, 17.3641389 ], [ 78.4460561, 17.3644819 ], [ 78.4459126, 17.3647048 ], [ 78.4457718, 17.3649235 ], [ 78.4456202, 17.365168 ], [ 78.4455241, 17.3652677 ], [ 78.445482, 17.3653114 ], [ 78.4454335, 17.3653847 ], [ 78.4453641, 17.3654897 ], [ 78.44523, 17.3657261 ], [ 78.4452209, 17.3657412 ], [ 78.4450798, 17.3659757 ], [ 78.4449538, 17.3661499 ], [ 78.4444146, 17.3669497 ], [ 78.444145, 17.367358 ], [ 78.4439398, 17.367678 ], [ 78.4437038, 17.3680211 ], [ 78.4435684, 17.3682227 ], [ 78.4435388, 17.3682668 ], [ 78.4433229, 17.3685958 ], [ 78.4430198, 17.3690361 ], [ 78.44272, 17.3694753 ], [ 78.4426323, 17.3696466 ], [ 78.442537, 17.3698066 ], [ 78.4425116, 17.3698488 ], [ 78.4423218, 17.3700453 ] ] } },
{ "type": "Feature", "properties": { "road_id": "OSM-WAY-762773337", "road_name": "", "road_class": "service", "source": "real:osm", "confidence": 1.0, "attribution": "© OpenStreetMap contributors" }, "geometry": { "type": "LineString", "coordinates": [ [ 78.4662002, 17.3840431 ], [ 78.4661566, 17.3840557 ], [ 78.4652044, 17.3843142 ], [ 78.4652446, 17.3844448 ] ] } },
{ "type": "Feature", "properties": { "road_id": "OSM-WAY-782454882", "road_name": "", "road_class": "residential", "source": "real:osm", "confidence": 1.0, "attribution": "© OpenStreetMap contributors" }, "geometry": { "type": "LineString", "coordinates": [ [ 78.482675, 17.3830138 ], [ 78.4822565, 17.3833799 ], [ 78.4822337, 17.3834094 ], [ 78.4822391, 17.3834324 ], [ 78.4823558, 17.3835674 ] ] } },
{ "type": "Feature", "properties": { "road_id": "OSM-WAY-784446919", "road_name": "", "road_class": "residential", "source": "real:osm", "confidence": 1.0, "attribution": "© OpenStreetMap contributors" }, "geometry": { "type": "LineString", "coordinates": [ [ 78.4762826, 17.3688105 ], [ 78.4764137, 17.3688132 ], [ 78.4764831, 17.3688095 ], [ 78.4765862, 17.3687811 ] ] } },
{ "type": "Feature", "properties": { "road_id": "OSM-WAY-784447119", "road_name": "", "road_class": "living_street", "source": "real:osm", "confidence": 1.0, "attribution": "© OpenStreetMap contributors" }, "geometry": { "type": "LineString", "coordinates": [ [ 78.4776647, 17.368954 ], [ 78.477691, 17.3690553 ] ] } },
{ "type": "Feature", "properties": { "road_id": "OSM-WAY-793711327", "road_name": "TGSRTC MGBS  Bus Station Road", "road_class": "tertiary", "source": "real:osm", "confidence": 1.0, "attribution": "© OpenStreetMap contributors" }, "geometry": { "type": "LineString", "coordinates": [ [ 78.4839138, 17.3787193 ], [ 78.4839725, 17.3787743 ], [ 78.4842286, 17.3790636 ], [ 78.4842514, 17.3790968 ], [ 78.4842635, 17.3791327 ], [ 78.4842668, 17.3791634 ], [ 78.4842635, 17.3791948 ], [ 78.4842427, 17.379244 ], [ 78.4842112, 17.3792956 ], [ 78.4841988, 17.3793032 ], [ 78.4841736, 17.3793071 ], [ 78.4841331, 17.3792959 ], [ 78.4840838, 17.3792735 ], [ 78.4838236, 17.3791615 ], [ 78.4837666, 17.3791333 ], [ 78.4837197, 17.3790936 ], [ 78.4836151, 17.3789666 ], [ 78.4835286, 17.3788555 ], [ 78.4831875, 17.3783662 ], [ 78.4830531, 17.3781536 ], [ 78.4829955, 17.3781008 ], [ 78.4829539, 17.3780893 ], [ 78.4829314, 17.3780912 ], [ 78.4829127, 17.3780987 ] ] } },
{ "type": "Feature", "properties": { "road_id": "OSM-WAY-797826934", "road_name": "Koti Women's College Road", "road_class": "primary", "source": "real:osm", "confidence": 1.0, "attribution": "© OpenStreetMap contributors" }, "geometry": { "type": "LineString", "coordinates": [ [ 78.4876482, 17.3847966 ], [ 78.487515, 17.384798 ], [ 78.4873861, 17.3847946 ], [ 78.4871316, 17.3847936 ], [ 78.4862274, 17.3848474 ], [ 78.4856314, 17.3848896 ], [ 78.4851642, 17.3849353 ], [ 78.4847914, 17.3849673 ], [ 78.4846086, 17.3849525 ] ] } },
{ "type": "Feature", "properties": { "road_id": "OSM-WAY-798049964", "road_name": "", "road_class": "service", "source": "real:osm", "confidence": 1.0, "attribution": "© OpenStreetMap contributors" }, "geometry": { "type": "LineString", "coordinates": [ [ 78.4847577, 17.3841721 ], [ 78.4846496, 17.3841509 ], [ 78.4842094, 17.3840645 ], [ 78.4840653, 17.3840362 ] ] } },
{ "type": "Feature", "properties": { "road_id": "OSM-WAY-800366184", "road_name": "", "road_class": "service", "source": "real:osm", "confidence": 1.0, "attribution": "© OpenStreetMap contributors" }, "geometry": { "type": "LineString", "coordinates": [ [ 78.4821672, 17.3824994 ], [ 78.4823959, 17.3823321 ] ] } },
{ "type": "Feature", "properties": { "road_id": "OSM-WAY-822778768", "road_name": "", "road_class": "service", "source": "real:osm", "confidence": 1.0, "attribution": "© OpenStreetMap contributors" }, "geometry": { "type": "LineString", "coordinates": [ [ 78.4765716, 17.372936 ], [ 78.4763738, 17.3727707 ], [ 78.4762708, 17.3726795 ], [ 78.4761693, 17.3725636 ] ] } },
{ "type": "Feature", "properties": { "road_id": "OSM-WAY-822787134", "road_name": "", "road_class": "service", "source": "real:osm", "confidence": 1.0, "attribution": "© OpenStreetMap contributors" }, "geometry": { "type": "LineString", "coordinates": [ [ 78.4748893, 17.3820175 ], [ 78.4748463, 17.382011 ], [ 78.4744363, 17.3820239 ], [ 78.4744196, 17.3820365 ], [ 78.4744131, 17.3820578 ], [ 78.4744252, 17.3821982 ], [ 78.4744332, 17.3822177 ], [ 78.4744547, 17.3822257 ], [ 78.4748996, 17.3822153 ] ] } },
{ "type": "Feature", "properties": { "road_id": "OSM-WAY-822787135", "road_name": "", "road_class": "residential", "source": "real:osm", "confidence": 1.0, "attribution": "© OpenStreetMap contributors" }, "geometry": { "type": "LineString", "coordinates": [ [ 78.4721177, 17.3815371 ], [ 78.4721532, 17.381747 ] ] } },
{ "type": "Feature", "properties": { "road_id": "OSM-WAY-822787136", "road_name": "", "road_class": "residential", "source": "real:osm", "confidence": 1.0, "attribution": "© OpenStreetMap contributors" }, "geometry": { "type": "LineString", "coordinates": [ [ 78.4717832, 17.3807517 ], [ 78.4718583, 17.3811459 ], [ 78.4718697, 17.381183 ], [ 78.4718791, 17.3811946 ], [ 78.4718885, 17.3812016 ], [ 78.4719045, 17.3812118 ], [ 78.4719213, 17.3812298 ], [ 78.4719602, 17.3814146 ] ] } },
{ "type": "Feature", "properties": { "road_id": "OSM-WAY-822787138", "road_name": "", "road_class": "residential", "source": "real:osm", "confidence": 1.0, "attribution": "© OpenStreetMap contributors" }, "geometry": { "type": "LineString", "coordinates": [ [ 78.469181, 17.384233 ], [ 78.4690705, 17.3835964 ], [ 78.4689026, 17.3826312 ] ] } },
{ "type": "Feature", "properties": { "road_id": "OSM-WAY-822787139", "road_name": "", "road_class": "residential", "source": "real:osm", "confidence": 1.0, "attribution": "© OpenStreetMap contributors" }, "geometry": { "type": "LineString", "coordinates": [ [ 78.4693612, 17.3842058 ], [ 78.4692585, 17.383575 ], [ 78.4690705, 17.3835964 ] ] } },
{ "type": "Feature", "properties": { "road_id": "OSM-WAY-822791020", "road_name": "", "road_class": "service", "source": "real:osm", "confidence": 1.0, "attribution": "© OpenStreetMap contributors" }, "geometry": { "type": "LineString", "coordinates": [ [ 78.4731236, 17.3732343 ], [ 78.4734227, 17.3732445 ], [ 78.4736896, 17.3732458 ], [ 78.473825, 17.3732547 ], [ 78.4739403, 17.3732496 ], [ 78.4740449, 17.3732189 ], [ 78.4741214, 17.3731779 ], [ 78.4741871, 17.3731613 ], [ 78.4742823, 17.37316 ], [ 78.4744987, 17.3731829 ] ] } },
{ "type": "Feature", "properties": { "road_id": "OSM-WAY-822791021", "road_name": "", "road_class": "residential", "source": "real:osm", "confidence": 1.0, "attribution": "© OpenStreetMap contributors" }, "geometry": { "type": "LineString", "coordinates": [ [ 78.4723136, 17.3715601 ], [ 78.4723917, 17.3711825 ], [ 78.4724057, 17.3711266 ] ] } },
{ "type": "Feature", "properties": { "road_id": "OSM-WAY-822791022", "road_name": "", "road_class": "residential", "source": "real:osm", "confidence": 1.0, "attribution": "© OpenStreetMap contributors" }, "geometry": { "type": "LineString", "coordinates": [ [ 78.4692994, 17.3707422 ], [ 78.4692572, 17.3708261 ], [ 78.4692391, 17.3708977 ], [ 78.4692411, 17.3709752 ], [ 78.4692954, 17.3710744 ], [ 78.4693951, 17.3712428 ] ] } },
{ "type": "Feature", "properties": { "road_id": "OSM-WAY-822791023", "road_name": "", "road_class": "residential", "source": "real:osm", "confidence": 1.0, "attribution": "© OpenStreetMap contributors" }, "geometry": { "type": "LineString", "coordinates": [ [ 78.471142, 17.3722576 ], [ 78.4715082, 17.3722602 ], [ 78.4716202, 17.3722654 ] ] } },
{ "type": "Feature", "properties": { "road_id": "OSM-WAY-822791024", "road_name": "", "road_class": "residential", "source": "real:osm", "confidence": 1.0, "attribution": "© OpenStreetMap contributors" }, "geometry": { "type": "LineString", "coordinates": [ [ 78.4722707, 17.373608 ], [ 78.4723082, 17.3737654 ], [ 78.4723377, 17.3738384 ], [ 78.4723508, 17.3738774 ], [ 78.4723602, 17.3738937 ], [ 78.4723723, 17.3739088 ], [ 78.472386, 17.3739222 ], [ 78.4723977, 17.3739408 ], [ 78.4724146, 17.3739801 ] ] } },
{ "type": "Feature", "properties": { "road_id": "OSM-WAY-822791025", "road_name": "", "road_class": "residential", "source": "real:osm", "confidence": 1.0, "attribution": "© OpenStreetMap contributors" }, "geometry": { "type": "LineString", "coordinates": [ [ 78.4735031, 17.3740112 ], [ 78.4738163, 17.3739945 ] ] } },
{ "type": "Feature", "properties": { "road_id": "OSM-WAY-822791026", "road_name": "", "road_class": "residential", "source": "real:osm", "confidence": 1.0, "attribution": "© OpenStreetMap contributors" }, "geometry": { "type": "LineString", "coordinates": [ [ 78.4708665, 17.3723498 ], [ 78.4709622, 17.3727652 ] ] } },
{ "type": "Feature", "properties": { "road_id": "OSM-WAY-822793321", "road_name": "", "road_class": "residential", "source": "real:osm", "confidence": 1.0, "attribution": "© OpenStreetMap contributors" }, "geometry": { "type": "LineString", "coordinates": [ [ 78.4804493, 17.3763156 ], [ 78.4804784, 17.376418 ], [ 78.4805329, 17.3766118 ] ] } },
{ "type": "Feature", "properties": { "road_id": "OSM-WAY-822793322", "road_name": "", "road_class": "residential", "source": "real:osm", "confidence": 1.0, "attribution": "© OpenStreetMap contributors" }, "geometry": { "type": "LineString", "coordinates": [ [ 78.4805289, 17.3761563 ], [ 78.4802253, 17.3755453 ], [ 78.4801564, 17.3753846 ] ] } },
{ "type": "Feature", "properties": { "road_id": "OSM-WAY-822799208", "road_name": "", "road_class": "service", "source": "real:osm", "confidence": 1.0, "attribution": "© OpenStreetMap contributors" }, "geometry": { "type": "LineString", "coordinates": [ [ 78.481067, 17.3830454 ], [ 78.4811388, 17.3830085 ], [ 78.4815997, 17.3827151 ], [ 78.4816174, 17.3826994 ], [ 78.4816218, 17.3826815 ], [ 78.4816171, 17.3826626 ], [ 78.4815926, 17.3826233 ], [ 78.4815648, 17.382582 ], [ 78.4813677, 17.3823118 ] ] } },
{ "type": "Feature", "properties": { "road_id": "OSM-WAY-822799214", "road_name": "", "road_class": "residential", "source": "real:osm", "confidence": 1.0, "attribution": "© OpenStreetMap contributors" }, "geometry": { "type": "LineString", "coordinates": [ [ 78.4762088, 17.3760518 ], [ 78.4763718, 17.3759822 ], [ 78.47641, 17.3759758 ], [ 78.4764361, 17.3759867 ], [ 78.476467, 17.3760046 ], [ 78.4764978, 17.3760142 ], [ 78.4765669, 17.3760251 ], [ 78.4766628, 17.3760251 ], [ 78.4766916, 17.3760155 ] ] } },
{ "type": "Feature", "properties": { "road_id": "OSM-WAY-822820672", "road_name": "TGSRTC MGBS  Bus Station Road", "road_class": "tertiary", "source": "real:osm", "confidence": 1.0, "attribution": "© OpenStreetMap contributors" }, "geometry": { "type": "LineString", "coordinates": [ [ 78.4829127, 17.3780987 ], [ 78.4832215, 17.3785516 ], [ 78.4834273, 17.37883 ], [ 78.4834796, 17.3788918 ], [ 78.4835534, 17.3789791 ], [ 78.4835684, 17.3789951 ], [ 78.4836922, 17.3791269 ], [ 78.48378, 17.3791999 ], [ 78.4839215, 17.3792735 ], [ 78.4841347, 17.3793643 ], [ 78.4841783, 17.379381 ], [ 78.4842112, 17.3793765 ], [ 78.484234, 17.3793656 ], [ 78.484257, 17.3793424 ] ] } },
{ "type": "Feature", "properties": { "road_id": "OSM-WAY-822830630", "road_name": "", "road_class": "residential", "source": "real:osm", "confidence": 1.0, "attribution": "© OpenStreetMap contributors" }, "geometry": { "type": "LineString", "coordinates": [ [ 78.4845895, 17.3711959 ], [ 78.4845123, 17.3709483 ], [ 78.4844767, 17.37086 ], [ 78.4844553, 17.3708363 ], [ 78.4844278, 17.3708248 ], [ 78.4844043, 17.3708037 ], [ 78.4843835, 17.3707608 ], [ 78.4843422, 17.3706611 ] ] } },
{ "type": "Feature", "properties": { "road_id": "OSM-WAY-822830632", "road_name": "", "road_class": "service", "source": "real:osm", "confidence": 1.0, "attribution": "© OpenStreetMap contributors" }, "geometry": { "type": "LineString", "coordinates": [ [ 78.4686752, 17.3791986 ], [ 78.4697016, 17.3790759 ] ] } },
{ "type": "Feature", "properties": { "road_id": "OSM-WAY-823404895", "road_name": "Dabeerpura Nala road", "road_class": "tertiary", "source": "real:osm", "confidence": 1.0, "attribution": "© OpenStreetMap contributors" }, "geometry": { "type": "LineString", "coordinates": [ [ 78.4842445, 17.3663389 ], [ 78.4842226, 17.3657082 ], [ 78.4842326, 17.3653645 ], [ 78.4842528, 17.3651859 ], [ 78.4842923, 17.365056 ], [ 78.4845129, 17.3645644 ], [ 78.4846175, 17.3643109 ], [ 78.4847273, 17.3640688 ], [ 78.484858, 17.3636994 ], [ 78.4848629, 17.3635329 ], [ 78.4848475, 17.3634419 ], [ 78.4847729, 17.3632867 ], [ 78.4847136, 17.363209 ] ] } },
{ "type": "Feature", "properties": { "road_id": "OSM-WAY-824829769", "road_name": "", "road_class": "residential", "source": "real:osm", "confidence": 1.0, "attribution": "© OpenStreetMap contributors" }, "geometry": { "type": "LineString", "coordinates": [ [ 78.4570908, 17.371047 ], [ 78.4576662, 17.3709702 ] ] } },
{ "type": "Feature", "properties": { "road_id": "OSM-WAY-824855283", "road_name": "", "road_class": "residential", "source": "real:osm", "confidence": 1.0, "attribution": "© OpenStreetMap contributors" }, "geometry": { "type": "LineString", "coordinates": [ [ 78.4575463, 17.3755336 ], [ 78.4570062, 17.3756464 ] ] } },
{ "type": "Feature", "properties": { "road_id": "OSM-WAY-824855284", "road_name": "", "road_class": "living_street", "source": "real:osm", "confidence": 1.0, "attribution": "© OpenStreetMap contributors" }, "geometry": { "type": "LineString", "coordinates": [ [ 78.4603184, 17.3755686 ], [ 78.460194, 17.3756087 ], [ 78.4601724, 17.3756214 ], [ 78.4601616, 17.3756381 ], [ 78.4601577, 17.3756619 ], [ 78.4601546, 17.3757121 ], [ 78.4601469, 17.3757355 ], [ 78.4601312, 17.3757514 ], [ 78.4600984, 17.3757641 ], [ 78.4599923, 17.3757911 ], [ 78.4599766, 17.3757905 ], [ 78.4599646, 17.375781 ], [ 78.4599586, 17.3757674 ] ] } },
{ "type": "Feature", "properties": { "road_id": "OSM-WAY-824855285", "road_name": "", "road_class": "residential", "source": "real:osm", "confidence": 1.0, "attribution": "© OpenStreetMap contributors" }, "geometry": { "type": "LineString", "coordinates": [ [ 78.4579298, 17.3769846 ], [ 78.4578865, 17.3768314 ], [ 78.4578444, 17.3766766 ], [ 78.4578377, 17.3765671 ], [ 78.457838, 17.3764752 ] ] } },
{ "type": "Feature", "properties": { "road_id": "OSM-WAY-824866715", "road_name": "", "road_class": "service", "source": "real:osm", "confidence": 1.0, "attribution": "© OpenStreetMap contributors" }, "geometry": { "type": "LineString", "coordinates": [ [ 78.4629539, 17.3732227 ], [ 78.4630537, 17.3732375 ], [ 78.4631749, 17.3732054 ], [ 78.4632404, 17.3731674 ], [ 78.4632908, 17.3731201 ], [ 78.4633306, 17.3730518 ] ] } },
{ "type": "Feature", "properties": { "road_id": "OSM-WAY-824866716", "road_name": "", "road_class": "residential", "source": "real:osm", "confidence": 1.0, "attribution": "© OpenStreetMap contributors" }, "geometry": { "type": "LineString", "coordinates": [ [ 78.461834, 17.3785935 ], [ 78.4616438, 17.3784307 ], [ 78.4616062, 17.3783859 ], [ 78.4615915, 17.3783424 ], [ 78.4615847, 17.378295 ], [ 78.4615566, 17.378231 ], [ 78.4614773, 17.3780865 ] ] } },
{ "type": "Feature", "properties": { "road_id": "OSM-WAY-824866717", "road_name": "", "road_class": "residential", "source": "real:osm", "confidence": 1.0, "attribution": "© OpenStreetMap contributors" }, "geometry": { "type": "LineString", "coordinates": [ [ 78.4611641, 17.3775303 ], [ 78.4612794, 17.3781715 ] ] } },
{ "type": "Feature", "properties": { "road_id": "OSM-WAY-824866719", "road_name": "", "road_class": "residential", "source": "real:osm", "confidence": 1.0, "attribution": "© OpenStreetMap contributors" }, "geometry": { "type": "LineString", "coordinates": [ [ 78.4616086, 17.3795529 ], [ 78.4618565, 17.3795314 ], [ 78.4618759, 17.3795358 ], [ 78.461886, 17.3795508 ], [ 78.4618967, 17.3796197 ], [ 78.4619063, 17.3796323 ], [ 78.461919, 17.3796357 ], [ 78.4619401, 17.3796372 ] ] } },
{ "type": "Feature", "properties": { "road_id": "OSM-WAY-824866720", "road_name": "", "road_class": "service", "source": "real:osm", "confidence": 1.0, "attribution": "© OpenStreetMap contributors" }, "geometry": { "type": "LineString", "coordinates": [ [ 78.4622793, 17.381415 ], [ 78.4620984, 17.3814422 ], [ 78.4619777, 17.3814678 ], [ 78.4617323, 17.3815433 ] ] } },
{ "type": "Feature", "properties": { "road_id": "OSM-WAY-824866721", "road_name": "", "road_class": "residential", "source": "real:osm", "confidence": 1.0, "attribution": "© OpenStreetMap contributors" }, "geometry": { "type": "LineString", "coordinates": [ [ 78.4675435, 17.378427 ], [ 78.4675474, 17.3784148 ], [ 78.4675464, 17.3784025 ], [ 78.4674948, 17.378157 ], [ 78.4674945, 17.3781444 ], [ 78.4674982, 17.3781332 ], [ 78.4675041, 17.3781275 ], [ 78.4675176, 17.3781232 ], [ 78.4676981, 17.3781262 ] ] } },
{ "type": "Feature", "properties": { "road_id": "OSM-WAY-824866722", "road_name": "", "road_class": "residential", "source": "real:osm", "confidence": 1.0, "attribution": "© OpenStreetMap contributors" }, "geometry": { "type": "LineString", "coordinates": [ [ 78.4663377, 17.3791677 ], [ 78.4665682, 17.3791264 ], [ 78.4666017, 17.3791265 ], [ 78.4666221, 17.3791409 ], [ 78.4666282, 17.3791654 ], [ 78.4666654, 17.3794187 ] ] } },
{ "type": "Feature", "properties": { "road_id": "OSM-WAY-824866723", "road_name": "", "road_class": "residential", "source": "real:osm", "confidence": 1.0, "attribution": "© OpenStreetMap contributors" }, "geometry": { "type": "LineString", "coordinates": [ [ 78.4666012, 17.3765071 ], [ 78.4666125, 17.3765856 ], [ 78.4666486, 17.3768434 ], [ 78.4666847, 17.3771011 ] ] } },
{ "type": "Feature", "properties": { "road_id": "OSM-WAY-824866724", "road_name": "", "road_class": "residential", "source": "real:osm", "confidence": 1.0, "attribution": "© OpenStreetMap contributors" }, "geometry": { "type": "LineString", "coordinates": [ [ 78.4673228, 17.3764515 ], [ 78.4673563, 17.3767375 ] ] } },
{ "type": "Feature", "properties": { "road_id": "OSM-WAY-824866725", "road_name": "", "road_class": "residential", "source": "real:osm", "confidence": 1.0, "attribution": "© OpenStreetMap contributors" }, "geometry": { "type": "LineString", "coordinates": [ [ 78.4661016, 17.3773549 ], [ 78.466258, 17.3773518 ], [ 78.4662872, 17.377369 ], [ 78.4662989, 17.3773958 ], [ 78.4663504, 17.3776826 ] ] } },
{ "type": "Feature", "properties": { "road_id": "OSM-WAY-824866726", "road_name": "", "road_class": "residential", "source": "real:osm", "confidence": 1.0, "attribution": "© OpenStreetMap contributors" }, "geometry": { "type": "LineString", "coordinates": [ [ 78.46481, 17.3779562 ], [ 78.4647754, 17.3777733 ], [ 78.4647389, 17.3775807 ], [ 78.4647051, 17.3774023 ] ] } },
{ "type": "Feature", "properties": { "road_id": "OSM-WAY-824866727", "road_name": "", "road_class": "living_street", "source": "real:osm", "confidence": 1.0, "attribution": "© OpenStreetMap contributors" }, "geometry": { "type": "LineString", "coordinates": [ [ 78.4632892, 17.3748657 ], [ 78.463306, 17.375276 ] ] } },
{ "type": "Feature", "properties": { "road_id": "OSM-WAY-824866728", "road_name": "", "road_class": "residential", "source": "real:osm", "confidence": 1.0, "attribution": "© OpenStreetMap contributors" }, "geometry": { "type": "LineString", "coordinates": [ [ 78.4650598, 17.3746681 ], [ 78.4650781, 17.3747457 ], [ 78.4650807, 17.3748175 ], [ 78.4650648, 17.374907 ], [ 78.4650181, 17.3750275 ], [ 78.4650042, 17.3750661 ], [ 78.4650015, 17.3751274 ], [ 78.4650092, 17.3752568 ], [ 78.4650059, 17.3753172 ], [ 78.4649979, 17.3753391 ], [ 78.4649778, 17.375354 ], [ 78.4649422, 17.3753619 ], [ 78.4649268, 17.3753752 ], [ 78.4649241, 17.3753919 ], [ 78.46493, 17.3754398 ], [ 78.464989, 17.3756442 ] ] } },
{ "type": "Feature", "properties": { "road_id": "OSM-WAY-824866729", "road_name": "", "road_class": "residential", "source": "real:osm", "confidence": 1.0, "attribution": "© OpenStreetMap contributors" }, "geometry": { "type": "LineString", "coordinates": [ [ 78.4672648, 17.3749512 ], [ 78.4672201, 17.3748598 ], [ 78.4671772, 17.3747138 ], [ 78.4670994, 17.3744489 ] ] } },
{ "type": "Feature", "properties": { "road_id": "OSM-WAY-824866730", "road_name": "", "road_class": "residential", "source": "real:osm", "confidence": 1.0, "attribution": "© OpenStreetMap contributors" }, "geometry": { "type": "LineString", "coordinates": [ [ 78.4673651, 17.37486 ], [ 78.4672174, 17.3743439 ] ] } },
{ "type": "Feature", "properties": { "road_id": "OSM-WAY-824866731", "road_name": "", "road_class": "living_street", "source": "real:osm", "confidence": 1.0, "attribution": "© OpenStreetMap contributors" }, "geometry": { "type": "LineString", "coordinates": [ [ 78.4660378, 17.373324 ], [ 78.4665353, 17.373628 ] ] } },
{ "type": "Feature", "properties": { "road_id": "OSM-WAY-824877718", "road_name": "", "road_class": "service", "source": "real:osm", "confidence": 1.0, "attribution": "© OpenStreetMap contributors" }, "geometry": { "type": "LineString", "coordinates": [ [ 78.4670972, 17.3837721 ], [ 78.4669234, 17.3829185 ] ] } },
{ "type": "Feature", "properties": { "road_id": "OSM-WAY-824877719", "road_name": "", "road_class": "residential", "source": "real:osm", "confidence": 1.0, "attribution": "© OpenStreetMap contributors" }, "geometry": { "type": "LineString", "coordinates": [ [ 78.4606151, 17.3742196 ], [ 78.4606382, 17.374136 ], [ 78.4606444, 17.3740973 ], [ 78.4606401, 17.3740598 ], [ 78.4606222, 17.3740279 ], [ 78.4606072, 17.3739739 ], [ 78.4605819, 17.3739039 ] ] } },
{ "type": "Feature", "properties": { "road_id": "OSM-WAY-824881459", "road_name": "", "road_class": "residential", "source": "real:osm", "confidence": 1.0, "attribution": "© OpenStreetMap contributors" }, "geometry": { "type": "LineString", "coordinates": [ [ 78.4568561, 17.3699377 ], [ 78.4568672, 17.3698732 ], [ 78.4568723, 17.3698208 ], [ 78.4568621, 17.3697791 ], [ 78.4567661, 17.3696149 ] ] } },
{ "type": "Feature", "properties": { "road_id": "OSM-WAY-824881460", "road_name": "", "road_class": "residential", "source": "real:osm", "confidence": 1.0, "attribution": "© OpenStreetMap contributors" }, "geometry": { "type": "LineString", "coordinates": [ [ 78.456464, 17.370453 ], [ 78.4563249, 17.3701995 ], [ 78.4563196, 17.3701746 ], [ 78.4563263, 17.370149 ], [ 78.4563383, 17.3701266 ], [ 78.4563377, 17.3701074 ], [ 78.4563249, 17.3700805 ], [ 78.4562258, 17.369946 ] ] } },
{ "type": "Feature", "properties": { "road_id": "OSM-WAY-826058282", "road_name": "", "road_class": "service", "source": "real:osm", "confidence": 1.0, "attribution": "© OpenStreetMap contributors" }, "geometry": { "type": "LineString", "coordinates": [ [ 78.466195, 17.3678069 ], [ 78.4661836, 17.3676608 ], [ 78.4661717, 17.3675623 ], [ 78.4661206, 17.3668586 ] ] } },
{ "type": "Feature", "properties": { "road_id": "OSM-WAY-826058283", "road_name": "", "road_class": "service", "source": "real:osm", "confidence": 1.0, "attribution": "© OpenStreetMap contributors" }, "geometry": { "type": "LineString", "coordinates": [ [ 78.4661717, 17.3675623 ], [ 78.4657604, 17.3676048 ], [ 78.4657275, 17.3675722 ], [ 78.4656943, 17.3675311 ] ] } },
{ "type": "Feature", "properties": { "road_id": "OSM-WAY-829683016", "road_name": "", "road_class": "trunk", "source": "real:osm", "confidence": 1.0, "attribution": "© OpenStreetMap contributors" }, "geometry": { "type": "LineString", "coordinates": [ [ 78.4770645, 17.370126 ], [ 78.4770367, 17.3700312 ], [ 78.4769958, 17.3699286 ], [ 78.4767061, 17.3694444 ], [ 78.4765327, 17.3691407 ] ] } },
{ "type": "Feature", "properties": { "road_id": "OSM-WAY-829683018", "road_name": "", "road_class": "trunk", "source": "real:osm", "confidence": 1.0, "attribution": "© OpenStreetMap contributors" }, "geometry": { "type": "LineString", "coordinates": [ [ 78.4770712, 17.3703092 ], [ 78.4770784, 17.3702199 ], [ 78.4770645, 17.370126 ] ] } },
{ "type": "Feature", "properties": { "road_id": "OSM-WAY-865406788", "road_name": "", "road_class": "trunk_link", "source": "real:osm", "confidence": 1.0, "attribution": "© OpenStreetMap contributors" }, "geometry": { "type": "LineString", "coordinates": [ [ 78.4754485, 17.365319 ], [ 78.475437, 17.3652973 ], [ 78.4754206, 17.3652864 ], [ 78.4753985, 17.3652832 ], [ 78.4753726, 17.3652912 ], [ 78.4753592, 17.3653053 ], [ 78.4753534, 17.3653178 ] ] } },
{ "type": "Feature", "properties": { "road_id": "OSM-WAY-915399969", "road_name": "Goshamahal Government High School", "road_class": "residential", "source": "real:osm", "confidence": 1.0, "attribution": "© OpenStreetMap contributors" }, "geometry": { "type": "LineString", "coordinates": [ [ 78.4751491, 17.378299 ], [ 78.4756221, 17.3782957 ] ] } },
{ "type": "Feature", "properties": { "road_id": "OSM-WAY-918520125", "road_name": "Panchsheel", "road_class": "residential", "source": "real:osm", "confidence": 1.0, "attribution": "© OpenStreetMap contributors" }, "geometry": { "type": "LineString", "coordinates": [ [ 78.4662115, 17.3765445 ], [ 78.4661649, 17.3763722 ] ] } },
{ "type": "Feature", "properties": { "road_id": "OSM-WAY-922342237", "road_name": "", "road_class": "residential", "source": "real:osm", "confidence": 1.0, "attribution": "© OpenStreetMap contributors" }, "geometry": { "type": "LineString", "coordinates": [ [ 78.4719098, 17.3684413 ], [ 78.471905, 17.3683169 ], [ 78.4717542, 17.3678027 ], [ 78.471634, 17.3673135 ], [ 78.4716041, 17.3669209 ], [ 78.4716436, 17.3668313 ], [ 78.4717626, 17.3665611 ], [ 78.47193, 17.3662141 ], [ 78.472174, 17.365931 ], [ 78.4725909, 17.3654066 ], [ 78.4727116, 17.3652091 ], [ 78.4729365, 17.3650292 ], [ 78.4731617, 17.3647367 ], [ 78.4731986, 17.3646588 ] ] } },
{ "type": "Feature", "properties": { "road_id": "OSM-WAY-968022414", "road_name": "Mumbai Highway", "road_class": "trunk", "source": "real:osm", "confidence": 1.0, "attribution": "© OpenStreetMap contributors" }, "geometry": { "type": "LineString", "coordinates": [ [ 78.4816839, 17.3775164 ], [ 78.4813095, 17.3768307 ], [ 78.4806069, 17.375544 ] ] } },
{ "type": "Feature", "properties": { "road_id": "OSM-WAY-995458075", "road_name": "", "road_class": "residential", "source": "real:osm", "confidence": 1.0, "attribution": "© OpenStreetMap contributors" }, "geometry": { "type": "LineString", "coordinates": [ [ 78.4565074, 17.368364 ], [ 78.4561801, 17.3684101 ], [ 78.4561157, 17.3684459 ], [ 78.4557855, 17.3685168 ] ] } },
{ "type": "Feature", "properties": { "road_id": "OSM-WAY-995458079", "road_name": "", "road_class": "residential", "source": "real:osm", "confidence": 1.0, "attribution": "© OpenStreetMap contributors" }, "geometry": { "type": "LineString", "coordinates": [ [ 78.4720328, 17.3762807 ], [ 78.4725189, 17.3761753 ] ] } },
{ "type": "Feature", "properties": { "road_id": "OSM-WAY-995458087", "road_name": "", "road_class": "residential", "source": "real:osm", "confidence": 1.0, "attribution": "© OpenStreetMap contributors" }, "geometry": { "type": "LineString", "coordinates": [ [ 78.4839732, 17.3743617 ], [ 78.4845204, 17.3740572 ], [ 78.4846673, 17.3740096 ] ] } },
{ "type": "Feature", "properties": { "road_id": "OSM-WAY-995458094", "road_name": "", "road_class": "residential", "source": "real:osm", "confidence": 1.0, "attribution": "© OpenStreetMap contributors" }, "geometry": { "type": "LineString", "coordinates": [ [ 78.472174, 17.365931 ], [ 78.4720194, 17.3655617 ] ] } },
{ "type": "Feature", "properties": { "road_id": "OSM-WAY-995461021", "road_name": "", "road_class": "living_street", "source": "real:osm", "confidence": 1.0, "attribution": "© OpenStreetMap contributors" }, "geometry": { "type": "LineString", "coordinates": [ [ 78.4799191, 17.3745733 ], [ 78.4798313, 17.3746364 ], [ 78.4797058, 17.3747104 ], [ 78.4796263, 17.3747467 ], [ 78.479527, 17.3747902 ], [ 78.479386, 17.374829 ], [ 78.4791301, 17.3749059 ] ] } },
{ "type": "Feature", "properties": { "road_id": "OSM-WAY-1042949652", "road_name": "", "road_class": "residential", "source": "real:osm", "confidence": 1.0, "attribution": "© OpenStreetMap contributors" }, "geometry": { "type": "LineString", "coordinates": [ [ 78.4646554, 17.3641409 ], [ 78.4646668, 17.3644279 ], [ 78.4645836, 17.3645985 ], [ 78.4646915, 17.3649661 ], [ 78.4646268, 17.365069 ], [ 78.4646655, 17.3652604 ] ] } },
{ "type": "Feature", "properties": { "road_id": "OSM-WAY-1054784196", "road_name": "", "road_class": "living_street", "source": "real:osm", "confidence": 1.0, "attribution": "© OpenStreetMap contributors" }, "geometry": { "type": "LineString", "coordinates": [ [ 78.475185, 17.3696467 ], [ 78.4751746, 17.3689334 ] ] } },
{ "type": "Feature", "properties": { "road_id": "OSM-WAY-1058043431", "road_name": "", "road_class": "trunk", "source": "real:osm", "confidence": 1.0, "attribution": "© OpenStreetMap contributors" }, "geometry": { "type": "LineString", "coordinates": [ [ 78.4764028, 17.3703412 ], [ 78.4764539, 17.3703943 ], [ 78.4765282, 17.3704188 ], [ 78.4769561, 17.3704597 ], [ 78.4770342, 17.3704475 ] ] } },
{ "type": "Feature", "properties": { "road_id": "OSM-WAY-1085749089", "road_name": "", "road_class": "residential", "source": "real:osm", "confidence": 1.0, "attribution": "© OpenStreetMap contributors" }, "geometry": { "type": "LineString", "coordinates": [ [ 78.4759098, 17.3849384 ], [ 78.4754931, 17.3851401 ], [ 78.4755414, 17.3853295 ], [ 78.475292, 17.385437 ] ] } },
{ "type": "Feature", "properties": { "road_id": "OSM-WAY-1097908872", "road_name": "", "road_class": "residential", "source": "real:osm", "confidence": 1.0, "attribution": "© OpenStreetMap contributors" }, "geometry": { "type": "LineString", "coordinates": [ [ 78.4776444, 17.3825336 ], [ 78.4775905, 17.3822733 ] ] } },
{ "type": "Feature", "properties": { "road_id": "OSM-WAY-1097908873", "road_name": "", "road_class": "service", "source": "real:osm", "confidence": 1.0, "attribution": "© OpenStreetMap contributors" }, "geometry": { "type": "LineString", "coordinates": [ [ 78.4775905, 17.3822733 ], [ 78.4775414, 17.3820233 ] ] } },
{ "type": "Feature", "properties": { "road_id": "OSM-WAY-1104581672", "road_name": "Chaderghat Road", "road_class": "primary", "source": "real:osm", "confidence": 1.0, "attribution": "© OpenStreetMap contributors" }, "geometry": { "type": "LineString", "coordinates": [ [ 78.4836377, 17.3740157 ], [ 78.483714, 17.3740873 ], [ 78.4839732, 17.3743617 ], [ 78.484093, 17.3744788 ], [ 78.4843561, 17.3747261 ], [ 78.484527, 17.3748867 ], [ 78.4847304, 17.3750883 ], [ 78.4847899, 17.3751472 ], [ 78.4849838, 17.3753355 ], [ 78.4851726, 17.3755189 ], [ 78.485221, 17.3755837 ], [ 78.4854068, 17.3757915 ], [ 78.4856822, 17.3761517 ], [ 78.4862151, 17.3767932 ], [ 78.4862331, 17.3768082 ] ] } },
{ "type": "Feature", "properties": { "road_id": "OSM-WAY-1104599390", "road_name": "", "road_class": "primary", "source": "real:osm", "confidence": 1.0, "attribution": "© OpenStreetMap contributors" }, "geometry": { "type": "LineString", "coordinates": [ [ 78.4687013, 17.3734224 ], [ 78.4687586, 17.3731055 ], [ 78.4688599, 17.3727021 ], [ 78.4689625, 17.3722519 ], [ 78.469029, 17.371807 ], [ 78.4690436, 17.3717004 ], [ 78.469029, 17.3714965 ], [ 78.4690152, 17.3714425 ], [ 78.4689798, 17.3713885 ] ] } },
{ "type": "Feature", "properties": { "road_id": "OSM-WAY-1104599391", "road_name": "", "road_class": "primary", "source": "real:osm", "confidence": 1.0, "attribution": "© OpenStreetMap contributors" }, "geometry": { "type": "LineString", "coordinates": [ [ 78.4720762, 17.3803807 ], [ 78.4720394, 17.3803223 ], [ 78.471946, 17.3801395 ], [ 78.471869, 17.3797317 ], [ 78.47167, 17.3786222 ], [ 78.4715701, 17.3778688 ], [ 78.4714884, 17.3774588 ], [ 78.4714367, 17.3773745 ], [ 78.4713459, 17.3772872 ], [ 78.4711668, 17.3771713 ], [ 78.471067, 17.3771067 ], [ 78.4707885, 17.3769857 ], [ 78.4705575, 17.376879 ], [ 78.47051, 17.3768571 ], [ 78.4702672, 17.3766744 ], [ 78.4700734, 17.3764939 ], [ 78.469875, 17.376216 ], [ 78.4696617, 17.375895 ], [ 78.4694212, 17.3755332 ] ] } },
{ "type": "Feature", "properties": { "road_id": "OSM-WAY-1104599392", "road_name": "", "road_class": "residential", "source": "real:osm", "confidence": 1.0, "attribution": "© OpenStreetMap contributors" }, "geometry": { "type": "LineString", "coordinates": [ [ 78.4704718, 17.3769387 ], [ 78.4705575, 17.376879 ] ] } },
{ "type": "Feature", "properties": { "road_id": "OSM-WAY-1104860947", "road_name": "Pathergatti Road", "road_class": "trunk", "source": "real:osm", "confidence": 1.0, "attribution": "© OpenStreetMap contributors" }, "geometry": { "type": "LineString", "coordinates": [ [ 78.4758163, 17.3676326 ], [ 78.4759226, 17.3681613 ], [ 78.4759934, 17.3684753 ] ] } },
{ "type": "Feature", "properties": { "road_id": "OSM-WAY-1121564220", "road_name": "", "road_class": "primary_link", "source": "real:osm", "confidence": 1.0, "attribution": "© OpenStreetMap contributors" }, "geometry": { "type": "LineString", "coordinates": [ [ 78.4756123, 17.3835337 ], [ 78.4754949, 17.3835187 ], [ 78.475404, 17.3834958 ], [ 78.4753301, 17.3834608 ], [ 78.4752593, 17.3834143 ], [ 78.4751874, 17.3833367 ] ] } },
{ "type": "Feature", "properties": { "road_id": "OSM-WAY-1126919478", "road_name": "", "road_class": "residential", "source": "real:osm", "confidence": 1.0, "attribution": "© OpenStreetMap contributors" }, "geometry": { "type": "LineString", "coordinates": [ [ 78.4825897, 17.3668012 ], [ 78.482854, 17.3667235 ], [ 78.4830372, 17.3667082 ], [ 78.4831067, 17.3667066 ], [ 78.483211, 17.366707 ], [ 78.4834938, 17.3667285 ] ] } },
{ "type": "Feature", "properties": { "road_id": "OSM-WAY-1134755977", "road_name": "", "road_class": "living_street", "source": "real:osm", "confidence": 1.0, "attribution": "© OpenStreetMap contributors" }, "geometry": { "type": "LineString", "coordinates": [ [ 78.4672742, 17.3751724 ], [ 78.4671588, 17.3750487 ] ] } },
{ "type": "Feature", "properties": { "road_id": "OSM-WAY-1148114663", "road_name": "Pathergatti Road", "road_class": "trunk", "source": "real:osm", "confidence": 1.0, "attribution": "© OpenStreetMap contributors" }, "geometry": { "type": "LineString", "coordinates": [ [ 78.4759934, 17.3684753 ], [ 78.4760695, 17.3686992 ] ] } },
{ "type": "Feature", "properties": { "road_id": "OSM-WAY-1154645648", "road_name": "", "road_class": "service", "source": "real:osm", "confidence": 1.0, "attribution": "© OpenStreetMap contributors" }, "geometry": { "type": "LineString", "coordinates": [ [ 78.4720899, 17.3717985 ], [ 78.4721931, 17.3718126 ] ] } },
{ "type": "Feature", "properties": { "road_id": "OSM-WAY-1161310550", "road_name": "", "road_class": "service", "source": "real:osm", "confidence": 1.0, "attribution": "© OpenStreetMap contributors" }, "geometry": { "type": "LineString", "coordinates": [ [ 78.4827303, 17.3818093 ], [ 78.4828406, 17.3819735 ] ] } },
{ "type": "Feature", "properties": { "road_id": "OSM-WAY-1161310551", "road_name": "", "road_class": "service", "source": "real:osm", "confidence": 1.0, "attribution": "© OpenStreetMap contributors" }, "geometry": { "type": "LineString", "coordinates": [ [ 78.4826424, 17.3816821 ], [ 78.4827303, 17.3818093 ] ] } },
{ "type": "Feature", "properties": { "road_id": "OSM-WAY-1188226700", "road_name": "", "road_class": "residential", "source": "real:osm", "confidence": 1.0, "attribution": "© OpenStreetMap contributors" }, "geometry": { "type": "LineString", "coordinates": [ [ 78.475608, 17.3767395 ], [ 78.4756211, 17.3772378 ] ] } },
{ "type": "Feature", "properties": { "road_id": "OSM-WAY-1188226818", "road_name": "", "road_class": "residential", "source": "real:osm", "confidence": 1.0, "attribution": "© OpenStreetMap contributors" }, "geometry": { "type": "LineString", "coordinates": [ [ 78.4760283, 17.3772257 ], [ 78.4762605, 17.3770078 ] ] } },
{ "type": "Feature", "properties": { "road_id": "OSM-WAY-1188227003", "road_name": "", "road_class": "living_street", "source": "real:osm", "confidence": 1.0, "attribution": "© OpenStreetMap contributors" }, "geometry": { "type": "LineString", "coordinates": [ [ 78.4789878, 17.3762763 ], [ 78.4789167, 17.3759013 ] ] } },
{ "type": "Feature", "properties": { "road_id": "OSM-WAY-1188571829", "road_name": "", "road_class": "service", "source": "real:osm", "confidence": 1.0, "attribution": "© OpenStreetMap contributors" }, "geometry": { "type": "LineString", "coordinates": [ [ 78.4833464, 17.3712388 ], [ 78.4834529, 17.3712083 ], [ 78.483486, 17.3713357 ] ] } },
{ "type": "Feature", "properties": { "road_id": "OSM-WAY-1188573376", "road_name": "", "road_class": "service", "source": "real:osm", "confidence": 1.0, "attribution": "© OpenStreetMap contributors" }, "geometry": { "type": "LineString", "coordinates": [ [ 78.4779454, 17.3738687 ], [ 78.4779216, 17.3737786 ] ] } },
{ "type": "Feature", "properties": { "road_id": "OSM-WAY-1188573377", "road_name": "", "road_class": "service", "source": "real:osm", "confidence": 1.0, "attribution": "© OpenStreetMap contributors" }, "geometry": { "type": "LineString", "coordinates": [ [ 78.4783109, 17.3737953 ], [ 78.4783331, 17.3738834 ] ] } },
{ "type": "Feature", "properties": { "road_id": "OSM-WAY-1188573378", "road_name": "", "road_class": "service", "source": "real:osm", "confidence": 1.0, "attribution": "© OpenStreetMap contributors" }, "geometry": { "type": "LineString", "coordinates": [ [ 78.4779692, 17.3739588 ], [ 78.4779454, 17.3738687 ] ] } },
{ "type": "Feature", "properties": { "road_id": "OSM-WAY-1188575861", "road_name": "", "road_class": "residential", "source": "real:osm", "confidence": 1.0, "attribution": "© OpenStreetMap contributors" }, "geometry": { "type": "LineString", "coordinates": [ [ 78.4710966, 17.3710597 ], [ 78.4711119, 17.3716537 ] ] } },
{ "type": "Feature", "properties": { "road_id": "OSM-WAY-1188575862", "road_name": "", "road_class": "service", "source": "real:osm", "confidence": 1.0, "attribution": "© OpenStreetMap contributors" }, "geometry": { "type": "LineString", "coordinates": [ [ 78.4714123, 17.371711 ], [ 78.4717569, 17.3717531 ] ] } },
{ "type": "Feature", "properties": { "road_id": "OSM-WAY-1188575863", "road_name": "", "road_class": "service", "source": "real:osm", "confidence": 1.0, "attribution": "© OpenStreetMap contributors" }, "geometry": { "type": "LineString", "coordinates": [ [ 78.4757361, 17.3726947 ], [ 78.4758108, 17.3727179 ] ] } },
{ "type": "Feature", "properties": { "road_id": "OSM-WAY-1188575864", "road_name": "", "road_class": "service", "source": "real:osm", "confidence": 1.0, "attribution": "© OpenStreetMap contributors" }, "geometry": { "type": "LineString", "coordinates": [ [ 78.4718258, 17.3710007 ], [ 78.4717936, 17.3711817 ] ] } },
{ "type": "Feature", "properties": { "road_id": "OSM-WAY-1188575865", "road_name": "", "road_class": "service", "source": "real:osm", "confidence": 1.0, "attribution": "© OpenStreetMap contributors" }, "geometry": { "type": "LineString", "coordinates": [ [ 78.4740859, 17.3716466 ], [ 78.4740943, 17.371624 ], [ 78.4741092, 17.3715692 ] ] } },
{ "type": "Feature", "properties": { "road_id": "OSM-WAY-1188575866", "road_name": "", "road_class": "service", "source": "real:osm", "confidence": 1.0, "attribution": "© OpenStreetMap contributors" }, "geometry": { "type": "LineString", "coordinates": [ [ 78.4741827, 17.3715859 ], [ 78.4741491, 17.3716383 ], [ 78.4741393, 17.3716663 ] ] } },
{ "type": "Feature", "properties": { "road_id": "OSM-WAY-1188575867", "road_name": "", "road_class": "service", "source": "real:osm", "confidence": 1.0, "attribution": "© OpenStreetMap contributors" }, "geometry": { "type": "LineString", "coordinates": [ [ 78.4749888, 17.3745662 ], [ 78.4749824, 17.3746578 ] ] } },
{ "type": "Feature", "properties": { "road_id": "OSM-WAY-1188778912", "road_name": "", "road_class": "service", "source": "real:osm", "confidence": 1.0, "attribution": "© OpenStreetMap contributors" }, "geometry": { "type": "LineString", "coordinates": [ [ 78.4561884, 17.3675381 ], [ 78.4562208, 17.3673371 ], [ 78.456204, 17.3672281 ] ] } },
{ "type": "Feature", "properties": { "road_id": "OSM-WAY-1188778913", "road_name": "", "road_class": "residential", "source": "real:osm", "confidence": 1.0, "attribution": "© OpenStreetMap contributors" }, "geometry": { "type": "LineString", "coordinates": [ [ 78.456204, 17.3672281 ], [ 78.4564249, 17.3671014 ], [ 78.4564825, 17.3670433 ] ] } },
{ "type": "Feature", "properties": { "road_id": "OSM-WAY-1188786113", "road_name": "", "road_class": "secondary", "source": "real:osm", "confidence": 1.0, "attribution": "© OpenStreetMap contributors" }, "geometry": { "type": "LineString", "coordinates": [ [ 78.4585794, 17.366778 ], [ 78.458586, 17.3668314 ], [ 78.4585818, 17.3668777 ], [ 78.4585625, 17.3669257 ] ] } },
{ "type": "Feature", "properties": { "road_id": "OSM-WAY-1188786114", "road_name": "", "road_class": "service", "source": "real:osm", "confidence": 1.0, "attribution": "© OpenStreetMap contributors" }, "geometry": { "type": "LineString", "coordinates": [ [ 78.4579014, 17.368359 ], [ 78.4578096, 17.3685417 ], [ 78.4577821, 17.3685964 ] ] } },
{ "type": "Feature", "properties": { "road_id": "OSM-WAY-1188786115", "road_name": "", "road_class": "service", "source": "real:osm", "confidence": 1.0, "attribution": "© OpenStreetMap contributors" }, "geometry": { "type": "LineString", "coordinates": [ [ 78.4584704, 17.3667691 ], [ 78.4584544, 17.3668581 ] ] } },
{ "type": "Feature", "properties": { "road_id": "OSM-WAY-1188786116", "road_name": "", "road_class": "residential", "source": "real:osm", "confidence": 1.0, "attribution": "© OpenStreetMap contributors" }, "geometry": { "type": "LineString", "coordinates": [ [ 78.4614838, 17.3672531 ], [ 78.4614834, 17.3674914 ], [ 78.4615007, 17.3675146 ], [ 78.4615325, 17.3675256 ], [ 78.4621869, 17.3675765 ] ] } },
{ "type": "Feature", "properties": { "road_id": "OSM-WAY-1188786117", "road_name": "", "road_class": "secondary", "source": "real:osm", "confidence": 1.0, "attribution": "© OpenStreetMap contributors" }, "geometry": { "type": "LineString", "coordinates": [ [ 78.4686298, 17.3713912 ], [ 78.4682893, 17.3713628 ], [ 78.4679225, 17.3713388 ], [ 78.4678013, 17.3713195 ], [ 78.4675187, 17.3712874 ], [ 78.4673988, 17.3712764 ], [ 78.4665749, 17.3711864 ], [ 78.4659845, 17.3711103 ], [ 78.4654476, 17.3710339 ], [ 78.4653003, 17.3710157 ], [ 78.465217, 17.371007 ], [ 78.4650742, 17.3710009 ], [ 78.4647095, 17.3709852 ], [ 78.464431, 17.3709789 ] ] } },
{ "type": "Feature", "properties": { "road_id": "OSM-WAY-1188786118", "road_name": "", "road_class": "secondary", "source": "real:osm", "confidence": 1.0, "attribution": "© OpenStreetMap contributors" }, "geometry": { "type": "LineString", "coordinates": [ [ 78.464431, 17.3709789 ], [ 78.4643696, 17.3709775 ] ] } },
{ "type": "Feature", "properties": { "road_id": "OSM-WAY-1188795360", "road_name": "", "road_class": "primary", "source": "real:osm", "confidence": 1.0, "attribution": "© OpenStreetMap contributors" }, "geometry": { "type": "LineString", "coordinates": [ [ 78.469875, 17.376216 ], [ 78.4697949, 17.3762515 ] ] } },
{ "type": "Feature", "properties": { "road_id": "OSM-WAY-1188916454", "road_name": "", "road_class": "residential", "source": "real:osm", "confidence": 1.0, "attribution": "© OpenStreetMap contributors" }, "geometry": { "type": "LineString", "coordinates": [ [ 78.4743069, 17.3648019 ], [ 78.474271, 17.3649264 ], [ 78.4740481, 17.3650168 ] ] } },
{ "type": "Feature", "properties": { "road_id": "OSM-WAY-1189308180", "road_name": "", "road_class": "service", "source": "real:osm", "confidence": 1.0, "attribution": "© OpenStreetMap contributors" }, "geometry": { "type": "LineString", "coordinates": [ [ 78.4733025, 17.369127 ], [ 78.4733224, 17.3687759 ], [ 78.4733353, 17.3685469 ] ] } },
{ "type": "Feature", "properties": { "road_id": "OSM-WAY-1189308181", "road_name": "", "road_class": "service", "source": "real:osm", "confidence": 1.0, "attribution": "© OpenStreetMap contributors" }, "geometry": { "type": "LineString", "coordinates": [ [ 78.4733392, 17.3691385 ], [ 78.4733942, 17.3687803 ], [ 78.4734298, 17.3685489 ] ] } },
{ "type": "Feature", "properties": { "road_id": "OSM-WAY-1189308182", "road_name": "", "road_class": "service", "source": "real:osm", "confidence": 1.0, "attribution": "© OpenStreetMap contributors" }, "geometry": { "type": "LineString", "coordinates": [ [ 78.4736892, 17.3697953 ], [ 78.4729281, 17.3696392 ] ] } },
{ "type": "Feature", "properties": { "road_id": "OSM-WAY-1189308183", "road_name": "", "road_class": "service", "source": "real:osm", "confidence": 1.0, "attribution": "© OpenStreetMap contributors" }, "geometry": { "type": "LineString", "coordinates": [ [ 78.4751367, 17.3698951 ], [ 78.4750899, 17.3698141 ], [ 78.4750408, 17.369754 ], [ 78.4749879, 17.3697114 ], [ 78.4748631, 17.3695269 ], [ 78.4747795, 17.3693221 ], [ 78.4745867, 17.3687177 ], [ 78.4745744, 17.3687071 ], [ 78.4745603, 17.3686989 ], [ 78.4741474, 17.3688137 ] ] } },
{ "type": "Feature", "properties": { "road_id": "OSM-WAY-1189308409", "road_name": "", "road_class": "living_street", "source": "real:osm", "confidence": 1.0, "attribution": "© OpenStreetMap contributors" }, "geometry": { "type": "LineString", "coordinates": [ [ 78.4713244, 17.3733788 ], [ 78.4718713, 17.373293 ] ] } },
{ "type": "Feature", "properties": { "road_id": "OSM-WAY-1189568770", "road_name": "", "road_class": "living_street", "source": "real:osm", "confidence": 1.0, "attribution": "© OpenStreetMap contributors" }, "geometry": { "type": "LineString", "coordinates": [ [ 78.476662, 17.3687578 ], [ 78.4767149, 17.3689102 ], [ 78.4767269, 17.3689448 ], [ 78.4767413, 17.3689754 ], [ 78.4767715, 17.3689841 ], [ 78.4767957, 17.3689957 ], [ 78.4768285, 17.3690985 ] ] } },
{ "type": "Feature", "properties": { "road_id": "OSM-WAY-1189572140", "road_name": "", "road_class": "residential", "source": "real:osm", "confidence": 1.0, "attribution": "© OpenStreetMap contributors" }, "geometry": { "type": "LineString", "coordinates": [ [ 78.4797413, 17.3650118 ], [ 78.4797066, 17.3648651 ], [ 78.4796955, 17.3647864 ], [ 78.4796487, 17.3647926 ], [ 78.4796217, 17.3647822 ], [ 78.479602, 17.3647743 ], [ 78.4795707, 17.3647786 ] ] } },
{ "type": "Feature", "properties": { "road_id": "OSM-WAY-1189572697", "road_name": "", "road_class": "living_street", "source": "real:osm", "confidence": 1.0, "attribution": "© OpenStreetMap contributors" }, "geometry": { "type": "LineString", "coordinates": [ [ 78.4835477, 17.3662424 ], [ 78.4835295, 17.3662274 ], [ 78.4835243, 17.3662051 ], [ 78.4835187, 17.366124 ], [ 78.4835098, 17.3660434 ], [ 78.4834788, 17.365926 ], [ 78.4834723, 17.3658989 ], [ 78.4834685, 17.3658831 ], [ 78.4834531, 17.3658184 ], [ 78.4834349, 17.3657554 ], [ 78.4834271, 17.3657172 ], [ 78.4834253, 17.3656625 ], [ 78.4834288, 17.3656309 ], [ 78.4834453, 17.365616 ], [ 78.4834549, 17.3655886 ], [ 78.4834566, 17.3654484 ], [ 78.483481, 17.365392 ], [ 78.483501, 17.3653481 ], [ 78.4835262, 17.3653282 ] ] } },
{ "type": "Feature", "properties": { "road_id": "OSM-WAY-1189573184", "road_name": "", "road_class": "service", "source": "real:osm", "confidence": 1.0, "attribution": "© OpenStreetMap contributors" }, "geometry": { "type": "LineString", "coordinates": [ [ 78.482211, 17.366907 ], [ 78.4823521, 17.3668683 ], [ 78.4824905, 17.3668304 ], [ 78.4825689, 17.3668073 ], [ 78.4825897, 17.3668012 ] ] } },
{ "type": "Feature", "properties": { "road_id": "OSM-WAY-1189607846", "road_name": "", "road_class": "residential", "source": "real:osm", "confidence": 1.0, "attribution": "© OpenStreetMap contributors" }, "geometry": { "type": "LineString", "coordinates": [ [ 78.4584921, 17.3724832 ], [ 78.4584063, 17.3722784 ], [ 78.4583849, 17.3722579 ], [ 78.4583473, 17.3722528 ], [ 78.4581656, 17.3723194 ], [ 78.458135, 17.3723107 ], [ 78.4581093, 17.3722736 ] ] } },
{ "type": "Feature", "properties": { "road_id": "OSM-WAY-1189632207", "road_name": "", "road_class": "residential", "source": "real:osm", "confidence": 1.0, "attribution": "© OpenStreetMap contributors" }, "geometry": { "type": "LineString", "coordinates": [ [ 78.465095, 17.3813802 ], [ 78.4652009, 17.381265 ], [ 78.4652456, 17.3811836 ], [ 78.4652862, 17.3810516 ], [ 78.4652822, 17.3803727 ], [ 78.4652781, 17.38007 ] ] } },
{ "type": "Feature", "properties": { "road_id": "OSM-WAY-1189800170", "road_name": "", "road_class": "residential", "source": "real:osm", "confidence": 1.0, "attribution": "© OpenStreetMap contributors" }, "geometry": { "type": "LineString", "coordinates": [ [ 78.4844874, 17.3737703 ], [ 78.4844748, 17.3737289 ], [ 78.4844959, 17.3737223 ], [ 78.4848682, 17.3737028 ], [ 78.4848989, 17.3738139 ] ] } },
{ "type": "Feature", "properties": { "road_id": "OSM-WAY-1189800431", "road_name": "", "road_class": "residential", "source": "real:osm", "confidence": 1.0, "attribution": "© OpenStreetMap contributors" }, "geometry": { "type": "LineString", "coordinates": [ [ 78.4828066, 17.3712373 ], [ 78.4828355, 17.3717029 ] ] } },
{ "type": "Feature", "properties": { "road_id": "OSM-WAY-1189800685", "road_name": "", "road_class": "residential", "source": "real:osm", "confidence": 1.0, "attribution": "© OpenStreetMap contributors" }, "geometry": { "type": "LineString", "coordinates": [ [ 78.4809846, 17.3696597 ], [ 78.4807671, 17.3697147 ], [ 78.4806711, 17.3693348 ] ] } },
{ "type": "Feature", "properties": { "road_id": "OSM-WAY-1189800896", "road_name": "", "road_class": "residential", "source": "real:osm", "confidence": 1.0, "attribution": "© OpenStreetMap contributors" }, "geometry": { "type": "LineString", "coordinates": [ [ 78.4810439, 17.3699409 ], [ 78.4812748, 17.3698375 ] ] } },
{ "type": "Feature", "properties": { "road_id": "OSM-WAY-1190111406", "road_name": "", "road_class": "service", "source": "real:osm", "confidence": 1.0, "attribution": "© OpenStreetMap contributors" }, "geometry": { "type": "LineString", "coordinates": [ [ 78.4749539, 17.3822115 ], [ 78.4750746, 17.3822043 ] ] } },
{ "type": "Feature", "properties": { "road_id": "OSM-WAY-1190111407", "road_name": "", "road_class": "service", "source": "real:osm", "confidence": 1.0, "attribution": "© OpenStreetMap contributors" }, "geometry": { "type": "LineString", "coordinates": [ [ 78.4750665, 17.382017 ], [ 78.4749378, 17.3820182 ] ] } },
{ "type": "Feature", "properties": { "road_id": "OSM-WAY-1190111409", "road_name": "", "road_class": "residential", "source": "real:osm", "confidence": 1.0, "attribution": "© OpenStreetMap contributors" }, "geometry": { "type": "LineString", "coordinates": [ [ 78.4732645, 17.384925 ], [ 78.4732933, 17.3849564 ], [ 78.4732516, 17.3850051 ], [ 78.4731866, 17.3850874 ], [ 78.472986, 17.3853404 ], [ 78.4729591, 17.3853733 ], [ 78.4729296, 17.3853764 ], [ 78.472892, 17.3853764 ], [ 78.4727206, 17.3852531 ] ] } },
{ "type": "Feature", "properties": { "road_id": "OSM-WAY-1190111410", "road_name": "", "road_class": "residential", "source": "real:osm", "confidence": 1.0, "attribution": "© OpenStreetMap contributors" }, "geometry": { "type": "LineString", "coordinates": [ [ 78.472474, 17.3850963 ], [ 78.4727206, 17.3852531 ], [ 78.4728348, 17.3850857 ], [ 78.4729285, 17.3849494 ], [ 78.4730627, 17.3847746 ], [ 78.4731306, 17.3846861 ], [ 78.4732216, 17.3845676 ] ] } },
{ "type": "Feature", "properties": { "road_id": "OSM-WAY-1190111412", "road_name": "", "road_class": "residential", "source": "real:osm", "confidence": 1.0, "attribution": "© OpenStreetMap contributors" }, "geometry": { "type": "LineString", "coordinates": [ [ 78.4728348, 17.3850857 ], [ 78.4726671, 17.3849634 ], [ 78.4726602, 17.3849475 ], [ 78.4726602, 17.3849237 ], [ 78.4727196, 17.3848481 ], [ 78.4729504, 17.3845654 ] ] } },
{ "type": "Feature", "properties": { "road_id": "OSM-WAY-1190111413", "road_name": "", "road_class": "residential", "source": "real:osm", "confidence": 1.0, "attribution": "© OpenStreetMap contributors" }, "geometry": { "type": "LineString", "coordinates": [ [ 78.4727196, 17.3848481 ], [ 78.4726494, 17.3848056 ] ] } },
{ "type": "Feature", "properties": { "road_id": "OSM-WAY-1190111414", "road_name": "", "road_class": "residential", "source": "real:osm", "confidence": 1.0, "attribution": "© OpenStreetMap contributors" }, "geometry": { "type": "LineString", "coordinates": [ [ 78.4732645, 17.384925 ], [ 78.4730627, 17.3847746 ] ] } },
{ "type": "Feature", "properties": { "road_id": "OSM-WAY-1190111415", "road_name": "", "road_class": "residential", "source": "real:osm", "confidence": 1.0, "attribution": "© OpenStreetMap contributors" }, "geometry": { "type": "LineString", "coordinates": [ [ 78.4731306, 17.3846861 ], [ 78.4729504, 17.3845654 ], [ 78.4727806, 17.3844518 ] ] } },
{ "type": "Feature", "properties": { "road_id": "OSM-WAY-1190125931", "road_name": "", "road_class": "service", "source": "real:osm", "confidence": 1.0, "attribution": "© OpenStreetMap contributors" }, "geometry": { "type": "LineString", "coordinates": [ [ 78.467148, 17.3829026 ], [ 78.4671409, 17.3827605 ] ] } },
{ "type": "Feature", "properties": { "road_id": "OSM-WAY-1190127901", "road_name": "", "road_class": "residential", "source": "real:osm", "confidence": 1.0, "attribution": "© OpenStreetMap contributors" }, "geometry": { "type": "LineString", "coordinates": [ [ 78.4607196, 17.3788288 ], [ 78.4610067, 17.3787748 ] ] } },
{ "type": "Feature", "properties": { "road_id": "OSM-WAY-1190128649", "road_name": "", "road_class": "residential", "source": "real:osm", "confidence": 1.0, "attribution": "© OpenStreetMap contributors" }, "geometry": { "type": "LineString", "coordinates": [ [ 78.4607143, 17.3794919 ], [ 78.4605874, 17.3793394 ], [ 78.4605283, 17.3792683 ] ] } },
{ "type": "Feature", "properties": { "road_id": "OSM-WAY-1190129527", "road_name": "", "road_class": "residential", "source": "real:osm", "confidence": 1.0, "attribution": "© OpenStreetMap contributors" }, "geometry": { "type": "LineString", "coordinates": [ [ 78.4606887, 17.3799555 ], [ 78.4605413, 17.3800095 ], [ 78.4605398, 17.3800259 ], [ 78.4605742, 17.3801428 ], [ 78.4605687, 17.3801576 ], [ 78.4603815, 17.3802294 ], [ 78.4603049, 17.3802588 ] ] } },
{ "type": "Feature", "properties": { "road_id": "OSM-WAY-1190131953", "road_name": "", "road_class": "service", "source": "real:osm", "confidence": 1.0, "attribution": "© OpenStreetMap contributors" }, "geometry": { "type": "LineString", "coordinates": [ [ 78.4724992, 17.3844794 ], [ 78.4725963, 17.3845178 ] ] } },
{ "type": "Feature", "properties": { "road_id": "OSM-WAY-1190316142", "road_name": "", "road_class": "residential", "source": "real:osm", "confidence": 1.0, "attribution": "© OpenStreetMap contributors" }, "geometry": { "type": "LineString", "coordinates": [ [ 78.4573863, 17.3726794 ], [ 78.4580465, 17.3724766 ], [ 78.4580734, 17.3724766 ], [ 78.4580975, 17.3724971 ], [ 78.458119, 17.3725534 ], [ 78.4581377, 17.3725688 ], [ 78.4581699, 17.3725713 ], [ 78.4582021, 17.3725662 ], [ 78.4584921, 17.3724832 ] ] } },
{ "type": "Feature", "properties": { "road_id": "OSM-WAY-1190354423", "road_name": "", "road_class": "tertiary", "source": "real:osm", "confidence": 1.0, "attribution": "© OpenStreetMap contributors" }, "geometry": { "type": "LineString", "coordinates": [ [ 78.4583071, 17.380938 ], [ 78.4582011, 17.3810045 ], [ 78.4580965, 17.3811184 ], [ 78.4580125, 17.3812582 ], [ 78.4578662, 17.3815483 ], [ 78.4578351, 17.3816338 ], [ 78.4577997, 17.3817215 ], [ 78.4575658, 17.3822706 ] ] } },
{ "type": "Feature", "properties": { "road_id": "OSM-WAY-1190366260", "road_name": "", "road_class": "residential", "source": "real:osm", "confidence": 1.0, "attribution": "© OpenStreetMap contributors" }, "geometry": { "type": "LineString", "coordinates": [ [ 78.4644059, 17.3780306 ], [ 78.4638209, 17.3781236 ] ] } },
{ "type": "Feature", "properties": { "road_id": "OSM-WAY-1190366261", "road_name": "", "road_class": "residential", "source": "real:osm", "confidence": 1.0, "attribution": "© OpenStreetMap contributors" }, "geometry": { "type": "LineString", "coordinates": [ [ 78.4640825, 17.3775436 ], [ 78.4640349, 17.3775268 ] ] } },
{ "type": "Feature", "properties": { "road_id": "OSM-WAY-1190384846", "road_name": "", "road_class": "residential", "source": "real:osm", "confidence": 1.0, "attribution": "© OpenStreetMap contributors" }, "geometry": { "type": "LineString", "coordinates": [ [ 78.4786024, 17.3831581 ], [ 78.4786461, 17.3836693 ], [ 78.4786543, 17.3838032 ] ] } },
{ "type": "Feature", "properties": { "road_id": "OSM-WAY-1190551402", "road_name": "", "road_class": "residential", "source": "real:osm", "confidence": 1.0, "attribution": "© OpenStreetMap contributors" }, "geometry": { "type": "LineString", "coordinates": [ [ 78.4549281, 17.3719263 ], [ 78.4551755, 17.3719365 ] ] } },
{ "type": "Feature", "properties": { "road_id": "OSM-WAY-1190551403", "road_name": "", "road_class": "residential", "source": "real:osm", "confidence": 1.0, "attribution": "© OpenStreetMap contributors" }, "geometry": { "type": "LineString", "coordinates": [ [ 78.4551755, 17.3719365 ], [ 78.4554372, 17.3718199 ], [ 78.4556189, 17.37219 ] ] } },
{ "type": "Feature", "properties": { "road_id": "OSM-WAY-1191371708", "road_name": "", "road_class": "service", "source": "real:osm", "confidence": 1.0, "attribution": "© OpenStreetMap contributors" }, "geometry": { "type": "LineString", "coordinates": [ [ 78.4774977, 17.3830909 ], [ 78.4774483, 17.3824333 ], [ 78.4774328, 17.3824017 ], [ 78.4774018, 17.3824025 ], [ 78.4771019, 17.3825418 ] ] } },
{ "type": "Feature", "properties": { "road_id": "OSM-WAY-1191371709", "road_name": "", "road_class": "service", "source": "real:osm", "confidence": 1.0, "attribution": "© OpenStreetMap contributors" }, "geometry": { "type": "LineString", "coordinates": [ [ 78.4775048, 17.3831855 ], [ 78.4774977, 17.3830909 ] ] } },
{ "type": "Feature", "properties": { "road_id": "OSM-WAY-1191371870", "road_name": "", "road_class": "residential", "source": "real:osm", "confidence": 1.0, "attribution": "© OpenStreetMap contributors" }, "geometry": { "type": "LineString", "coordinates": [ [ 78.4774321, 17.3839979 ], [ 78.4774662, 17.3842738 ] ] } },
{ "type": "Feature", "properties": { "road_id": "OSM-WAY-1192236571", "road_name": "", "road_class": "living_street", "source": "real:osm", "confidence": 1.0, "attribution": "© OpenStreetMap contributors" }, "geometry": { "type": "LineString", "coordinates": [ [ 78.4750609, 17.3752325 ], [ 78.4745346, 17.3751545 ], [ 78.4745167, 17.3751521 ], [ 78.4745036, 17.3751719 ], [ 78.4744968, 17.37523 ], [ 78.4744808, 17.375237 ], [ 78.4744581, 17.3752356 ], [ 78.4744342, 17.3752453 ], [ 78.4743834, 17.3752322 ], [ 78.4743718, 17.3752482 ], [ 78.4743559, 17.3752903 ], [ 78.4743372, 17.3753233 ], [ 78.474301, 17.3753264 ], [ 78.4742774, 17.3753976 ] ] } },
{ "type": "Feature", "properties": { "road_id": "OSM-WAY-1192237361", "road_name": "", "road_class": "residential", "source": "real:osm", "confidence": 1.0, "attribution": "© OpenStreetMap contributors" }, "geometry": { "type": "LineString", "coordinates": [ [ 78.4723877, 17.3755974 ], [ 78.4723877, 17.3753925 ], [ 78.4723871, 17.3753867 ] ] } },
{ "type": "Feature", "properties": { "road_id": "OSM-WAY-1192237362", "road_name": "", "road_class": "residential", "source": "real:osm", "confidence": 1.0, "attribution": "© OpenStreetMap contributors" }, "geometry": { "type": "LineString", "coordinates": [ [ 78.4723871, 17.3753867 ], [ 78.4721169, 17.3753944 ] ] } },
{ "type": "Feature", "properties": { "road_id": "OSM-WAY-1192237813", "road_name": "", "road_class": "residential", "source": "real:osm", "confidence": 1.0, "attribution": "© OpenStreetMap contributors" }, "geometry": { "type": "LineString", "coordinates": [ [ 78.4746362, 17.3770037 ], [ 78.4746323, 17.3768546 ] ] } },
{ "type": "Feature", "properties": { "road_id": "OSM-WAY-1192238355", "road_name": "", "road_class": "residential", "source": "real:osm", "confidence": 1.0, "attribution": "© OpenStreetMap contributors" }, "geometry": { "type": "LineString", "coordinates": [ [ 78.4732084, 17.3801167 ], [ 78.4731408, 17.3797609 ] ] } },
{ "type": "Feature", "properties": { "road_id": "OSM-WAY-1192246429", "road_name": "", "road_class": "service", "source": "real:osm", "confidence": 1.0, "attribution": "© OpenStreetMap contributors" }, "geometry": { "type": "LineString", "coordinates": [ [ 78.4652044, 17.3843142 ], [ 78.4649581, 17.3835504 ] ] } },
{ "type": "Feature", "properties": { "road_id": "OSM-WAY-1192247061", "road_name": "", "road_class": "residential", "source": "real:osm", "confidence": 1.0, "attribution": "© OpenStreetMap contributors" }, "geometry": { "type": "LineString", "coordinates": [ [ 78.4664742, 17.3815916 ], [ 78.4669599, 17.3815 ] ] } },
{ "type": "Feature", "properties": { "road_id": "OSM-WAY-1192258877", "road_name": "", "road_class": "residential", "source": "real:osm", "confidence": 1.0, "attribution": "© OpenStreetMap contributors" }, "geometry": { "type": "LineString", "coordinates": [ [ 78.4698433, 17.3770253 ], [ 78.4698382, 17.3770071 ], [ 78.4698131, 17.3768858 ], [ 78.4697856, 17.376802 ] ] } },
{ "type": "Feature", "properties": { "road_id": "OSM-WAY-1193509422", "road_name": "Churi Bazaar Road", "road_class": "tertiary", "source": "real:osm", "confidence": 1.0, "attribution": "© OpenStreetMap contributors" }, "geometry": { "type": "LineString", "coordinates": [ [ 78.464379, 17.371494 ], [ 78.4649811, 17.3717812 ], [ 78.4649985, 17.3717873 ], [ 78.465181, 17.3718652 ], [ 78.4657043, 17.372115 ], [ 78.465903, 17.3722101 ], [ 78.4660176, 17.3722605 ], [ 78.466855, 17.372631 ], [ 78.4671299, 17.3727612 ], [ 78.4674357, 17.3729067 ], [ 78.4674895, 17.3729342 ], [ 78.4676986, 17.3730253 ], [ 78.4680123, 17.3731551 ], [ 78.4686419, 17.3734042 ] ] } },
{ "type": "Feature", "properties": { "road_id": "OSM-WAY-1193509423", "road_name": "", "road_class": "primary", "source": "real:osm", "confidence": 1.0, "attribution": "© OpenStreetMap contributors" }, "geometry": { "type": "LineString", "coordinates": [ [ 78.4687377, 17.3737573 ], [ 78.4687317, 17.3737295 ], [ 78.4686864, 17.3735189 ], [ 78.4687013, 17.3734224 ] ] } },
{ "type": "Feature", "properties": { "road_id": "OSM-WAY-1193509424", "road_name": "Malakunta Road", "road_class": "primary", "source": "real:osm", "confidence": 1.0, "attribution": "© OpenStreetMap contributors" }, "geometry": { "type": "LineString", "coordinates": [ [ 78.4689798, 17.3713885 ], [ 78.4689567, 17.3714915 ], [ 78.4689584, 17.3715223 ], [ 78.4689557, 17.3715984 ], [ 78.4689479, 17.3717997 ], [ 78.4688948, 17.3722185 ], [ 78.4687969, 17.3726865 ], [ 78.4687172, 17.3730825 ], [ 78.4686787, 17.3732357 ], [ 78.4686419, 17.3734042 ] ] } },
{ "type": "Feature", "properties": { "road_id": "OSM-WAY-1196692424", "road_name": "", "road_class": "residential", "source": "real:osm", "confidence": 1.0, "attribution": "© OpenStreetMap contributors" }, "geometry": { "type": "LineString", "coordinates": [ [ 78.4615787, 17.375071 ], [ 78.4620723, 17.3750687 ] ] } },
{ "type": "Feature", "properties": { "road_id": "OSM-WAY-1196721532", "road_name": "Rikab Gung RD", "road_class": "living_street", "source": "real:osm", "confidence": 1.0, "attribution": "© OpenStreetMap contributors" }, "geometry": { "type": "LineString", "coordinates": [ [ 78.4739197, 17.3685595 ], [ 78.4739687, 17.3684105 ], [ 78.4737318, 17.3678251 ], [ 78.473659, 17.3676147 ], [ 78.4737495, 17.3675748 ], [ 78.4740875, 17.3674461 ], [ 78.4741255, 17.3673975 ], [ 78.4741176, 17.367314 ], [ 78.4740808, 17.3672029 ] ] } },
{ "type": "Feature", "properties": { "road_id": "OSM-WAY-1198597144", "road_name": "Jambagh Road", "road_class": "primary", "source": "real:osm", "confidence": 1.0, "attribution": "© OpenStreetMap contributors" }, "geometry": { "type": "LineString", "coordinates": [ [ 78.4780444, 17.3832301 ], [ 78.4768197, 17.3833774 ], [ 78.4767346, 17.3833944 ], [ 78.4764978, 17.3834209 ], [ 78.4759386, 17.3835373 ], [ 78.4757053, 17.3836092 ], [ 78.4754705, 17.3836816 ], [ 78.4753975, 17.3837105 ], [ 78.4752484, 17.3837827 ] ] } },
{ "type": "Feature", "properties": { "road_id": "OSM-WAY-1198934086", "road_name": "Nizam Shahi Rd", "road_class": "residential", "source": "real:osm", "confidence": 1.0, "attribution": "© OpenStreetMap contributors" }, "geometry": { "type": "LineString", "coordinates": [ [ 78.4738279, 17.3788578 ], [ 78.4739314, 17.3788471 ], [ 78.4739833, 17.3788102 ], [ 78.4740229, 17.3787514 ] ] } },
{ "type": "Feature", "properties": { "road_id": "OSM-WAY-1198935392", "road_name": "", "road_class": "primary", "source": "real:osm", "confidence": 1.0, "attribution": "© OpenStreetMap contributors" }, "geometry": { "type": "LineString", "coordinates": [ [ 78.4745701, 17.3841383 ], [ 78.4744919, 17.3840608 ], [ 78.4740078, 17.3837161 ], [ 78.4735408, 17.3834191 ], [ 78.4731991, 17.3831133 ], [ 78.4729815, 17.3828973 ], [ 78.4728987, 17.3827623 ], [ 78.4727843, 17.3825752 ], [ 78.4726886, 17.3822654 ], [ 78.4726056, 17.381965 ] ] } },
{ "type": "Feature", "properties": { "road_id": "OSM-WAY-1198935393", "road_name": "Seena Bakery Ln", "road_class": "secondary", "source": "real:osm", "confidence": 1.0, "attribution": "© OpenStreetMap contributors" }, "geometry": { "type": "LineString", "coordinates": [ [ 78.4724918, 17.3819855 ], [ 78.4726056, 17.381965 ] ] } },
{ "type": "Feature", "properties": { "road_id": "OSM-WAY-1202015809", "road_name": "", "road_class": "primary", "source": "real:osm", "confidence": 1.0, "attribution": "© OpenStreetMap contributors" }, "geometry": { "type": "LineString", "coordinates": [ [ 78.4803712, 17.3638561 ], [ 78.4803781, 17.3638967 ], [ 78.4805124, 17.3645238 ], [ 78.4805804, 17.3648316 ], [ 78.4806288, 17.3650624 ], [ 78.480719, 17.3655144 ], [ 78.4807434, 17.3655976 ] ] } },
{ "type": "Feature", "properties": { "road_id": "OSM-WAY-1202015810", "road_name": "", "road_class": "primary", "source": "real:osm", "confidence": 1.0, "attribution": "© OpenStreetMap contributors" }, "geometry": { "type": "LineString", "coordinates": [ [ 78.4807434, 17.3655976 ], [ 78.4807847, 17.365642 ] ] } },
{ "type": "Feature", "properties": { "road_id": "OSM-WAY-1202015811", "road_name": "Darul Shifa Road", "road_class": "primary", "source": "real:osm", "confidence": 1.0, "attribution": "© OpenStreetMap contributors" }, "geometry": { "type": "LineString", "coordinates": [ [ 78.4807847, 17.365642 ], [ 78.4807934, 17.3655926 ], [ 78.4807479, 17.3653879 ], [ 78.4805929, 17.3646531 ], [ 78.4804359, 17.3638836 ], [ 78.480426, 17.3638417 ] ] } },
{ "type": "Feature", "properties": { "road_id": "OSM-WAY-1202015813", "road_name": "Darul Shifa Road", "road_class": "primary", "source": "real:osm", "confidence": 1.0, "attribution": "© OpenStreetMap contributors" }, "geometry": { "type": "LineString", "coordinates": [ [ 78.4807847, 17.365642 ], [ 78.4807897, 17.3656659 ], [ 78.4809595, 17.3663527 ], [ 78.4810625, 17.3667658 ], [ 78.4810889, 17.3668699 ] ] } },
{ "type": "Feature", "properties": { "road_id": "OSM-WAY-1202015814", "road_name": "", "road_class": "primary", "source": "real:osm", "confidence": 1.0, "attribution": "© OpenStreetMap contributors" }, "geometry": { "type": "LineString", "coordinates": [ [ 78.4812899, 17.3673768 ], [ 78.4811518, 17.3669138 ] ] } },
{ "type": "Feature", "properties": { "road_id": "OSM-WAY-1202015815", "road_name": "Darul Shifa Road", "road_class": "primary", "source": "real:osm", "confidence": 1.0, "attribution": "© OpenStreetMap contributors" }, "geometry": { "type": "LineString", "coordinates": [ [ 78.4810794, 17.3669938 ], [ 78.4811078, 17.367098 ], [ 78.4811925, 17.3673973 ] ] } },
{ "type": "Feature", "properties": { "road_id": "OSM-WAY-1203398025", "road_name": "", "road_class": "residential", "source": "real:osm", "confidence": 1.0, "attribution": "© OpenStreetMap contributors" }, "geometry": { "type": "LineString", "coordinates": [ [ 78.4704122, 17.372108 ], [ 78.4704527, 17.3715739 ] ] } },
{ "type": "Feature", "properties": { "road_id": "OSM-WAY-1203850375", "road_name": "", "road_class": "residential", "source": "real:osm", "confidence": 1.0, "attribution": "© OpenStreetMap contributors" }, "geometry": { "type": "LineString", "coordinates": [ [ 78.4567567, 17.369442 ], [ 78.4568261, 17.3695772 ] ] } },
{ "type": "Feature", "properties": { "road_id": "OSM-WAY-1203850722", "road_name": "", "road_class": "residential", "source": "real:osm", "confidence": 1.0, "attribution": "© OpenStreetMap contributors" }, "geometry": { "type": "LineString", "coordinates": [ [ 78.4623397, 17.3699568 ], [ 78.4627804, 17.3699713 ], [ 78.4628015, 17.3698496 ], [ 78.4628309, 17.3695469 ] ] } },
{ "type": "Feature", "properties": { "road_id": "OSM-WAY-1203854243", "road_name": "", "road_class": "residential", "source": "real:osm", "confidence": 1.0, "attribution": "© OpenStreetMap contributors" }, "geometry": { "type": "LineString", "coordinates": [ [ 78.455727, 17.3725883 ], [ 78.4557934, 17.3725593 ], [ 78.4564108, 17.3722622 ] ] } },
{ "type": "Feature", "properties": { "road_id": "OSM-WAY-1203854244", "road_name": "", "road_class": "residential", "source": "real:osm", "confidence": 1.0, "attribution": "© OpenStreetMap contributors" }, "geometry": { "type": "LineString", "coordinates": [ [ 78.4565176, 17.3724892 ], [ 78.4558677, 17.3728073 ] ] } },
{ "type": "Feature", "properties": { "road_id": "OSM-WAY-1205126248", "road_name": "", "road_class": "residential", "source": "real:osm", "confidence": 1.0, "attribution": "© OpenStreetMap contributors" }, "geometry": { "type": "LineString", "coordinates": [ [ 78.4577474, 17.3795709 ], [ 78.4577679, 17.3794217 ] ] } },
{ "type": "Feature", "properties": { "road_id": "OSM-WAY-1205126249", "road_name": "", "road_class": "residential", "source": "real:osm", "confidence": 1.0, "attribution": "© OpenStreetMap contributors" }, "geometry": { "type": "LineString", "coordinates": [ [ 78.4587135, 17.3786503 ], [ 78.4587275, 17.3784825 ] ] } },
{ "type": "Feature", "properties": { "road_id": "OSM-WAY-1205448810", "road_name": "", "road_class": "residential", "source": "real:osm", "confidence": 1.0, "attribution": "© OpenStreetMap contributors" }, "geometry": { "type": "LineString", "coordinates": [ [ 78.4700977, 17.3639971 ], [ 78.4696821, 17.3642118 ], [ 78.4692704, 17.3644496 ], [ 78.4691575, 17.3645142 ], [ 78.4688469, 17.364699 ], [ 78.4684574, 17.3650138 ], [ 78.4680859, 17.3653341 ], [ 78.4677577, 17.3655934 ], [ 78.4674689, 17.3657553 ] ] } },
{ "type": "Feature", "properties": { "road_id": "OSM-WAY-1205732173", "road_name": "", "road_class": "residential", "source": "real:osm", "confidence": 1.0, "attribution": "© OpenStreetMap contributors" }, "geometry": { "type": "LineString", "coordinates": [ [ 78.4794623, 17.3697972 ], [ 78.4790761, 17.3698276 ] ] } },
{ "type": "Feature", "properties": { "road_id": "OSM-WAY-1205732174", "road_name": "", "road_class": "residential", "source": "real:osm", "confidence": 1.0, "attribution": "© OpenStreetMap contributors" }, "geometry": { "type": "LineString", "coordinates": [ [ 78.4791286, 17.3706258 ], [ 78.4791028, 17.3702089 ], [ 78.4790676, 17.3700816 ], [ 78.4790571, 17.3698527 ], [ 78.4790761, 17.3698276 ] ] } },
{ "type": "Feature", "properties": { "road_id": "OSM-WAY-1205732175", "road_name": "", "road_class": "residential", "source": "real:osm", "confidence": 1.0, "attribution": "© OpenStreetMap contributors" }, "geometry": { "type": "LineString", "coordinates": [ [ 78.4774898, 17.3678631 ], [ 78.477218, 17.3670367 ] ] } },
{ "type": "Feature", "properties": { "road_id": "OSM-WAY-1205734519", "road_name": "Mir Alam Mandi Road", "road_class": "residential", "source": "real:osm", "confidence": 1.0, "attribution": "© OpenStreetMap contributors" }, "geometry": { "type": "LineString", "coordinates": [ [ 78.4805804, 17.3648316 ], [ 78.4801287, 17.3649338 ], [ 78.4799348, 17.3649756 ], [ 78.4797413, 17.3650118 ], [ 78.4796343, 17.3650348 ], [ 78.4789184, 17.3651885 ], [ 78.4785291, 17.3654152 ] ] } },
{ "type": "Feature", "properties": { "road_id": "OSM-WAY-1205734520", "road_name": "", "road_class": "residential", "source": "real:osm", "confidence": 1.0, "attribution": "© OpenStreetMap contributors" }, "geometry": { "type": "LineString", "coordinates": [ [ 78.4785291, 17.3654152 ], [ 78.4785797, 17.3655889 ] ] } },
{ "type": "Feature", "properties": { "road_id": "OSM-WAY-1207144399", "road_name": "", "road_class": "residential", "source": "real:osm", "confidence": 1.0, "attribution": "© OpenStreetMap contributors" }, "geometry": { "type": "LineString", "coordinates": [ [ 78.4783632, 17.3753224 ], [ 78.4782598, 17.3747985 ] ] } },
{ "type": "Feature", "properties": { "road_id": "OSM-WAY-1207144400", "road_name": "", "road_class": "living_street", "source": "real:osm", "confidence": 1.0, "attribution": "© OpenStreetMap contributors" }, "geometry": { "type": "LineString", "coordinates": [ [ 78.4785008, 17.3746321 ], [ 78.4785651, 17.3749116 ], [ 78.4786016, 17.3751136 ] ] } },
{ "type": "Feature", "properties": { "road_id": "OSM-WAY-1207148598", "road_name": "", "road_class": "service", "source": "real:osm", "confidence": 1.0, "attribution": "© OpenStreetMap contributors" }, "geometry": { "type": "LineString", "coordinates": [ [ 78.4791841, 17.3709688 ], [ 78.479176, 17.3708194 ], [ 78.479174, 17.3707537 ], [ 78.4792069, 17.3707038 ], [ 78.4792513, 17.3706902 ], [ 78.4794856, 17.3706828 ] ] } },
{ "type": "Feature", "properties": { "road_id": "OSM-WAY-1207152132", "road_name": "", "road_class": "residential", "source": "real:osm", "confidence": 1.0, "attribution": "© OpenStreetMap contributors" }, "geometry": { "type": "LineString", "coordinates": [ [ 78.484578, 17.3715774 ], [ 78.4847239, 17.3715567 ] ] } },
{ "type": "Feature", "properties": { "road_id": "OSM-WAY-1207152133", "road_name": "", "road_class": "service", "source": "real:osm", "confidence": 1.0, "attribution": "© OpenStreetMap contributors" }, "geometry": { "type": "LineString", "coordinates": [ [ 78.4842368, 17.3719137 ], [ 78.484173, 17.3715983 ] ] } },
{ "type": "Feature", "properties": { "road_id": "OSM-WAY-1207152697", "road_name": "", "road_class": "residential", "source": "real:osm", "confidence": 1.0, "attribution": "© OpenStreetMap contributors" }, "geometry": { "type": "LineString", "coordinates": [ [ 78.4842129, 17.3720553 ], [ 78.4842038, 17.3720016 ], [ 78.4841475, 17.3716723 ] ] } },
{ "type": "Feature", "properties": { "road_id": "OSM-WAY-1207152698", "road_name": "", "road_class": "service", "source": "real:osm", "confidence": 1.0, "attribution": "© OpenStreetMap contributors" }, "geometry": { "type": "LineString", "coordinates": [ [ 78.4840433, 17.3720933 ], [ 78.4840352, 17.3720414 ], [ 78.4840277, 17.3719931 ], [ 78.4840122, 17.3718927 ] ] } },
{ "type": "Feature", "properties": { "road_id": "OSM-WAY-1207154769", "road_name": "", "road_class": "living_street", "source": "real:osm", "confidence": 1.0, "attribution": "© OpenStreetMap contributors" }, "geometry": { "type": "LineString", "coordinates": [ [ 78.4828979, 17.3699073 ], [ 78.4829151, 17.3698993 ], [ 78.4829237, 17.3698873 ], [ 78.4829291, 17.3698723 ], [ 78.4829069, 17.3697829 ], [ 78.4828798, 17.369632 ], [ 78.4827819, 17.3692275 ] ] } },
{ "type": "Feature", "properties": { "road_id": "OSM-WAY-1207839358", "road_name": "Chatta Bazar Road", "road_class": "tertiary", "source": "real:osm", "confidence": 1.0, "attribution": "© OpenStreetMap contributors" }, "geometry": { "type": "LineString", "coordinates": [ [ 78.4775542, 17.3691484 ], [ 78.4773144, 17.3692294 ], [ 78.4768508, 17.3693894 ], [ 78.4767061, 17.3694444 ] ] } },
{ "type": "Feature", "properties": { "road_id": "OSM-WAY-1207839359", "road_name": "Chatta Bazar Road", "road_class": "tertiary", "source": "real:osm", "confidence": 1.0, "attribution": "© OpenStreetMap contributors" }, "geometry": { "type": "LineString", "coordinates": [ [ 78.4780308, 17.3690111 ], [ 78.4779423, 17.3689991 ], [ 78.4776932, 17.369064 ], [ 78.4776181, 17.3690854 ], [ 78.4775542, 17.3691484 ] ] } },
{ "type": "Feature", "properties": { "road_id": "OSM-WAY-1207839360", "road_name": "Chatta Bazar Road", "road_class": "tertiary", "source": "real:osm", "confidence": 1.0, "attribution": "© OpenStreetMap contributors" }, "geometry": { "type": "LineString", "coordinates": [ [ 78.4775542, 17.3691484 ], [ 78.4776275, 17.3691527 ], [ 78.4777823, 17.3691073 ] ] } },
{ "type": "Feature", "properties": { "road_id": "OSM-WAY-1207839361", "road_name": "Chatta Bazar Road", "road_class": "tertiary", "source": "real:osm", "confidence": 1.0, "attribution": "© OpenStreetMap contributors" }, "geometry": { "type": "LineString", "coordinates": [ [ 78.4777823, 17.3691073 ], [ 78.4778448, 17.3690889 ], [ 78.4779466, 17.369069 ], [ 78.4780308, 17.3690111 ] ] } },
{ "type": "Feature", "properties": { "road_id": "OSM-WAY-1211231100", "road_name": "", "road_class": "residential", "source": "real:osm", "confidence": 1.0, "attribution": "© OpenStreetMap contributors" }, "geometry": { "type": "LineString", "coordinates": [ [ 78.4558907, 17.3680199 ], [ 78.4556778, 17.368061 ] ] } },
{ "type": "Feature", "properties": { "road_id": "OSM-WAY-1211231101", "road_name": "", "road_class": "residential", "source": "real:osm", "confidence": 1.0, "attribution": "© OpenStreetMap contributors" }, "geometry": { "type": "LineString", "coordinates": [ [ 78.4556778, 17.368061 ], [ 78.4557347, 17.368302 ], [ 78.4557855, 17.3685168 ], [ 78.4558487, 17.3687645 ] ] } },
{ "type": "Feature", "properties": { "road_id": "OSM-WAY-1211231361", "road_name": "", "road_class": "residential", "source": "real:osm", "confidence": 1.0, "attribution": "© OpenStreetMap contributors" }, "geometry": { "type": "LineString", "coordinates": [ [ 78.4567366, 17.3687786 ], [ 78.4566153, 17.3684445 ] ] } },
{ "type": "Feature", "properties": { "road_id": "OSM-WAY-1211231577", "road_name": "", "road_class": "residential", "source": "real:osm", "confidence": 1.0, "attribution": "© OpenStreetMap contributors" }, "geometry": { "type": "LineString", "coordinates": [ [ 78.4566153, 17.3684445 ], [ 78.4568248, 17.3683441 ], [ 78.456941, 17.3682884 ] ] } },
{ "type": "Feature", "properties": { "road_id": "OSM-WAY-1212916219", "road_name": "", "road_class": "primary", "source": "real:osm", "confidence": 1.0, "attribution": "© OpenStreetMap contributors" }, "geometry": { "type": "LineString", "coordinates": [ [ 78.4694212, 17.3755332 ], [ 78.4692281, 17.3751724 ], [ 78.4690156, 17.3747178 ], [ 78.4689113, 17.3743996 ], [ 78.4687377, 17.3737573 ] ] } },
{ "type": "Feature", "properties": { "road_id": "OSM-WAY-1212916220", "road_name": "Malakunta Road", "road_class": "primary", "source": "real:osm", "confidence": 1.0, "attribution": "© OpenStreetMap contributors" }, "geometry": { "type": "LineString", "coordinates": [ [ 78.4686419, 17.3734042 ], [ 78.468611, 17.3734955 ], [ 78.4686669, 17.3737599 ], [ 78.4687402, 17.3740752 ], [ 78.4688252, 17.37439 ], [ 78.4688492, 17.3744764 ], [ 78.4689391, 17.3747434 ], [ 78.4691512, 17.3751776 ], [ 78.4693742, 17.375561 ] ] } },
{ "type": "Feature", "properties": { "road_id": "OSM-WAY-1213009336", "road_name": "", "road_class": "residential", "source": "real:osm", "confidence": 1.0, "attribution": "© OpenStreetMap contributors" }, "geometry": { "type": "LineString", "coordinates": [ [ 78.4793014, 17.3812163 ], [ 78.4798473, 17.3810915 ] ] } },
{ "type": "Feature", "properties": { "road_id": "OSM-WAY-1213509706", "road_name": "", "road_class": "living_street", "source": "real:osm", "confidence": 1.0, "attribution": "© OpenStreetMap contributors" }, "geometry": { "type": "LineString", "coordinates": [ [ 78.4712511, 17.3729564 ], [ 78.4710744, 17.3729804 ] ] } },
{ "type": "Feature", "properties": { "road_id": "OSM-WAY-1213509707", "road_name": "", "road_class": "residential", "source": "real:osm", "confidence": 1.0, "attribution": "© OpenStreetMap contributors" }, "geometry": { "type": "LineString", "coordinates": [ [ 78.4696867, 17.3719316 ], [ 78.4698464, 17.371755 ] ] } },
{ "type": "Feature", "properties": { "road_id": "OSM-WAY-1213509708", "road_name": "", "road_class": "residential", "source": "real:osm", "confidence": 1.0, "attribution": "© OpenStreetMap contributors" }, "geometry": { "type": "LineString", "coordinates": [ [ 78.4702499, 17.3715493 ], [ 78.4698979, 17.371722 ], [ 78.4698464, 17.371755 ] ] } },
{ "type": "Feature", "properties": { "road_id": "OSM-WAY-1213509709", "road_name": "", "road_class": "residential", "source": "real:osm", "confidence": 1.0, "attribution": "© OpenStreetMap contributors" }, "geometry": { "type": "LineString", "coordinates": [ [ 78.4693657, 17.3718558 ], [ 78.469029, 17.371807 ] ] } },
{ "type": "Feature", "properties": { "road_id": "OSM-WAY-1221684280", "road_name": "", "road_class": "residential", "source": "real:osm", "confidence": 1.0, "attribution": "© OpenStreetMap contributors" }, "geometry": { "type": "LineString", "coordinates": [ [ 78.4841335, 17.3673008 ], [ 78.4839275, 17.3667556 ] ] } },
{ "type": "Feature", "properties": { "road_id": "OSM-WAY-1226395268", "road_name": "", "road_class": "residential", "source": "real:osm", "confidence": 1.0, "attribution": "© OpenStreetMap contributors" }, "geometry": { "type": "LineString", "coordinates": [ [ 78.4588167, 17.3650108 ], [ 78.4591288, 17.3649416 ] ] } },
{ "type": "Feature", "properties": { "road_id": "OSM-WAY-1226395269", "road_name": "", "road_class": "residential", "source": "real:osm", "confidence": 1.0, "attribution": "© OpenStreetMap contributors" }, "geometry": { "type": "LineString", "coordinates": [ [ 78.4588167, 17.3650108 ], [ 78.4582662, 17.36511 ] ] } },
{ "type": "Feature", "properties": { "road_id": "OSM-WAY-1226395270", "road_name": "", "road_class": "residential", "source": "real:osm", "confidence": 1.0, "attribution": "© OpenStreetMap contributors" }, "geometry": { "type": "LineString", "coordinates": [ [ 78.4579219, 17.3655882 ], [ 78.4578838, 17.3653423 ] ] } },
{ "type": "Feature", "properties": { "road_id": "OSM-WAY-1226433456", "road_name": "", "road_class": "residential", "source": "real:osm", "confidence": 1.0, "attribution": "© OpenStreetMap contributors" }, "geometry": { "type": "LineString", "coordinates": [ [ 78.465444, 17.3713419 ], [ 78.4654476, 17.3710339 ] ] } },
{ "type": "Feature", "properties": { "road_id": "OSM-WAY-1226440889", "road_name": "", "road_class": "living_street", "source": "real:osm", "confidence": 1.0, "attribution": "© OpenStreetMap contributors" }, "geometry": { "type": "LineString", "coordinates": [ [ 78.4649644, 17.3720749 ], [ 78.4650049, 17.3720563 ], [ 78.4650306, 17.3720412 ], [ 78.4650876, 17.371999 ] ] } },
{ "type": "Feature", "properties": { "road_id": "OSM-WAY-1226443617", "road_name": "", "road_class": "residential", "source": "real:osm", "confidence": 1.0, "attribution": "© OpenStreetMap contributors" }, "geometry": { "type": "LineString", "coordinates": [ [ 78.4670421, 17.3703347 ], [ 78.4670429, 17.3701908 ], [ 78.4670118, 17.3699984 ] ] } },
{ "type": "Feature", "properties": { "road_id": "OSM-WAY-1226443618", "road_name": "", "road_class": "residential", "source": "real:osm", "confidence": 1.0, "attribution": "© OpenStreetMap contributors" }, "geometry": { "type": "LineString", "coordinates": [ [ 78.4675577, 17.3704035 ], [ 78.4672214, 17.3704228 ], [ 78.4671852, 17.3703936 ], [ 78.4670421, 17.3703347 ] ] } },
{ "type": "Feature", "properties": { "road_id": "OSM-WAY-1226444170", "road_name": "", "road_class": "residential", "source": "real:osm", "confidence": 1.0, "attribution": "© OpenStreetMap contributors" }, "geometry": { "type": "LineString", "coordinates": [ [ 78.4678013, 17.3713195 ], [ 78.4677811, 17.3710309 ], [ 78.4677642, 17.3708613 ] ] } },
{ "type": "Feature", "properties": { "road_id": "OSM-WAY-1226444549", "road_name": "", "road_class": "residential", "source": "real:osm", "confidence": 1.0, "attribution": "© OpenStreetMap contributors" }, "geometry": { "type": "LineString", "coordinates": [ [ 78.4675187, 17.3712874 ], [ 78.4675177, 17.3709195 ] ] } },
{ "type": "Feature", "properties": { "road_id": "OSM-WAY-1226444701", "road_name": "", "road_class": "living_street", "source": "real:osm", "confidence": 1.0, "attribution": "© OpenStreetMap contributors" }, "geometry": { "type": "LineString", "coordinates": [ [ 78.467226, 17.3724707 ], [ 78.4671866, 17.3725547 ], [ 78.4671299, 17.3727612 ] ] } },
{ "type": "Feature", "properties": { "road_id": "OSM-WAY-1226445691", "road_name": "", "road_class": "service", "source": "real:osm", "confidence": 1.0, "attribution": "© OpenStreetMap contributors" }, "geometry": { "type": "LineString", "coordinates": [ [ 78.4677657, 17.3736803 ], [ 78.4677722, 17.3736564 ], [ 78.4678184, 17.3734721 ] ] } },
{ "type": "Feature", "properties": { "road_id": "OSM-WAY-1226449317", "road_name": "", "road_class": "living_street", "source": "real:osm", "confidence": 1.0, "attribution": "© OpenStreetMap contributors" }, "geometry": { "type": "LineString", "coordinates": [ [ 78.4688839, 17.3757471 ], [ 78.4688352, 17.3756107 ], [ 78.4687658, 17.3756145 ] ] } },
{ "type": "Feature", "properties": { "road_id": "OSM-WAY-1226449318", "road_name": "", "road_class": "living_street", "source": "real:osm", "confidence": 1.0, "attribution": "© OpenStreetMap contributors" }, "geometry": { "type": "LineString", "coordinates": [ [ 78.4684539, 17.375406 ], [ 78.468538, 17.3754962 ], [ 78.4686614, 17.3755816 ], [ 78.4687658, 17.3756145 ] ] } },
{ "type": "Feature", "properties": { "road_id": "OSM-WAY-1226450097", "road_name": "", "road_class": "residential", "source": "real:osm", "confidence": 1.0, "attribution": "© OpenStreetMap contributors" }, "geometry": { "type": "LineString", "coordinates": [ [ 78.4680232, 17.3741688 ], [ 78.4679091, 17.3741024 ] ] } },
{ "type": "Feature", "properties": { "road_id": "OSM-WAY-1226452179", "road_name": "", "road_class": "residential", "source": "real:osm", "confidence": 1.0, "attribution": "© OpenStreetMap contributors" }, "geometry": { "type": "LineString", "coordinates": [ [ 78.4705102, 17.3721205 ], [ 78.4704122, 17.372108 ] ] } },
{ "type": "Feature", "properties": { "road_id": "OSM-WAY-1236492655", "road_name": "", "road_class": "residential", "source": "real:osm", "confidence": 1.0, "attribution": "© OpenStreetMap contributors" }, "geometry": { "type": "LineString", "coordinates": [ [ 78.4762641, 17.3843672 ], [ 78.4764657, 17.3843306 ], [ 78.4768786, 17.3842851 ] ] } },
{ "type": "Feature", "properties": { "road_id": "OSM-WAY-1236493314", "road_name": "", "road_class": "residential", "source": "real:osm", "confidence": 1.0, "attribution": "© OpenStreetMap contributors" }, "geometry": { "type": "LineString", "coordinates": [ [ 78.4790747, 17.3823573 ], [ 78.4790901, 17.3823623 ], [ 78.4792316, 17.3823489 ] ] } },
{ "type": "Feature", "properties": { "road_id": "OSM-WAY-1236509903", "road_name": "", "road_class": "residential", "source": "real:osm", "confidence": 1.0, "attribution": "© OpenStreetMap contributors" }, "geometry": { "type": "LineString", "coordinates": [ [ 78.4802305, 17.3804178 ], [ 78.4801527, 17.3804794 ], [ 78.4801348, 17.3805368 ], [ 78.4801215, 17.3805876 ], [ 78.4800866, 17.3806237 ] ] } },
{ "type": "Feature", "properties": { "road_id": "OSM-WAY-1236509904", "road_name": "", "road_class": "residential", "source": "real:osm", "confidence": 1.0, "attribution": "© OpenStreetMap contributors" }, "geometry": { "type": "LineString", "coordinates": [ [ 78.4797423, 17.3807838 ], [ 78.4799972, 17.3806774 ], [ 78.4800427, 17.3806469 ], [ 78.4800866, 17.3806237 ] ] } },
{ "type": "Feature", "properties": { "road_id": "OSM-WAY-1236513577", "road_name": "", "road_class": "living_street", "source": "real:osm", "confidence": 1.0, "attribution": "© OpenStreetMap contributors" }, "geometry": { "type": "LineString", "coordinates": [ [ 78.4812101, 17.380139 ], [ 78.4812162, 17.3801689 ], [ 78.4812823, 17.3803418 ] ] } },
{ "type": "Feature", "properties": { "road_id": "OSM-WAY-1236517475", "road_name": "", "road_class": "residential", "source": "real:osm", "confidence": 1.0, "attribution": "© OpenStreetMap contributors" }, "geometry": { "type": "LineString", "coordinates": [ [ 78.4819876, 17.3802868 ], [ 78.4818571, 17.3799245 ], [ 78.4817991, 17.3797491 ], [ 78.4817435, 17.3795748 ], [ 78.481703, 17.3794674 ], [ 78.4816173, 17.379308 ] ] } },
{ "type": "Feature", "properties": { "road_id": "OSM-WAY-1236517476", "road_name": "", "road_class": "residential", "source": "real:osm", "confidence": 1.0, "attribution": "© OpenStreetMap contributors" }, "geometry": { "type": "LineString", "coordinates": [ [ 78.4819876, 17.3802868 ], [ 78.4820518, 17.380261 ], [ 78.4822023, 17.380216 ], [ 78.482242, 17.3802021 ], [ 78.4823719, 17.3801564 ], [ 78.4824659, 17.3801039 ] ] } },
{ "type": "Feature", "properties": { "road_id": "OSM-WAY-1236517477", "road_name": "", "road_class": "living_street", "source": "real:osm", "confidence": 1.0, "attribution": "© OpenStreetMap contributors" }, "geometry": { "type": "LineString", "coordinates": [ [ 78.48206, 17.3807505 ], [ 78.4820587, 17.380634 ], [ 78.4820419, 17.380467 ], [ 78.4819943, 17.3803012 ], [ 78.4819876, 17.3802868 ] ] } },
{ "type": "Feature", "properties": { "road_id": "OSM-WAY-1236527818", "road_name": "", "road_class": "residential", "source": "real:osm", "confidence": 1.0, "attribution": "© OpenStreetMap contributors" }, "geometry": { "type": "LineString", "coordinates": [ [ 78.4812763, 17.3815927 ], [ 78.4813705, 17.3814955 ] ] } },
{ "type": "Feature", "properties": { "road_id": "OSM-WAY-1236527819", "road_name": "", "road_class": "residential", "source": "real:osm", "confidence": 1.0, "attribution": "© OpenStreetMap contributors" }, "geometry": { "type": "LineString", "coordinates": [ [ 78.4813705, 17.3814955 ], [ 78.4814448, 17.3814162 ], [ 78.4815187, 17.3813707 ], [ 78.4815968, 17.3813429 ], [ 78.4816223, 17.3813165 ], [ 78.4816223, 17.3812824 ], [ 78.4816397, 17.3812462 ], [ 78.4816653, 17.3812228 ], [ 78.4816964, 17.3812113 ], [ 78.4818911, 17.3811436 ] ] } },
{ "type": "Feature", "properties": { "road_id": "OSM-WAY-1236531210", "road_name": "", "road_class": "service", "source": "real:osm", "confidence": 1.0, "attribution": "© OpenStreetMap contributors" }, "geometry": { "type": "LineString", "coordinates": [ [ 78.4824665, 17.3825512 ], [ 78.4823186, 17.3826582 ] ] } },
{ "type": "Feature", "properties": { "road_id": "OSM-WAY-1236531211", "road_name": "", "road_class": "service", "source": "real:osm", "confidence": 1.0, "attribution": "© OpenStreetMap contributors" }, "geometry": { "type": "LineString", "coordinates": [ [ 78.4823836, 17.3827248 ], [ 78.4825158, 17.3826049 ], [ 78.4825507, 17.3825717 ] ] } },
{ "type": "Feature", "properties": { "road_id": "OSM-WAY-1236531212", "road_name": "", "road_class": "service", "source": "real:osm", "confidence": 1.0, "attribution": "© OpenStreetMap contributors" }, "geometry": { "type": "LineString", "coordinates": [ [ 78.4826752, 17.3825719 ], [ 78.4826422, 17.3825347 ], [ 78.4826262, 17.382505 ], [ 78.4826227, 17.3824792 ], [ 78.4826223, 17.3824654 ], [ 78.4826349, 17.3824288 ], [ 78.4826737, 17.3823325 ] ] } },
{ "type": "Feature", "properties": { "road_id": "OSM-WAY-1236531213", "road_name": "", "road_class": "service", "source": "real:osm", "confidence": 1.0, "attribution": "© OpenStreetMap contributors" }, "geometry": { "type": "LineString", "coordinates": [ [ 78.4826227, 17.3824792 ], [ 78.4825999, 17.3824911 ] ] } },
{ "type": "Feature", "properties": { "road_id": "OSM-WAY-1236531214", "road_name": "", "road_class": "service", "source": "real:osm", "confidence": 1.0, "attribution": "© OpenStreetMap contributors" }, "geometry": { "type": "LineString", "coordinates": [ [ 78.4825156, 17.3825235 ], [ 78.4824665, 17.3825512 ] ] } },
{ "type": "Feature", "properties": { "road_id": "OSM-WAY-1236531215", "road_name": "", "road_class": "service", "source": "real:osm", "confidence": 1.0, "attribution": "© OpenStreetMap contributors" }, "geometry": { "type": "LineString", "coordinates": [ [ 78.4825507, 17.3825717 ], [ 78.4825999, 17.3824911 ], [ 78.4825851, 17.382495 ], [ 78.4825156, 17.3825235 ] ] } },
{ "type": "Feature", "properties": { "road_id": "OSM-WAY-1236532107", "road_name": "", "road_class": "residential", "source": "real:osm", "confidence": 1.0, "attribution": "© OpenStreetMap contributors" }, "geometry": { "type": "LineString", "coordinates": [ [ 78.4834762, 17.3851211 ], [ 78.4834063, 17.3847473 ] ] } },
{ "type": "Feature", "properties": { "road_id": "OSM-WAY-1237456211", "road_name": "", "road_class": "residential", "source": "real:osm", "confidence": 1.0, "attribution": "© OpenStreetMap contributors" }, "geometry": { "type": "LineString", "coordinates": [ [ 78.4551451, 17.3731186 ], [ 78.4551557, 17.373152 ], [ 78.4551937, 17.37338 ], [ 78.4552321, 17.3735799 ] ] } },
{ "type": "Feature", "properties": { "road_id": "OSM-WAY-1240081729", "road_name": "", "road_class": "secondary", "source": "real:osm", "confidence": 1.0, "attribution": "© OpenStreetMap contributors" }, "geometry": { "type": "LineString", "coordinates": [ [ 78.4758673, 17.372355 ], [ 78.4757959, 17.3723747 ], [ 78.4757508, 17.3723747 ], [ 78.475703, 17.3723578 ], [ 78.4753322, 17.37208 ], [ 78.4752659, 17.3720575 ] ] } },
{ "type": "Feature", "properties": { "road_id": "OSM-WAY-1240081730", "road_name": "", "road_class": "secondary", "source": "real:osm", "confidence": 1.0, "attribution": "© OpenStreetMap contributors" }, "geometry": { "type": "LineString", "coordinates": [ [ 78.4752659, 17.3720575 ], [ 78.4753091, 17.3721103 ], [ 78.4755661, 17.3723085 ], [ 78.475677, 17.3724087 ], [ 78.4757198, 17.3724606 ], [ 78.4757537, 17.3725169 ], [ 78.4757788, 17.3725849 ], [ 78.4758108, 17.3727179 ], [ 78.4758723, 17.3729783 ], [ 78.4759466, 17.373089 ] ] } },
{ "type": "Feature", "properties": { "road_id": "OSM-WAY-1240083229", "road_name": "", "road_class": "secondary", "source": "real:osm", "confidence": 1.0, "attribution": "© OpenStreetMap contributors" }, "geometry": { "type": "LineString", "coordinates": [ [ 78.4574258, 17.3690858 ], [ 78.4574832, 17.3690632 ], [ 78.4577376, 17.3687592 ] ] } },
{ "type": "Feature", "properties": { "road_id": "OSM-WAY-1240083230", "road_name": "Karvan Road", "road_class": "tertiary", "source": "real:osm", "confidence": 1.0, "attribution": "© OpenStreetMap contributors" }, "geometry": { "type": "LineString", "coordinates": [ [ 78.4572352, 17.3686659 ], [ 78.4572845, 17.3686912 ], [ 78.4575365, 17.3686862 ], [ 78.4576813, 17.3687246 ] ] } },
{ "type": "Feature", "properties": { "road_id": "OSM-WAY-1240083231", "road_name": "", "road_class": "tertiary", "source": "real:osm", "confidence": 1.0, "attribution": "© OpenStreetMap contributors" }, "geometry": { "type": "LineString", "coordinates": [ [ 78.4577343, 17.3686829 ], [ 78.4576143, 17.3686453 ], [ 78.4575445, 17.3686235 ], [ 78.4572749, 17.3686363 ], [ 78.4572352, 17.3686659 ] ] } },
{ "type": "Feature", "properties": { "road_id": "OSM-WAY-1240083232", "road_name": "", "road_class": "secondary", "source": "real:osm", "confidence": 1.0, "attribution": "© OpenStreetMap contributors" }, "geometry": { "type": "LineString", "coordinates": [ [ 78.4579891, 17.3684268 ], [ 78.4579227, 17.3685188 ], [ 78.4578424, 17.3685927 ], [ 78.4578033, 17.3686286 ], [ 78.4577343, 17.3686829 ] ] } },
{ "type": "Feature", "properties": { "road_id": "OSM-WAY-1240083233", "road_name": "Karvan Road", "road_class": "secondary", "source": "real:osm", "confidence": 1.0, "attribution": "© OpenStreetMap contributors" }, "geometry": { "type": "LineString", "coordinates": [ [ 78.4576813, 17.3687246 ], [ 78.4577376, 17.3687592 ], [ 78.4578617, 17.3688314 ], [ 78.4582673, 17.3690972 ], [ 78.4584353, 17.3692236 ] ] } },
{ "type": "Feature", "properties": { "road_id": "OSM-WAY-1240083234", "road_name": "", "road_class": "secondary", "source": "real:osm", "confidence": 1.0, "attribution": "© OpenStreetMap contributors" }, "geometry": { "type": "LineString", "coordinates": [ [ 78.4584832, 17.3691846 ], [ 78.4584431, 17.3691525 ], [ 78.4583913, 17.3691156 ], [ 78.4582551, 17.3690264 ], [ 78.4580958, 17.3689189 ], [ 78.4579044, 17.3687897 ], [ 78.457787, 17.3687194 ], [ 78.4577343, 17.3686829 ] ] } },
{ "type": "Feature", "properties": { "road_id": "OSM-WAY-1240083235", "road_name": "", "road_class": "secondary", "source": "real:osm", "confidence": 1.0, "attribution": "© OpenStreetMap contributors" }, "geometry": { "type": "LineString", "coordinates": [ [ 78.4577343, 17.3686829 ], [ 78.4576813, 17.3687246 ] ] } },
{ "type": "Feature", "properties": { "road_id": "OSM-WAY-1240083236", "road_name": "", "road_class": "tertiary", "source": "real:osm", "confidence": 1.0, "attribution": "© OpenStreetMap contributors" }, "geometry": { "type": "LineString", "coordinates": [ [ 78.4570105, 17.3676449 ], [ 78.4570945, 17.3675952 ] ] } },
{ "type": "Feature", "properties": { "road_id": "OSM-WAY-1240083237", "road_name": "", "road_class": "secondary", "source": "real:osm", "confidence": 1.0, "attribution": "© OpenStreetMap contributors" }, "geometry": { "type": "LineString", "coordinates": [ [ 78.4585147, 17.3691932 ], [ 78.4584997, 17.3691864 ], [ 78.4584832, 17.3691846 ], [ 78.458467, 17.3691878 ], [ 78.4584527, 17.3691958 ], [ 78.4584415, 17.3692083 ], [ 78.4584353, 17.3692236 ], [ 78.4584347, 17.36924 ], [ 78.4584398, 17.3692557 ], [ 78.4584501, 17.3692689 ], [ 78.4584644, 17.3692781 ], [ 78.458481, 17.3692822 ], [ 78.4584982, 17.3692809 ], [ 78.4585139, 17.3692742 ], [ 78.4585261, 17.3692634 ], [ 78.458534, 17.3692495 ], [ 78.4585368, 17.3692339 ], [ 78.4585343, 17.3692183 ], [ 78.4585266, 17.3692042 ], [ 78.4585147, 17.3691932 ] ] } },
{ "type": "Feature", "properties": { "road_id": "OSM-WAY-1241904380", "road_name": "", "road_class": "primary", "source": "real:osm", "confidence": 1.0, "attribution": "© OpenStreetMap contributors" }, "geometry": { "type": "LineString", "coordinates": [ [ 78.4726056, 17.381965 ], [ 78.472477, 17.3813894 ], [ 78.4724611, 17.3813246 ], [ 78.4723453, 17.3808526 ], [ 78.4723044, 17.3807578 ], [ 78.4720762, 17.3803807 ] ] } },
{ "type": "Feature", "properties": { "road_id": "OSM-WAY-1242801122", "road_name": "", "road_class": "residential", "source": "real:osm", "confidence": 1.0, "attribution": "© OpenStreetMap contributors" }, "geometry": { "type": "LineString", "coordinates": [ [ 78.4841367, 17.3723428 ], [ 78.4841271, 17.3720707 ] ] } },
{ "type": "Feature", "properties": { "road_id": "OSM-WAY-1242806476", "road_name": "Osman Shahi Road", "road_class": "residential", "source": "real:osm", "confidence": 1.0, "attribution": "© OpenStreetMap contributors" }, "geometry": { "type": "LineString", "coordinates": [ [ 78.4778083, 17.3766511 ], [ 78.4779735, 17.3764593 ], [ 78.4780626, 17.3762651 ], [ 78.4780896, 17.3761902 ], [ 78.4780974, 17.3761685 ], [ 78.4781085, 17.3761349 ], [ 78.4781259, 17.3761086 ], [ 78.4781534, 17.3760933 ], [ 78.4782027, 17.3760721 ], [ 78.4785239, 17.375987 ] ] } },
{ "type": "Feature", "properties": { "road_id": "OSM-WAY-1242806477", "road_name": "", "road_class": "living_street", "source": "real:osm", "confidence": 1.0, "attribution": "© OpenStreetMap contributors" }, "geometry": { "type": "LineString", "coordinates": [ [ 78.4775773, 17.3760061 ], [ 78.4777076, 17.3759732 ], [ 78.4777821, 17.3759522 ], [ 78.4779073, 17.3759147 ], [ 78.478029, 17.3758887 ], [ 78.478166, 17.3758691 ], [ 78.4781961, 17.3758647 ], [ 78.4782859, 17.3758796 ], [ 78.4783646, 17.3759173 ], [ 78.4785239, 17.375987 ] ] } },
{ "type": "Feature", "properties": { "road_id": "OSM-WAY-1242807024", "road_name": "", "road_class": "service", "source": "real:osm", "confidence": 1.0, "attribution": "© OpenStreetMap contributors" }, "geometry": { "type": "LineString", "coordinates": [ [ 78.4611403, 17.3825037 ], [ 78.4609971, 17.381941 ], [ 78.4609962, 17.3819312 ], [ 78.4609992, 17.3819222 ], [ 78.4610075, 17.3819145 ], [ 78.4610181, 17.3819091 ], [ 78.4612659, 17.3818331 ] ] } },
{ "type": "Feature", "properties": { "road_id": "OSM-WAY-1243372230", "road_name": "", "road_class": "residential", "source": "real:osm", "confidence": 1.0, "attribution": "© OpenStreetMap contributors" }, "geometry": { "type": "LineString", "coordinates": [ [ 78.4813266, 17.366225 ], [ 78.4823304, 17.3661429 ] ] } },
{ "type": "Feature", "properties": { "road_id": "OSM-WAY-1243372422", "road_name": "", "road_class": "residential", "source": "real:osm", "confidence": 1.0, "attribution": "© OpenStreetMap contributors" }, "geometry": { "type": "LineString", "coordinates": [ [ 78.4737915, 17.3808138 ], [ 78.4743185, 17.3807313 ] ] } },
{ "type": "Feature", "properties": { "road_id": "OSM-WAY-1243374348", "road_name": "", "road_class": "residential", "source": "real:osm", "confidence": 1.0, "attribution": "© OpenStreetMap contributors" }, "geometry": { "type": "LineString", "coordinates": [ [ 78.4732216, 17.3845676 ], [ 78.4732642, 17.3845134 ] ] } },
{ "type": "Feature", "properties": { "road_id": "OSM-WAY-1243947457", "road_name": "", "road_class": "residential", "source": "real:osm", "confidence": 1.0, "attribution": "© OpenStreetMap contributors" }, "geometry": { "type": "LineString", "coordinates": [ [ 78.4790036, 17.3773775 ], [ 78.4792692, 17.3773287 ], [ 78.4794772, 17.3773026 ] ] } },
{ "type": "Feature", "properties": { "road_id": "OSM-WAY-1243947458", "road_name": "", "road_class": "living_street", "source": "real:osm", "confidence": 1.0, "attribution": "© OpenStreetMap contributors" }, "geometry": { "type": "LineString", "coordinates": [ [ 78.4790036, 17.3773775 ], [ 78.4789393, 17.3769953 ] ] } },
{ "type": "Feature", "properties": { "road_id": "OSM-WAY-1243962669", "road_name": "", "road_class": "living_street", "source": "real:osm", "confidence": 1.0, "attribution": "© OpenStreetMap contributors" }, "geometry": { "type": "LineString", "coordinates": [ [ 78.4799838, 17.3760875 ], [ 78.4801548, 17.3764089 ] ] } },
{ "type": "Feature", "properties": { "road_id": "OSM-WAY-1243962670", "road_name": "", "road_class": "residential", "source": "real:osm", "confidence": 1.0, "attribution": "© OpenStreetMap contributors" }, "geometry": { "type": "LineString", "coordinates": [ [ 78.4801548, 17.3764089 ], [ 78.4802747, 17.3763651 ], [ 78.4803756, 17.3763308 ], [ 78.4804493, 17.3763156 ] ] } },
{ "type": "Feature", "properties": { "road_id": "OSM-WAY-1244522914", "road_name": "Goshamahal Road", "road_class": "secondary", "source": "real:osm", "confidence": 1.0, "attribution": "© OpenStreetMap contributors" }, "geometry": { "type": "LineString", "coordinates": [ [ 78.467879, 17.3827804 ], [ 78.4672034, 17.3828951 ], [ 78.4671827, 17.3828996 ], [ 78.467148, 17.3829026 ], [ 78.4669234, 17.3829185 ], [ 78.466733, 17.3829386 ], [ 78.4659223, 17.3830634 ], [ 78.4658373, 17.3830306 ], [ 78.4656993, 17.3829272 ], [ 78.4656173, 17.3829019 ] ] } },
{ "type": "Feature", "properties": { "road_id": "OSM-WAY-1244522915", "road_name": "Goshamahal Road", "road_class": "secondary", "source": "real:osm", "confidence": 1.0, "attribution": "© OpenStreetMap contributors" }, "geometry": { "type": "LineString", "coordinates": [ [ 78.4650574, 17.3827814 ], [ 78.4650872, 17.3828222 ], [ 78.4655516, 17.3829196 ], [ 78.4656173, 17.3829019 ] ] } },
{ "type": "Feature", "properties": { "road_id": "OSM-WAY-1244522916", "road_name": "", "road_class": "secondary", "source": "real:osm", "confidence": 1.0, "attribution": "© OpenStreetMap contributors" }, "geometry": { "type": "LineString", "coordinates": [ [ 78.4656173, 17.3829019 ], [ 78.4655718, 17.3828625 ], [ 78.4653857, 17.3828235 ], [ 78.4651003, 17.3827637 ], [ 78.4650574, 17.3827814 ] ] } },
{ "type": "Feature", "properties": { "road_id": "OSM-WAY-1244522917", "road_name": "", "road_class": "tertiary_link", "source": "real:osm", "confidence": 1.0, "attribution": "© OpenStreetMap contributors" }, "geometry": { "type": "LineString", "coordinates": [ [ 78.465683, 17.382701 ], [ 78.46565, 17.3827718 ], [ 78.46562, 17.3827939 ], [ 78.4655778, 17.3828069 ], [ 78.4654974, 17.3828225 ], [ 78.4653857, 17.3828235 ] ] } },
{ "type": "Feature", "properties": { "road_id": "OSM-WAY-1244530124", "road_name": "Dabeerpura Nala road", "road_class": "tertiary_link", "source": "real:osm", "confidence": 1.0, "attribution": "© OpenStreetMap contributors" }, "geometry": { "type": "LineString", "coordinates": [ [ 78.4841047, 17.3653526 ], [ 78.4842326, 17.3653645 ] ] } },
{ "type": "Feature", "properties": { "road_id": "OSM-WAY-1273991173", "road_name": "Mumbai Highway", "road_class": "trunk", "source": "real:osm", "confidence": 1.0, "attribution": "© OpenStreetMap contributors" }, "geometry": { "type": "LineString", "coordinates": [ [ 78.4770284, 17.3736153 ], [ 78.4770754, 17.3736274 ], [ 78.477387, 17.3737076 ] ] } },
{ "type": "Feature", "properties": { "road_id": "OSM-WAY-1274002709", "road_name": "", "road_class": "service", "source": "real:osm", "confidence": 1.0, "attribution": "© OpenStreetMap contributors" }, "geometry": { "type": "LineString", "coordinates": [ [ 78.4550917, 17.3646536 ], [ 78.4552633, 17.3652542 ] ] } },
{ "type": "Feature", "properties": { "road_id": "OSM-WAY-1274006153", "road_name": "", "road_class": "residential", "source": "real:osm", "confidence": 1.0, "attribution": "© OpenStreetMap contributors" }, "geometry": { "type": "LineString", "coordinates": [ [ 78.459164, 17.3696416 ], [ 78.459228, 17.3694456 ] ] } },
{ "type": "Feature", "properties": { "road_id": "OSM-WAY-1274012209", "road_name": "", "road_class": "service", "source": "real:osm", "confidence": 1.0, "attribution": "© OpenStreetMap contributors" }, "geometry": { "type": "LineString", "coordinates": [ [ 78.4748996, 17.3822153 ], [ 78.4748893, 17.3820175 ] ] } },
{ "type": "Feature", "properties": { "road_id": "OSM-WAY-1274012938", "road_name": "", "road_class": "service", "source": "real:osm", "confidence": 1.0, "attribution": "© OpenStreetMap contributors" }, "geometry": { "type": "LineString", "coordinates": [ [ 78.4750649, 17.3812476 ], [ 78.4745699, 17.3813027 ], [ 78.4745513, 17.3813172 ], [ 78.4745855, 17.3815354 ] ] } },
{ "type": "Feature", "properties": { "road_id": "OSM-WAY-1274048783", "road_name": "", "road_class": "residential", "source": "real:osm", "confidence": 1.0, "attribution": "© OpenStreetMap contributors" }, "geometry": { "type": "LineString", "coordinates": [ [ 78.4605154, 17.3699913 ], [ 78.4606105, 17.3698008 ] ] } },
{ "type": "Feature", "properties": { "road_id": "OSM-WAY-1274050698", "road_name": "", "road_class": "service", "source": "real:osm", "confidence": 1.0, "attribution": "© OpenStreetMap contributors" }, "geometry": { "type": "LineString", "coordinates": [ [ 78.4639975, 17.3713653 ], [ 78.4640094, 17.3713179 ] ] } },
{ "type": "Feature", "properties": { "road_id": "OSM-WAY-1274050699", "road_name": "", "road_class": "service", "source": "real:osm", "confidence": 1.0, "attribution": "© OpenStreetMap contributors" }, "geometry": { "type": "LineString", "coordinates": [ [ 78.463899, 17.3718027 ], [ 78.4639975, 17.3713653 ] ] } },
{ "type": "Feature", "properties": { "road_id": "OSM-WAY-1274056013", "road_name": "", "road_class": "living_street", "source": "real:osm", "confidence": 1.0, "attribution": "© OpenStreetMap contributors" }, "geometry": { "type": "LineString", "coordinates": [ [ 78.4600932, 17.3778669 ], [ 78.4600911, 17.377849 ], [ 78.4600723, 17.3776869 ] ] } },
{ "type": "Feature", "properties": { "road_id": "OSM-WAY-1274316660", "road_name": "", "road_class": "residential", "source": "real:osm", "confidence": 1.0, "attribution": "© OpenStreetMap contributors" }, "geometry": { "type": "LineString", "coordinates": [ [ 78.4671074, 17.384255 ], [ 78.4670056, 17.3837875 ] ] } },
{ "type": "Feature", "properties": { "road_id": "OSM-WAY-1274317773", "road_name": "", "road_class": "residential", "source": "real:osm", "confidence": 1.0, "attribution": "© OpenStreetMap contributors" }, "geometry": { "type": "LineString", "coordinates": [ [ 78.4678035, 17.3846412 ], [ 78.4677212, 17.3844252 ] ] } },
{ "type": "Feature", "properties": { "road_id": "OSM-WAY-1274319356", "road_name": "", "road_class": "living_street", "source": "real:osm", "confidence": 1.0, "attribution": "© OpenStreetMap contributors" }, "geometry": { "type": "LineString", "coordinates": [ [ 78.4677975, 17.3847366 ], [ 78.4680276, 17.3846914 ], [ 78.4680372, 17.3846914 ], [ 78.4680435, 17.3847003 ], [ 78.468046, 17.3847154 ], [ 78.4681169, 17.3850622 ] ] } },
{ "type": "Feature", "properties": { "road_id": "OSM-WAY-1274322211", "road_name": "", "road_class": "living_street", "source": "real:osm", "confidence": 1.0, "attribution": "© OpenStreetMap contributors" }, "geometry": { "type": "LineString", "coordinates": [ [ 78.4617095, 17.3833253 ], [ 78.4618462, 17.3832665 ], [ 78.4618558, 17.3832464 ], [ 78.4618624, 17.383219 ], [ 78.4618712, 17.3831954 ], [ 78.4618956, 17.3831834 ], [ 78.4620352, 17.3831357 ] ] } },
{ "type": "Feature", "properties": { "road_id": "OSM-WAY-1275473015", "road_name": "", "road_class": "service", "source": "real:osm", "confidence": 1.0, "attribution": "© OpenStreetMap contributors" }, "geometry": { "type": "LineString", "coordinates": [ [ 78.4767315, 17.3730646 ], [ 78.4766562, 17.3730067 ], [ 78.4765716, 17.372936 ] ] } },
{ "type": "Feature", "properties": { "road_id": "OSM-WAY-1276316974", "road_name": "", "road_class": "primary", "source": "real:osm", "confidence": 1.0, "attribution": "© OpenStreetMap contributors" }, "geometry": { "type": "LineString", "coordinates": [ [ 78.4828983, 17.3736235 ], [ 78.4829618, 17.3736231 ], [ 78.4830217, 17.3736027 ], [ 78.4830713, 17.3735627 ], [ 78.4831038, 17.3735091 ], [ 78.4831124, 17.3734617 ], [ 78.4831149, 17.373448 ] ] } },
{ "type": "Feature", "properties": { "road_id": "OSM-WAY-1276316975", "road_name": "", "road_class": "primary", "source": "real:osm", "confidence": 1.0, "attribution": "© OpenStreetMap contributors" }, "geometry": { "type": "LineString", "coordinates": [ [ 78.4831149, 17.373448 ], [ 78.4831063, 17.3733952 ], [ 78.4830815, 17.3733472 ], [ 78.4830429, 17.3733084 ], [ 78.4829939, 17.3732824 ] ] } },
{ "type": "Feature", "properties": { "road_id": "OSM-WAY-1283187374", "road_name": "", "road_class": "tertiary", "source": "real:osm", "confidence": 1.0, "attribution": "© OpenStreetMap contributors" }, "geometry": { "type": "LineString", "coordinates": [ [ 78.4552234, 17.3646153 ], [ 78.4554092, 17.3653385 ], [ 78.455539, 17.3656799 ], [ 78.4558375, 17.3663241 ], [ 78.4561008, 17.3667673 ] ] } },
{ "type": "Feature", "properties": { "road_id": "OSM-WAY-1283504610", "road_name": "", "road_class": "residential", "source": "real:osm", "confidence": 1.0, "attribution": "© OpenStreetMap contributors" }, "geometry": { "type": "LineString", "coordinates": [ [ 78.4697294, 17.3810227 ], [ 78.4698353, 17.3813553 ], [ 78.4698513, 17.3813833 ], [ 78.4698863, 17.3814551 ], [ 78.4699035, 17.3814675 ], [ 78.470007, 17.3815268 ], [ 78.470298, 17.3817341 ], [ 78.470416, 17.381807 ], [ 78.4704953, 17.3818754 ], [ 78.4705488, 17.381944 ], [ 78.4706346, 17.3821872 ], [ 78.4706906, 17.3823621 ] ] } },
{ "type": "Feature", "properties": { "road_id": "OSM-WAY-1283504611", "road_name": "Troop Bazar Rd", "road_class": "residential", "source": "real:osm", "confidence": 1.0, "attribution": "© OpenStreetMap contributors" }, "geometry": { "type": "LineString", "coordinates": [ [ 78.4682216, 17.3814155 ], [ 78.4683459, 17.3813295 ], [ 78.4685026, 17.3812822 ], [ 78.4695174, 17.3810814 ], [ 78.4697294, 17.3810227 ] ] } },
{ "type": "Feature", "properties": { "road_id": "OSM-WAY-1283506919", "road_name": "", "road_class": "service", "source": "real:osm", "confidence": 1.0, "attribution": "© OpenStreetMap contributors" }, "geometry": { "type": "LineString", "coordinates": [ [ 78.4749378, 17.3820182 ], [ 78.4748893, 17.3820175 ] ] } },
{ "type": "Feature", "properties": { "road_id": "OSM-WAY-1283506920", "road_name": "", "road_class": "service", "source": "real:osm", "confidence": 1.0, "attribution": "© OpenStreetMap contributors" }, "geometry": { "type": "LineString", "coordinates": [ [ 78.4748996, 17.3822153 ], [ 78.4749539, 17.3822115 ] ] } },
{ "type": "Feature", "properties": { "road_id": "OSM-WAY-1288242061", "road_name": "Mumbai Highway", "road_class": "trunk", "source": "real:osm", "confidence": 1.0, "attribution": "© OpenStreetMap contributors" }, "geometry": { "type": "LineString", "coordinates": [ [ 78.4823493, 17.3786281 ], [ 78.4822528, 17.3786026 ], [ 78.4821963, 17.3786037 ] ] } },
{ "type": "Feature", "properties": { "road_id": "OSM-WAY-1288344600", "road_name": "Mukharam Jahi Road", "road_class": "trunk", "source": "real:osm", "confidence": 1.0, "attribution": "© OpenStreetMap contributors" }, "geometry": { "type": "LineString", "coordinates": [ [ 78.4751431, 17.3838453 ], [ 78.4752484, 17.3837827 ] ] } },
{ "type": "Feature", "properties": { "road_id": "OSM-WAY-1288344601", "road_name": "", "road_class": "trunk", "source": "real:osm", "confidence": 1.0, "attribution": "© OpenStreetMap contributors" }, "geometry": { "type": "LineString", "coordinates": [ [ 78.4752054, 17.3836703 ], [ 78.4750912, 17.3837328 ] ] } },
{ "type": "Feature", "properties": { "road_id": "OSM-WAY-1288344602", "road_name": "", "road_class": "trunk", "source": "real:osm", "confidence": 1.0, "attribution": "© OpenStreetMap contributors" }, "geometry": { "type": "LineString", "coordinates": [ [ 78.4752484, 17.3837827 ], [ 78.4752054, 17.3836703 ] ] } },
{ "type": "Feature", "properties": { "road_id": "OSM-WAY-1288344603", "road_name": "", "road_class": "trunk_link", "source": "real:osm", "confidence": 1.0, "attribution": "© OpenStreetMap contributors" }, "geometry": { "type": "LineString", "coordinates": [ [ 78.4750699, 17.3833803 ], [ 78.4749846, 17.3835894 ], [ 78.4749081, 17.383752 ], [ 78.4747888, 17.3839584 ] ] } },
{ "type": "Feature", "properties": { "road_id": "OSM-WAY-1293822052", "road_name": "", "road_class": "residential", "source": "real:osm", "confidence": 1.0, "attribution": "© OpenStreetMap contributors" }, "geometry": { "type": "LineString", "coordinates": [ [ 78.4809063, 17.377075 ], [ 78.4812476, 17.376866 ], [ 78.4813095, 17.3768307 ] ] } },
{ "type": "Feature", "properties": { "road_id": "OSM-WAY-1297287730", "road_name": "", "road_class": "residential", "source": "real:osm", "confidence": 1.0, "attribution": "© OpenStreetMap contributors" }, "geometry": { "type": "LineString", "coordinates": [ [ 78.4800267, 17.3776569 ], [ 78.4802232, 17.3775747 ], [ 78.4802623, 17.3775744 ], [ 78.4803905, 17.3775735 ], [ 78.4805732, 17.3775649 ], [ 78.4807895, 17.3775758 ] ] } },
{ "type": "Feature", "properties": { "road_id": "OSM-WAY-1298089424", "road_name": "", "road_class": "residential", "source": "real:osm", "confidence": 1.0, "attribution": "© OpenStreetMap contributors" }, "geometry": { "type": "LineString", "coordinates": [ [ 78.4689955, 17.3842658 ], [ 78.4690096, 17.3843159 ], [ 78.4690219, 17.3843728 ], [ 78.468998, 17.3844077 ], [ 78.4689348, 17.3844427 ] ] } },
{ "type": "Feature", "properties": { "road_id": "OSM-WAY-1298708171", "road_name": "", "road_class": "residential", "source": "real:osm", "confidence": 1.0, "attribution": "© OpenStreetMap contributors" }, "geometry": { "type": "LineString", "coordinates": [ [ 78.4557347, 17.368302 ], [ 78.4559497, 17.3682605 ] ] } },
{ "type": "Feature", "properties": { "road_id": "OSM-WAY-1299993372", "road_name": "", "road_class": "residential", "source": "real:osm", "confidence": 1.0, "attribution": "© OpenStreetMap contributors" }, "geometry": { "type": "LineString", "coordinates": [ [ 78.4712884, 17.366855 ], [ 78.4713039, 17.3669025 ], [ 78.4713448, 17.3670107 ] ] } },
{ "type": "Feature", "properties": { "road_id": "OSM-WAY-1304818436", "road_name": "", "road_class": "residential", "source": "real:osm", "confidence": 1.0, "attribution": "© OpenStreetMap contributors" }, "geometry": { "type": "LineString", "coordinates": [ [ 78.4558125, 17.3706301 ], [ 78.455811, 17.3705423 ], [ 78.4557699, 17.3703147 ], [ 78.455748, 17.3702462 ] ] } },
{ "type": "Feature", "properties": { "road_id": "OSM-WAY-1306489550", "road_name": "", "road_class": "tertiary", "source": "real:osm", "confidence": 1.0, "attribution": "© OpenStreetMap contributors" }, "geometry": { "type": "LineString", "coordinates": [ [ 78.465683, 17.382701 ], [ 78.4658373, 17.3830306 ] ] } },
{ "type": "Feature", "properties": { "road_id": "OSM-WAY-1311183818", "road_name": "", "road_class": "tertiary", "source": "real:osm", "confidence": 1.0, "attribution": "© OpenStreetMap contributors" }, "geometry": { "type": "LineString", "coordinates": [ [ 78.4633545, 17.3850578 ], [ 78.463841, 17.3849614 ] ] } },
{ "type": "Feature", "properties": { "road_id": "OSM-WAY-1311183819", "road_name": "Habeeb Nagar Main Road", "road_class": "tertiary", "source": "real:osm", "confidence": 1.0, "attribution": "© OpenStreetMap contributors" }, "geometry": { "type": "LineString", "coordinates": [ [ 78.4633545, 17.3850578 ], [ 78.4633317, 17.3848006 ], [ 78.4633294, 17.3847424 ] ] } },
{ "type": "Feature", "properties": { "road_id": "OSM-WAY-1311872401", "road_name": "", "road_class": "residential", "source": "real:osm", "confidence": 1.0, "attribution": "© OpenStreetMap contributors" }, "geometry": { "type": "LineString", "coordinates": [ [ 78.4749692, 17.3679035 ], [ 78.4756078, 17.3676794 ], [ 78.4758163, 17.3676326 ] ] } },
{ "type": "Feature", "properties": { "road_id": "OSM-WAY-1311872402", "road_name": "", "road_class": "residential", "source": "real:osm", "confidence": 1.0, "attribution": "© OpenStreetMap contributors" }, "geometry": { "type": "LineString", "coordinates": [ [ 78.4751282, 17.3686418 ], [ 78.4749692, 17.3679035 ] ] } },
{ "type": "Feature", "properties": { "road_id": "OSM-WAY-1319574574", "road_name": "", "road_class": "residential", "source": "real:osm", "confidence": 1.0, "attribution": "© OpenStreetMap contributors" }, "geometry": { "type": "LineString", "coordinates": [ [ 78.4673163, 17.376396 ], [ 78.4673228, 17.3764515 ] ] } },
{ "type": "Feature", "properties": { "road_id": "OSM-WAY-1319574824", "road_name": "", "road_class": "residential", "source": "real:osm", "confidence": 1.0, "attribution": "© OpenStreetMap contributors" }, "geometry": { "type": "LineString", "coordinates": [ [ 78.4677686, 17.3773863 ], [ 78.4673696, 17.3774097 ] ] } },
{ "type": "Feature", "properties": { "road_id": "OSM-WAY-1319574825", "road_name": "", "road_class": "residential", "source": "real:osm", "confidence": 1.0, "attribution": "© OpenStreetMap contributors" }, "geometry": { "type": "LineString", "coordinates": [ [ 78.4673696, 17.3774097 ], [ 78.4673638, 17.3773748 ], [ 78.4673624, 17.3773664 ], [ 78.4673572, 17.3773347 ] ] } },
{ "type": "Feature", "properties": { "road_id": "OSM-WAY-1319575412", "road_name": "", "road_class": "residential", "source": "real:osm", "confidence": 1.0, "attribution": "© OpenStreetMap contributors" }, "geometry": { "type": "LineString", "coordinates": [ [ 78.4673696, 17.3774097 ], [ 78.4672567, 17.377418 ] ] } },
{ "type": "Feature", "properties": { "road_id": "OSM-WAY-1319575413", "road_name": "", "road_class": "residential", "source": "real:osm", "confidence": 1.0, "attribution": "© OpenStreetMap contributors" }, "geometry": { "type": "LineString", "coordinates": [ [ 78.4669786, 17.3765225 ], [ 78.4669652, 17.376446 ] ] } },
{ "type": "Feature", "properties": { "road_id": "OSM-WAY-1322514872", "road_name": "", "road_class": "residential", "source": "real:osm", "confidence": 1.0, "attribution": "© OpenStreetMap contributors" }, "geometry": { "type": "LineString", "coordinates": [ [ 78.4703977, 17.3824062 ], [ 78.4705098, 17.3830472 ] ] } },
{ "type": "Feature", "properties": { "road_id": "OSM-WAY-1322850758", "road_name": "", "road_class": "residential", "source": "real:osm", "confidence": 1.0, "attribution": "© OpenStreetMap contributors" }, "geometry": { "type": "LineString", "coordinates": [ [ 78.4812982, 17.381673 ], [ 78.4809358, 17.3817377 ] ] } },
{ "type": "Feature", "properties": { "road_id": "OSM-WAY-1322851334", "road_name": "", "road_class": "residential", "source": "real:osm", "confidence": 1.0, "attribution": "© OpenStreetMap contributors" }, "geometry": { "type": "LineString", "coordinates": [ [ 78.4812778, 17.383453 ], [ 78.481194, 17.3834602 ], [ 78.4808333, 17.3834909 ], [ 78.480726, 17.3835 ], [ 78.4806338, 17.3835022 ], [ 78.4805871, 17.3834729 ], [ 78.4805621, 17.3834196 ], [ 78.4805416, 17.3832632 ], [ 78.4805416, 17.3832056 ], [ 78.4805587, 17.383172 ], [ 78.4806133, 17.3831513 ], [ 78.4807283, 17.3831383 ], [ 78.4807738, 17.3831481 ], [ 78.4808068, 17.3831828 ], [ 78.4808333, 17.3834909 ] ] } },
{ "type": "Feature", "properties": { "road_id": "OSM-WAY-1329293554", "road_name": "", "road_class": "service", "source": "real:osm", "confidence": 1.0, "attribution": "© OpenStreetMap contributors" }, "geometry": { "type": "LineString", "coordinates": [ [ 78.4805799, 17.3722215 ], [ 78.4806447, 17.3720939 ] ] } },
{ "type": "Feature", "properties": { "road_id": "OSM-WAY-1329293555", "road_name": "", "road_class": "service", "source": "real:osm", "confidence": 1.0, "attribution": "© OpenStreetMap contributors" }, "geometry": { "type": "LineString", "coordinates": [ [ 78.4796223, 17.3715722 ], [ 78.4795833, 17.3716565 ], [ 78.4795127, 17.3717961 ] ] } },
{ "type": "Feature", "properties": { "road_id": "OSM-WAY-1331305181", "road_name": "", "road_class": "service", "source": "real:osm", "confidence": 1.0, "attribution": "© OpenStreetMap contributors" }, "geometry": { "type": "LineString", "coordinates": [ [ 78.4826424, 17.3816821 ], [ 78.4825847, 17.3815812 ] ] } },
{ "type": "Feature", "properties": { "road_id": "OSM-WAY-1331305182", "road_name": "", "road_class": "service", "source": "real:osm", "confidence": 1.0, "attribution": "© OpenStreetMap contributors" }, "geometry": { "type": "LineString", "coordinates": [ [ 78.4840003, 17.3824062 ], [ 78.4839876, 17.3824228 ], [ 78.4839811, 17.3824424 ], [ 78.4839815, 17.382463 ], [ 78.4839885, 17.3824824 ], [ 78.4840017, 17.3824987 ], [ 78.4840196, 17.3825103 ], [ 78.4840403, 17.3825158 ], [ 78.4840618, 17.3825148 ], [ 78.484082, 17.3825074 ], [ 78.4840986, 17.3824944 ], [ 78.4841089, 17.3824794 ], [ 78.4841145, 17.3824622 ], [ 78.4841149, 17.3824443 ], [ 78.4841102, 17.3824269 ], [ 78.4841005, 17.3824115 ], [ 78.4840868, 17.3823992 ], [ 78.4840701, 17.382391 ], [ 78.4840517, 17.3823875 ], [ 78.4840329, 17.382389 ], [ 78.4840217, 17.3823931 ], [ 78.4840153, 17.3823954 ], [ 78.4840003, 17.3824062 ] ] } },
{ "type": "Feature", "properties": { "road_id": "OSM-WAY-1331305183", "road_name": "", "road_class": "service", "source": "real:osm", "confidence": 1.0, "attribution": "© OpenStreetMap contributors" }, "geometry": { "type": "LineString", "coordinates": [ [ 78.4835466, 17.3829828 ], [ 78.4835407, 17.3830448 ], [ 78.4835388, 17.3830926 ], [ 78.4835428, 17.3831191 ], [ 78.4835527, 17.3831418 ], [ 78.4837719, 17.3834206 ], [ 78.4837955, 17.3834475 ], [ 78.4838264, 17.3834584 ], [ 78.4838586, 17.3834565 ], [ 78.4839011, 17.383428 ], [ 78.484181, 17.3831859 ], [ 78.4841895, 17.3831693 ], [ 78.4841906, 17.3831524 ], [ 78.4841791, 17.3831289 ], [ 78.4840392, 17.3829588 ] ] } },
{ "type": "Feature", "properties": { "road_id": "OSM-WAY-1338579099", "road_name": "", "road_class": "residential", "source": "real:osm", "confidence": 1.0, "attribution": "© OpenStreetMap contributors" }, "geometry": { "type": "LineString", "coordinates": [ [ 78.4794761, 17.3661105 ], [ 78.4793443, 17.366145 ] ] } },
{ "type": "Feature", "properties": { "road_id": "OSM-WAY-1340478042", "road_name": "", "road_class": "primary_link", "source": "real:osm", "confidence": 1.0, "attribution": "© OpenStreetMap contributors" }, "geometry": { "type": "LineString", "coordinates": [ [ 78.4810642, 17.3823338 ], [ 78.4810719, 17.3824221 ], [ 78.4810407, 17.382457 ], [ 78.4810264, 17.382507 ] ] } },
{ "type": "Feature", "properties": { "road_id": "OSM-WAY-1340687454", "road_name": "", "road_class": "residential", "source": "real:osm", "confidence": 1.0, "attribution": "© OpenStreetMap contributors" }, "geometry": { "type": "LineString", "coordinates": [ [ 78.4694212, 17.3755332 ], [ 78.4698003, 17.3753695 ], [ 78.469845, 17.3753455 ] ] } },
{ "type": "Feature", "properties": { "road_id": "OSM-WAY-1342093598", "road_name": "", "road_class": "residential", "source": "real:osm", "confidence": 1.0, "attribution": "© OpenStreetMap contributors" }, "geometry": { "type": "LineString", "coordinates": [ [ 78.4572985, 17.3721445 ], [ 78.4572808, 17.3722255 ], [ 78.4572749, 17.3722802 ], [ 78.4573176, 17.3724576 ] ] } },
{ "type": "Feature", "properties": { "road_id": "OSM-WAY-1342093599", "road_name": "", "road_class": "residential", "source": "real:osm", "confidence": 1.0, "attribution": "© OpenStreetMap contributors" }, "geometry": { "type": "LineString", "coordinates": [ [ 78.4573176, 17.3724576 ], [ 78.4573697, 17.3726164 ], [ 78.4573863, 17.3726794 ], [ 78.4574154, 17.372817 ] ] } },
{ "type": "Feature", "properties": { "road_id": "OSM-WAY-1349208250", "road_name": "", "road_class": "living_street", "source": "real:osm", "confidence": 1.0, "attribution": "© OpenStreetMap contributors" }, "geometry": { "type": "LineString", "coordinates": [ [ 78.470343, 17.3738214 ], [ 78.4703488, 17.3733255 ], [ 78.4703522, 17.3733004 ], [ 78.4703668, 17.3732807 ], [ 78.470391, 17.373276 ], [ 78.4705587, 17.3732762 ], [ 78.4706027, 17.3732668 ], [ 78.4706302, 17.3732431 ], [ 78.4706461, 17.3732151 ], [ 78.4706424, 17.3731146 ] ] } },
{ "type": "Feature", "properties": { "road_id": "OSM-WAY-1349208251", "road_name": "", "road_class": "living_street", "source": "real:osm", "confidence": 1.0, "attribution": "© OpenStreetMap contributors" }, "geometry": { "type": "LineString", "coordinates": [ [ 78.4703392, 17.3742938 ], [ 78.4703618, 17.3740039 ], [ 78.4703994, 17.3738339 ] ] } },
{ "type": "Feature", "properties": { "road_id": "OSM-WAY-1353907549", "road_name": "", "road_class": "living_street", "source": "real:osm", "confidence": 1.0, "attribution": "© OpenStreetMap contributors" }, "geometry": { "type": "LineString", "coordinates": [ [ 78.4707278, 17.3738914 ], [ 78.4708079, 17.3736348 ], [ 78.4708206, 17.3736169 ], [ 78.4708687, 17.3735986 ] ] } },
{ "type": "Feature", "properties": { "road_id": "OSM-WAY-1355319483", "road_name": "", "road_class": "residential", "source": "real:osm", "confidence": 1.0, "attribution": "© OpenStreetMap contributors" }, "geometry": { "type": "LineString", "coordinates": [ [ 78.4665359, 17.3819523 ], [ 78.4669722, 17.3818678 ] ] } },
{ "type": "Feature", "properties": { "road_id": "OSM-WAY-1355361415", "road_name": "", "road_class": "living_street", "source": "real:osm", "confidence": 1.0, "attribution": "© OpenStreetMap contributors" }, "geometry": { "type": "LineString", "coordinates": [ [ 78.4835224, 17.3846568 ], [ 78.4839162, 17.3843707 ] ] } },
{ "type": "Feature", "properties": { "road_id": "OSM-WAY-1359518200", "road_name": "", "road_class": "residential", "source": "real:osm", "confidence": 1.0, "attribution": "© OpenStreetMap contributors" }, "geometry": { "type": "LineString", "coordinates": [ [ 78.4676385, 17.3679682 ], [ 78.4676158, 17.3681822 ], [ 78.4676064, 17.3682712 ] ] } },
{ "type": "Feature", "properties": { "road_id": "OSM-WAY-1360878590", "road_name": "", "road_class": "residential", "source": "real:osm", "confidence": 1.0, "attribution": "© OpenStreetMap contributors" }, "geometry": { "type": "LineString", "coordinates": [ [ 78.4842373, 17.3704645 ], [ 78.4841965, 17.3703312 ] ] } },
{ "type": "Feature", "properties": { "road_id": "OSM-WAY-1362781899", "road_name": "Mumbai Highway", "road_class": "trunk", "source": "real:osm", "confidence": 1.0, "attribution": "© OpenStreetMap contributors" }, "geometry": { "type": "LineString", "coordinates": [ [ 78.4821424, 17.3784737 ], [ 78.4821963, 17.3786037 ] ] } },
{ "type": "Feature", "properties": { "road_id": "OSM-WAY-1362781900", "road_name": "Mumbai Highway", "road_class": "trunk", "source": "real:osm", "confidence": 1.0, "attribution": "© OpenStreetMap contributors" }, "geometry": { "type": "LineString", "coordinates": [ [ 78.4822196, 17.3784318 ], [ 78.4821625, 17.3783455 ] ] } },
{ "type": "Feature", "properties": { "road_id": "OSM-WAY-1366622265", "road_name": "", "road_class": "service", "source": "real:osm", "confidence": 1.0, "attribution": "© OpenStreetMap contributors" }, "geometry": { "type": "LineString", "coordinates": [ [ 78.4719548, 17.3849778 ], [ 78.4718872, 17.3850071 ], [ 78.4717504, 17.3850797 ], [ 78.4717274, 17.3850928 ], [ 78.4716472, 17.3851358 ] ] } },
{ "type": "Feature", "properties": { "road_id": "OSM-WAY-1366740263", "road_name": "", "road_class": "primary_link", "source": "real:osm", "confidence": 1.0, "attribution": "© OpenStreetMap contributors" }, "geometry": { "type": "LineString", "coordinates": [ [ 78.4689559, 17.371097 ], [ 78.4687745, 17.3710837 ] ] } },
{ "type": "Feature", "properties": { "road_id": "OSM-WAY-1372301106", "road_name": "Mumbai Highway", "road_class": "trunk", "source": "real:osm", "confidence": 1.0, "attribution": "© OpenStreetMap contributors" }, "geometry": { "type": "LineString", "coordinates": [ [ 78.4820882, 17.3783768 ], [ 78.4821424, 17.3784737 ] ] } },
{ "type": "Feature", "properties": { "road_id": "OSM-WAY-1373671204", "road_name": "TGSRTC MGBS  Bus Station Road", "road_class": "tertiary", "source": "real:osm", "confidence": 1.0, "attribution": "© OpenStreetMap contributors" }, "geometry": { "type": "LineString", "coordinates": [ [ 78.4822196, 17.3784318 ], [ 78.4823367, 17.3783751 ] ] } },
{ "type": "Feature", "properties": { "road_id": "OSM-WAY-1374614686", "road_name": "", "road_class": "residential", "source": "real:osm", "confidence": 1.0, "attribution": "© OpenStreetMap contributors" }, "geometry": { "type": "LineString", "coordinates": [ [ 78.4713798, 17.381163 ], [ 78.4714412, 17.3811873 ], [ 78.4714937, 17.3812203 ], [ 78.4715179, 17.381231 ], [ 78.4715513, 17.3812327 ], [ 78.4716104, 17.3812158 ], [ 78.4716416, 17.3812188 ], [ 78.4716541, 17.3812373 ], [ 78.4716569, 17.3812556 ], [ 78.4716527, 17.3814614 ] ] } },
{ "type": "Feature", "properties": { "road_id": "OSM-WAY-1374615498", "road_name": "", "road_class": "residential", "source": "real:osm", "confidence": 1.0, "attribution": "© OpenStreetMap contributors" }, "geometry": { "type": "LineString", "coordinates": [ [ 78.4738845, 17.3849174 ], [ 78.4739971, 17.3849954 ] ] } },
{ "type": "Feature", "properties": { "road_id": "OSM-WAY-1376102417", "road_name": "", "road_class": "primary_link", "source": "real:osm", "confidence": 1.0, "attribution": "© OpenStreetMap contributors" }, "geometry": { "type": "LineString", "coordinates": [ [ 78.4711305, 17.3772226 ], [ 78.4711668, 17.3771713 ] ] } },
{ "type": "Feature", "properties": { "road_id": "OSM-WAY-1377731234", "road_name": "", "road_class": "living_street", "source": "real:osm", "confidence": 1.0, "attribution": "© OpenStreetMap contributors" }, "geometry": { "type": "LineString", "coordinates": [ [ 78.4833301, 17.3701146 ], [ 78.4833788, 17.3702701 ], [ 78.4834144, 17.3703839 ] ] } },
{ "type": "Feature", "properties": { "road_id": "OSM-WAY-1378029874", "road_name": "", "road_class": "residential", "source": "real:osm", "confidence": 1.0, "attribution": "© OpenStreetMap contributors" }, "geometry": { "type": "LineString", "coordinates": [ [ 78.4656385, 17.3780419 ], [ 78.4656081, 17.3777371 ], [ 78.4656069, 17.3777112 ], [ 78.4656187, 17.3776943 ], [ 78.4656612, 17.3776797 ], [ 78.4657718, 17.3776701 ] ] } },
{ "type": "Feature", "properties": { "road_id": "OSM-WAY-1383679850", "road_name": "MGBS Road", "road_class": "service", "source": "real:osm", "confidence": 1.0, "attribution": "© OpenStreetMap contributors" }, "geometry": { "type": "LineString", "coordinates": [ [ 78.4841988, 17.3793032 ], [ 78.484257, 17.3793424 ] ] } },
{ "type": "Feature", "properties": { "road_id": "OSM-WAY-1383679851", "road_name": "TGSRTC MGBS  Bus Station Road", "road_class": "tertiary", "source": "real:osm", "confidence": 1.0, "attribution": "© OpenStreetMap contributors" }, "geometry": { "type": "LineString", "coordinates": [ [ 78.4829127, 17.3780987 ], [ 78.4828415, 17.3781308 ] ] } },
{ "type": "Feature", "properties": { "road_id": "OSM-WAY-1386035343", "road_name": "", "road_class": "residential", "source": "real:osm", "confidence": 1.0, "attribution": "© OpenStreetMap contributors" }, "geometry": { "type": "LineString", "coordinates": [ [ 78.472379, 17.3813433 ], [ 78.4724611, 17.3813246 ] ] } },
{ "type": "Feature", "properties": { "road_id": "OSM-WAY-1387937872", "road_name": "", "road_class": "residential", "source": "real:osm", "confidence": 1.0, "attribution": "© OpenStreetMap contributors" }, "geometry": { "type": "LineString", "coordinates": [ [ 78.4638378, 17.3675187 ], [ 78.4638062, 17.3675589 ] ] } },
{ "type": "Feature", "properties": { "road_id": "OSM-WAY-1387937873", "road_name": "High Court Road", "road_class": "trunk", "source": "real:osm", "confidence": 1.0, "attribution": "© OpenStreetMap contributors" }, "geometry": { "type": "LineString", "coordinates": [ [ 78.4636774, 17.367462 ], [ 78.4635642, 17.367422 ], [ 78.4631686, 17.3672897 ], [ 78.4627389, 17.3671321 ], [ 78.4623137, 17.3669817 ], [ 78.4619656, 17.3668512 ], [ 78.4617206, 17.3667526 ], [ 78.4612012, 17.3665427 ], [ 78.4603898, 17.3662496 ], [ 78.459895, 17.3660601 ], [ 78.4597827, 17.3660061 ], [ 78.4596499, 17.3659293 ], [ 78.459548, 17.3658845 ], [ 78.4594018, 17.3658487 ] ] } },
{ "type": "Feature", "properties": { "road_id": "OSM-WAY-1387937874", "road_name": "High Court Road", "road_class": "trunk", "source": "real:osm", "confidence": 1.0, "attribution": "© OpenStreetMap contributors" }, "geometry": { "type": "LineString", "coordinates": [ [ 78.4639722, 17.3676065 ], [ 78.4641137, 17.3676471 ], [ 78.4644563, 17.3677214 ], [ 78.4652834, 17.3677875 ], [ 78.4657461, 17.3678259 ], [ 78.4661067, 17.3678523 ], [ 78.4666104, 17.3678905 ], [ 78.4675325, 17.3679583 ], [ 78.4676385, 17.3679682 ], [ 78.4682041, 17.368021 ] ] } },
{ "type": "Feature", "properties": { "road_id": "OSM-WAY-1387937875", "road_name": "High Court Road", "road_class": "trunk", "source": "real:osm", "confidence": 1.0, "attribution": "© OpenStreetMap contributors" }, "geometry": { "type": "LineString", "coordinates": [ [ 78.4638062, 17.3675589 ], [ 78.4639722, 17.3676065 ] ] } },
{ "type": "Feature", "properties": { "road_id": "OSM-WAY-1387937876", "road_name": "High Court Road", "road_class": "trunk", "source": "real:osm", "confidence": 1.0, "attribution": "© OpenStreetMap contributors" }, "geometry": { "type": "LineString", "coordinates": [ [ 78.4640024, 17.3675627 ], [ 78.4638378, 17.3675187 ] ] } },
{ "type": "Feature", "properties": { "road_id": "OSM-WAY-1387937877", "road_name": "High Court Road", "road_class": "trunk", "source": "real:osm", "confidence": 1.0, "attribution": "© OpenStreetMap contributors" }, "geometry": { "type": "LineString", "coordinates": [ [ 78.4638378, 17.3675187 ], [ 78.4636774, 17.367462 ] ] } },
{ "type": "Feature", "properties": { "road_id": "OSM-WAY-1387937878", "road_name": "High Court Road", "road_class": "trunk", "source": "real:osm", "confidence": 1.0, "attribution": "© OpenStreetMap contributors" }, "geometry": { "type": "LineString", "coordinates": [ [ 78.4636597, 17.3675084 ], [ 78.4638062, 17.3675589 ] ] } },
{ "type": "Feature", "properties": { "road_id": "OSM-WAY-1387945891", "road_name": "", "road_class": "primary_link", "source": "real:osm", "confidence": 1.0, "attribution": "© OpenStreetMap contributors" }, "geometry": { "type": "LineString", "coordinates": [ [ 78.479879, 17.3828936 ], [ 78.4798808, 17.3829221 ], [ 78.4798948, 17.3829486 ], [ 78.4799067, 17.3829645 ], [ 78.4799494, 17.3829813 ] ] } },
{ "type": "Feature", "properties": { "road_id": "OSM-WAY-1390903046", "road_name": "", "road_class": "primary_link", "source": "real:osm", "confidence": 1.0, "attribution": "© OpenStreetMap contributors" }, "geometry": { "type": "LineString", "coordinates": [ [ 78.4756713, 17.3835171 ], [ 78.4757053, 17.3836092 ] ] } },
{ "type": "Feature", "properties": { "road_id": "OSM-WAY-1391744867", "road_name": "Hussaini Alam Road", "road_class": "secondary", "source": "real:osm", "confidence": 1.0, "attribution": "© OpenStreetMap contributors" }, "geometry": { "type": "LineString", "coordinates": [ [ 78.459386, 17.3659224 ], [ 78.4593939, 17.3658857 ], [ 78.4594018, 17.3658487 ] ] } },
{ "type": "Feature", "properties": { "road_id": "OSM-WAY-1413190973", "road_name": "", "road_class": "trunk", "source": "real:osm", "confidence": 1.0, "attribution": "© OpenStreetMap contributors" }, "geometry": { "type": "LineString", "coordinates": [ [ 78.4765416, 17.3739414 ], [ 78.4770284, 17.3736153 ] ] } },
{ "type": "Feature", "properties": { "road_id": "OSM-WAY-1421376861", "road_name": "", "road_class": "residential", "source": "real:osm", "confidence": 1.0, "attribution": "© OpenStreetMap contributors" }, "geometry": { "type": "LineString", "coordinates": [ [ 78.4676158, 17.3681822 ], [ 78.467289, 17.3681517 ], [ 78.4666022, 17.3680874 ], [ 78.4665478, 17.368596 ] ] } },
{ "type": "Feature", "properties": { "road_id": "OSM-WAY-1421376862", "road_name": "", "road_class": "residential", "source": "real:osm", "confidence": 1.0, "attribution": "© OpenStreetMap contributors" }, "geometry": { "type": "LineString", "coordinates": [ [ 78.4676158, 17.3681822 ], [ 78.468162, 17.3682298 ] ] } },
{ "type": "Feature", "properties": { "road_id": "OSM-WAY-1421376863", "road_name": "", "road_class": "residential", "source": "real:osm", "confidence": 1.0, "attribution": "© OpenStreetMap contributors" }, "geometry": { "type": "LineString", "coordinates": [ [ 78.467289, 17.3681517 ], [ 78.467275, 17.3682606 ] ] } },
{ "type": "Feature", "properties": { "road_id": "OSM-WAY-1423846710", "road_name": "", "road_class": "trunk", "source": "real:osm", "confidence": 1.0, "attribution": "© OpenStreetMap contributors" }, "geometry": { "type": "LineString", "coordinates": [ [ 78.4769655, 17.3706213 ], [ 78.4769285, 17.3705449 ], [ 78.4768756, 17.3705199 ], [ 78.4764821, 17.3704572 ], [ 78.4764377, 17.3704647 ], [ 78.4763859, 17.3705032 ] ] } },
{ "type": "Feature", "properties": { "road_id": "OSM-WAY-1423846711", "road_name": "", "road_class": "secondary", "source": "real:osm", "confidence": 1.0, "attribution": "© OpenStreetMap contributors" }, "geometry": { "type": "LineString", "coordinates": [ [ 78.4771631, 17.3706454 ], [ 78.4771507, 17.3705774 ], [ 78.4771099, 17.3704402 ], [ 78.4770879, 17.3703525 ], [ 78.4770712, 17.3703092 ] ] } },
{ "type": "Feature", "properties": { "road_id": "OSM-WAY-1424989167", "road_name": "Begum Bazar Road", "road_class": "residential", "source": "real:osm", "confidence": 1.0, "attribution": "© OpenStreetMap contributors" }, "geometry": { "type": "LineString", "coordinates": [ [ 78.4699579, 17.3761927 ], [ 78.469875, 17.376216 ] ] } },
{ "type": "Feature", "properties": { "road_id": "OSM-WAY-1425763293", "road_name": "Ghansi Bazar", "road_class": "residential", "source": "real:osm", "confidence": 1.0, "attribution": "© OpenStreetMap contributors" }, "geometry": { "type": "LineString", "coordinates": [ [ 78.4716041, 17.3669209 ], [ 78.4714672, 17.3669683 ], [ 78.4713448, 17.3670107 ], [ 78.4708752, 17.3671732 ], [ 78.4707388, 17.367222 ], [ 78.470649, 17.3672426 ], [ 78.4703806, 17.3673122 ], [ 78.470331, 17.3673133 ] ] } },
{ "type": "Feature", "properties": { "road_id": "OSM-WAY-1425769342", "road_name": "", "road_class": "living_street", "source": "real:osm", "confidence": 1.0, "attribution": "© OpenStreetMap contributors" }, "geometry": { "type": "LineString", "coordinates": [ [ 78.4680146, 17.3814723 ], [ 78.4681454, 17.3823687 ], [ 78.4682109, 17.3827283 ] ] } },
{ "type": "Feature", "properties": { "road_id": "OSM-WAY-1425769343", "road_name": "", "road_class": "residential", "source": "real:osm", "confidence": 1.0, "attribution": "© OpenStreetMap contributors" }, "geometry": { "type": "LineString", "coordinates": [ [ 78.4682216, 17.3814155 ], [ 78.4680146, 17.3814723 ] ] } },
{ "type": "Feature", "properties": { "road_id": "OSM-WAY-1425772771", "road_name": "", "road_class": "tertiary", "source": "real:osm", "confidence": 1.0, "attribution": "© OpenStreetMap contributors" }, "geometry": { "type": "LineString", "coordinates": [ [ 78.4652384, 17.3766946 ], [ 78.4650624, 17.3768347 ], [ 78.464869, 17.3769708 ], [ 78.4647442, 17.377023 ], [ 78.4643037, 17.3772101 ], [ 78.4640349, 17.3775268 ], [ 78.4639197, 17.3776412 ], [ 78.4637404, 17.3778026 ] ] } },
{ "type": "Feature", "properties": { "road_id": "OSM-WAY-1425772772", "road_name": "", "road_class": "tertiary", "source": "real:osm", "confidence": 1.0, "attribution": "© OpenStreetMap contributors" }, "geometry": { "type": "LineString", "coordinates": [ [ 78.468611, 17.3734955 ], [ 78.4684352, 17.3736871 ] ] } },
{ "type": "Feature", "properties": { "road_id": "OSM-WAY-1445915596", "road_name": "", "road_class": "living_street", "source": "real:osm", "confidence": 1.0, "attribution": "© OpenStreetMap contributors" }, "geometry": { "type": "LineString", "coordinates": [ [ 78.4675435, 17.378427 ], [ 78.4675321, 17.3784349 ], [ 78.4675171, 17.3784395 ], [ 78.4670961, 17.3785063 ], [ 78.4667838, 17.378561 ] ] } },
{ "type": "Feature", "properties": { "road_id": "OSM-WAY-1445915597", "road_name": "", "road_class": "residential", "source": "real:osm", "confidence": 1.0, "attribution": "© OpenStreetMap contributors" }, "geometry": { "type": "LineString", "coordinates": [ [ 78.4667433, 17.3783166 ], [ 78.4667838, 17.378561 ] ] } },
{ "type": "Feature", "properties": { "road_id": "OSM-WAY-1445919846", "road_name": "", "road_class": "residential", "source": "real:osm", "confidence": 1.0, "attribution": "© OpenStreetMap contributors" }, "geometry": { "type": "LineString", "coordinates": [ [ 78.4674568, 17.3763693 ], [ 78.467507, 17.3764663 ], [ 78.4675417, 17.3765788 ] ] } },
{ "type": "Feature", "properties": { "road_id": "OSM-WAY-1445921426", "road_name": "", "road_class": "residential", "source": "real:osm", "confidence": 1.0, "attribution": "© OpenStreetMap contributors" }, "geometry": { "type": "LineString", "coordinates": [ [ 78.4688693, 17.3761627 ], [ 78.4695951, 17.3760194 ], [ 78.4696377, 17.3760031 ] ] } },
{ "type": "Feature", "properties": { "road_id": "OSM-WAY-1445921427", "road_name": "", "road_class": "living_street", "source": "real:osm", "confidence": 1.0, "attribution": "© OpenStreetMap contributors" }, "geometry": { "type": "LineString", "coordinates": [ [ 78.4695088, 17.3776738 ], [ 78.4692701, 17.3777272 ], [ 78.4692512, 17.3777268 ], [ 78.4692339, 17.3777206 ], [ 78.4692262, 17.3777085 ], [ 78.4692212, 17.3776857 ], [ 78.4691449, 17.377255 ] ] } },
{ "type": "Feature", "properties": { "road_id": "OSM-WAY-1445930038", "road_name": "", "road_class": "living_street", "source": "real:osm", "confidence": 1.0, "attribution": "© OpenStreetMap contributors" }, "geometry": { "type": "LineString", "coordinates": [ [ 78.4651766, 17.366996 ], [ 78.4651088, 17.3667527 ], [ 78.4651096, 17.3667446 ], [ 78.4651142, 17.3667405 ], [ 78.4651862, 17.3667148 ], [ 78.4651955, 17.3667097 ], [ 78.4651978, 17.3667012 ], [ 78.4651924, 17.3666832 ], [ 78.4651184, 17.3664573 ] ] } },
{ "type": "Feature", "properties": { "road_id": "OSM-WAY-1445979888", "road_name": "", "road_class": "living_street", "source": "real:osm", "confidence": 1.0, "attribution": "© OpenStreetMap contributors" }, "geometry": { "type": "LineString", "coordinates": [ [ 78.4782116, 17.3655712 ], [ 78.4781068, 17.3650985 ] ] } },
{ "type": "Feature", "properties": { "road_id": "OSM-WAY-1445983282", "road_name": "", "road_class": "living_street", "source": "real:osm", "confidence": 1.0, "attribution": "© OpenStreetMap contributors" }, "geometry": { "type": "LineString", "coordinates": [ [ 78.477691, 17.3690553 ], [ 78.4776932, 17.369064 ] ] } },
{ "type": "Feature", "properties": { "road_id": "OSM-WAY-1446270619", "road_name": "", "road_class": "service", "source": "real:osm", "confidence": 1.0, "attribution": "© OpenStreetMap contributors" }, "geometry": { "type": "LineString", "coordinates": [ [ 78.4664281, 17.3765283 ], [ 78.4664337, 17.3765883 ], [ 78.4664681, 17.3768352 ] ] } },
{ "type": "Feature", "properties": { "road_id": "OSM-WAY-1446497150", "road_name": "", "road_class": "residential", "source": "real:osm", "confidence": 1.0, "attribution": "© OpenStreetMap contributors" }, "geometry": { "type": "LineString", "coordinates": [ [ 78.4604182, 17.3788223 ], [ 78.4604442, 17.3789563 ], [ 78.4604835, 17.379102 ] ] } },
{ "type": "Feature", "properties": { "road_id": "OSM-WAY-1446497151", "road_name": "", "road_class": "residential", "source": "real:osm", "confidence": 1.0, "attribution": "© OpenStreetMap contributors" }, "geometry": { "type": "LineString", "coordinates": [ [ 78.4604835, 17.379102 ], [ 78.4605283, 17.3792683 ] ] } },
{ "type": "Feature", "properties": { "road_id": "OSM-WAY-1446497152", "road_name": "", "road_class": "living_street", "source": "real:osm", "confidence": 1.0, "attribution": "© OpenStreetMap contributors" }, "geometry": { "type": "LineString", "coordinates": [ [ 78.4605874, 17.3793394 ], [ 78.4605985, 17.3793011 ], [ 78.4606068, 17.3792401 ], [ 78.4606373, 17.379156 ], [ 78.4607035, 17.3790757 ], [ 78.4607326, 17.3790506 ], [ 78.4607663, 17.3790415 ] ] } },
{ "type": "Feature", "properties": { "road_id": "OSM-WAY-1446497154", "road_name": "", "road_class": "residential", "source": "real:osm", "confidence": 1.0, "attribution": "© OpenStreetMap contributors" }, "geometry": { "type": "LineString", "coordinates": [ [ 78.4604182, 17.3788223 ], [ 78.4605769, 17.3788143 ], [ 78.460654, 17.3788122 ], [ 78.4607196, 17.3788288 ], [ 78.4607416, 17.3789383 ], [ 78.4607663, 17.3790415 ], [ 78.4609192, 17.3793219 ] ] } },
{ "type": "Feature", "properties": { "road_id": "OSM-WAY-1446497156", "road_name": "", "road_class": "residential", "source": "real:osm", "confidence": 1.0, "attribution": "© OpenStreetMap contributors" }, "geometry": { "type": "LineString", "coordinates": [ [ 78.460267, 17.378289 ], [ 78.4599522, 17.3783157 ], [ 78.4597409, 17.3783306 ], [ 78.4595007, 17.3783463 ] ] } },
{ "type": "Feature", "properties": { "road_id": "OSM-WAY-1451624020", "road_name": "", "road_class": "residential", "source": "real:osm", "confidence": 1.0, "attribution": "© OpenStreetMap contributors" }, "geometry": { "type": "LineString", "coordinates": [ [ 78.4558677, 17.3728073 ], [ 78.4557009, 17.3728801 ] ] } },
{ "type": "Feature", "properties": { "road_id": "OSM-WAY-1453510363", "road_name": "", "road_class": "service", "source": "real:osm", "confidence": 1.0, "attribution": "© OpenStreetMap contributors" }, "geometry": { "type": "LineString", "coordinates": [ [ 78.4816154, 17.3707944 ], [ 78.4816927, 17.3711206 ], [ 78.481717, 17.3711627 ], [ 78.4817545, 17.371183 ], [ 78.4817993, 17.37119 ], [ 78.481842, 17.371183 ], [ 78.4821482, 17.3711306 ] ] } },
{ "type": "Feature", "properties": { "road_id": "OSM-WAY-1453512441", "road_name": "", "road_class": "living_street", "source": "real:osm", "confidence": 1.0, "attribution": "© OpenStreetMap contributors" }, "geometry": { "type": "LineString", "coordinates": [ [ 78.4832233, 17.3708029 ], [ 78.4832214, 17.3708243 ], [ 78.4832191, 17.3708379 ], [ 78.4832095, 17.3708467 ], [ 78.4831571, 17.3708614 ], [ 78.483139, 17.3708647 ], [ 78.4831294, 17.3708735 ], [ 78.483127, 17.3708853 ], [ 78.4831293, 17.3708967 ], [ 78.4832149, 17.3711413 ] ] } },
{ "type": "Feature", "properties": { "road_id": "OSM-WAY-1453512442", "road_name": "", "road_class": "living_street", "source": "real:osm", "confidence": 1.0, "attribution": "© OpenStreetMap contributors" }, "geometry": { "type": "LineString", "coordinates": [ [ 78.483699, 17.3709988 ], [ 78.4836303, 17.3706782 ], [ 78.4836296, 17.3706508 ], [ 78.4836376, 17.3706228 ], [ 78.4836524, 17.3706059 ] ] } },
{ "type": "Feature", "properties": { "road_id": "OSM-WAY-1453512443", "road_name": "", "road_class": "residential", "source": "real:osm", "confidence": 1.0, "attribution": "© OpenStreetMap contributors" }, "geometry": { "type": "LineString", "coordinates": [ [ 78.4836524, 17.3706059 ], [ 78.4836767, 17.3706003 ], [ 78.4838727, 17.3705551 ] ] } },
{ "type": "Feature", "properties": { "road_id": "OSM-WAY-1453512652", "road_name": "", "road_class": "residential", "source": "real:osm", "confidence": 1.0, "attribution": "© OpenStreetMap contributors" }, "geometry": { "type": "LineString", "coordinates": [ [ 78.4848936, 17.3696829 ], [ 78.485053, 17.3699958 ] ] } },
{ "type": "Feature", "properties": { "road_id": "OSM-WAY-1453516626", "road_name": "", "road_class": "residential", "source": "real:osm", "confidence": 1.0, "attribution": "© OpenStreetMap contributors" }, "geometry": { "type": "LineString", "coordinates": [ [ 78.4844738, 17.3726748 ], [ 78.4845059, 17.372913 ] ] } },
{ "type": "Feature", "properties": { "road_id": "OSM-WAY-1453516627", "road_name": "", "road_class": "residential", "source": "real:osm", "confidence": 1.0, "attribution": "© OpenStreetMap contributors" }, "geometry": { "type": "LineString", "coordinates": [ [ 78.4845066, 17.3729182 ], [ 78.4845082, 17.3729294 ], [ 78.4845334, 17.3731086 ] ] } },
{ "type": "Feature", "properties": { "road_id": "OSM-WAY-1453516628", "road_name": "", "road_class": "residential", "source": "real:osm", "confidence": 1.0, "attribution": "© OpenStreetMap contributors" }, "geometry": { "type": "LineString", "coordinates": [ [ 78.4845334, 17.3731086 ], [ 78.4845448, 17.373182 ] ] } },
{ "type": "Feature", "properties": { "road_id": "OSM-WAY-1453516629", "road_name": "", "road_class": "residential", "source": "real:osm", "confidence": 1.0, "attribution": "© OpenStreetMap contributors" }, "geometry": { "type": "LineString", "coordinates": [ [ 78.4843433, 17.3729277 ], [ 78.4845059, 17.372913 ], [ 78.484676, 17.3728975 ] ] } },
{ "type": "Feature", "properties": { "road_id": "OSM-WAY-1453531719", "road_name": "", "road_class": "living_street", "source": "real:osm", "confidence": 1.0, "attribution": "© OpenStreetMap contributors" }, "geometry": { "type": "LineString", "coordinates": [ [ 78.4850386, 17.3658738 ], [ 78.4850318, 17.365878 ], [ 78.4850073, 17.3658919 ], [ 78.484964, 17.3659221 ] ] } },
{ "type": "Feature", "properties": { "road_id": "OSM-WAY-1453531721", "road_name": "", "road_class": "residential", "source": "real:osm", "confidence": 1.0, "attribution": "© OpenStreetMap contributors" }, "geometry": { "type": "LineString", "coordinates": [ [ 78.484964, 17.3659221 ], [ 78.4849663, 17.3660332 ], [ 78.4849428, 17.3661321 ] ] } },
{ "type": "Feature", "properties": { "road_id": "OSM-WAY-1453537350", "road_name": "", "road_class": "living_street", "source": "real:osm", "confidence": 1.0, "attribution": "© OpenStreetMap contributors" }, "geometry": { "type": "LineString", "coordinates": [ [ 78.4848888, 17.3691446 ], [ 78.4851706, 17.3690294 ] ] } },
{ "type": "Feature", "properties": { "road_id": "OSM-WAY-1453538194", "road_name": "", "road_class": "living_street", "source": "real:osm", "confidence": 1.0, "attribution": "© OpenStreetMap contributors" }, "geometry": { "type": "LineString", "coordinates": [ [ 78.4841029, 17.3690033 ], [ 78.4842358, 17.3689559 ], [ 78.484247, 17.3689433 ], [ 78.484248, 17.3689211 ], [ 78.4841799, 17.3687396 ], [ 78.4841304, 17.3686075 ], [ 78.4841223, 17.3685959 ], [ 78.4841101, 17.3685901 ], [ 78.4839661, 17.3686327 ] ] } },
{ "type": "Feature", "properties": { "road_id": "OSM-WAY-1453538395", "road_name": "", "road_class": "residential", "source": "real:osm", "confidence": 1.0, "attribution": "© OpenStreetMap contributors" }, "geometry": { "type": "LineString", "coordinates": [ [ 78.4809005, 17.3779816 ], [ 78.4809887, 17.3779774 ], [ 78.481037, 17.3779783 ], [ 78.4810574, 17.377981 ], [ 78.4810713, 17.377991 ], [ 78.4810812, 17.3780111 ], [ 78.4810961, 17.3780875 ], [ 78.4811058, 17.378155 ], [ 78.4811149, 17.3781996 ], [ 78.4811349, 17.378246 ], [ 78.481166, 17.3782997 ], [ 78.4812059, 17.3783522 ], [ 78.4812231, 17.3784047 ], [ 78.481228, 17.3784519 ], [ 78.4812284, 17.3784952 ], [ 78.4812474, 17.3785958 ] ] } },
{ "type": "Feature", "properties": { "road_id": "OSM-WAY-1453538849", "road_name": "", "road_class": "residential", "source": "real:osm", "confidence": 1.0, "attribution": "© OpenStreetMap contributors" }, "geometry": { "type": "LineString", "coordinates": [ [ 78.4832873, 17.3693359 ], [ 78.4835519, 17.3692566 ] ] } },
{ "type": "Feature", "properties": { "road_id": "OSM-WAY-1453538872", "road_name": "", "road_class": "living_street", "source": "real:osm", "confidence": 1.0, "attribution": "© OpenStreetMap contributors" }, "geometry": { "type": "LineString", "coordinates": [ [ 78.4800904, 17.378591 ], [ 78.4799812, 17.3782869 ] ] } },
{ "type": "Feature", "properties": { "road_id": "OSM-WAY-1453540322", "road_name": "", "road_class": "living_street", "source": "real:osm", "confidence": 1.0, "attribution": "© OpenStreetMap contributors" }, "geometry": { "type": "LineString", "coordinates": [ [ 78.4831896, 17.3701963 ], [ 78.483114, 17.3700114 ], [ 78.4831035, 17.3700014 ], [ 78.483087, 17.3699965 ], [ 78.4829077, 17.3700474 ] ] } },
{ "type": "Feature", "properties": { "road_id": "OSM-WAY-1453540323", "road_name": "", "road_class": "living_street", "source": "real:osm", "confidence": 1.0, "attribution": "© OpenStreetMap contributors" }, "geometry": { "type": "LineString", "coordinates": [ [ 78.4829069, 17.3697829 ], [ 78.4832035, 17.3696929 ] ] } },
{ "type": "Feature", "properties": { "road_id": "OSM-WAY-1453540324", "road_name": "", "road_class": "living_street", "source": "real:osm", "confidence": 1.0, "attribution": "© OpenStreetMap contributors" }, "geometry": { "type": "LineString", "coordinates": [ [ 78.4828798, 17.369632 ], [ 78.4829617, 17.369611 ], [ 78.48322, 17.3695443 ] ] } },
{ "type": "Feature", "properties": { "road_id": "OSM-WAY-1453540325", "road_name": "", "road_class": "living_street", "source": "real:osm", "confidence": 1.0, "attribution": "© OpenStreetMap contributors" }, "geometry": { "type": "LineString", "coordinates": [ [ 78.4829617, 17.369611 ], [ 78.4829234, 17.3694887 ] ] } },
{ "type": "Feature", "properties": { "road_id": "OSM-WAY-1453540326", "road_name": "", "road_class": "living_street", "source": "real:osm", "confidence": 1.0, "attribution": "© OpenStreetMap contributors" }, "geometry": { "type": "LineString", "coordinates": [ [ 78.4818426, 17.3698706 ], [ 78.4821818, 17.3698264 ], [ 78.4822002, 17.3698227 ], [ 78.4822137, 17.3698196 ], [ 78.4822337, 17.3698013 ], [ 78.4822597, 17.3697806 ], [ 78.4822771, 17.369759 ], [ 78.482298, 17.3697416 ], [ 78.4823214, 17.3697341 ], [ 78.4823918, 17.3697176 ], [ 78.4824101, 17.3697101 ], [ 78.482411, 17.3696968 ], [ 78.4823997, 17.3696056 ] ] } },
{ "type": "Feature", "properties": { "road_id": "OSM-WAY-1453540327", "road_name": "", "road_class": "living_street", "source": "real:osm", "confidence": 1.0, "attribution": "© OpenStreetMap contributors" }, "geometry": { "type": "LineString", "coordinates": [ [ 78.4819079, 17.3700902 ], [ 78.4821198, 17.3700384 ] ] } },
{ "type": "Feature", "properties": { "road_id": "OSM-WAY-1453546268", "road_name": "", "road_class": "living_street", "source": "real:osm", "confidence": 1.0, "attribution": "© OpenStreetMap contributors" }, "geometry": { "type": "LineString", "coordinates": [ [ 78.4830616, 17.3676204 ], [ 78.4831944, 17.367999 ], [ 78.4831966, 17.3680188 ], [ 78.4831851, 17.3680329 ] ] } },
{ "type": "Feature", "properties": { "road_id": "OSM-WAY-1453546269", "road_name": "", "road_class": "living_street", "source": "real:osm", "confidence": 1.0, "attribution": "© OpenStreetMap contributors" }, "geometry": { "type": "LineString", "coordinates": [ [ 78.4831851, 17.3680329 ], [ 78.482959, 17.368092 ] ] } },
{ "type": "Feature", "properties": { "road_id": "OSM-WAY-1453546270", "road_name": "", "road_class": "residential", "source": "real:osm", "confidence": 1.0, "attribution": "© OpenStreetMap contributors" }, "geometry": { "type": "LineString", "coordinates": [ [ 78.4828662, 17.3681116 ], [ 78.4829306, 17.368098 ], [ 78.482959, 17.368092 ] ] } },
{ "type": "Feature", "properties": { "road_id": "OSM-WAY-1453546271", "road_name": "", "road_class": "residential", "source": "real:osm", "confidence": 1.0, "attribution": "© OpenStreetMap contributors" }, "geometry": { "type": "LineString", "coordinates": [ [ 78.4829892, 17.3682562 ], [ 78.4829306, 17.368098 ] ] } },
{ "type": "Feature", "properties": { "road_id": "OSM-WAY-1453546272", "road_name": "", "road_class": "residential", "source": "real:osm", "confidence": 1.0, "attribution": "© OpenStreetMap contributors" }, "geometry": { "type": "LineString", "coordinates": [ [ 78.4828136, 17.3681209 ], [ 78.482871, 17.368344 ] ] } },
{ "type": "Feature", "properties": { "road_id": "OSM-WAY-1453547932", "road_name": "", "road_class": "living_street", "source": "real:osm", "confidence": 1.0, "attribution": "© OpenStreetMap contributors" }, "geometry": { "type": "LineString", "coordinates": [ [ 78.4803989, 17.3693929 ], [ 78.4802674, 17.3688732 ], [ 78.4802653, 17.3688635 ], [ 78.4802552, 17.3688587 ], [ 78.4801994, 17.3688713 ], [ 78.4801842, 17.3688684 ], [ 78.4801751, 17.3688548 ], [ 78.4801149, 17.3686354 ] ] } },
{ "type": "Feature", "properties": { "road_id": "OSM-WAY-1453547933", "road_name": "", "road_class": "living_street", "source": "real:osm", "confidence": 1.0, "attribution": "© OpenStreetMap contributors" }, "geometry": { "type": "LineString", "coordinates": [ [ 78.4805513, 17.3693603 ], [ 78.4805195, 17.3691985 ], [ 78.4805127, 17.3691812 ] ] } },
{ "type": "Feature", "properties": { "road_id": "OSM-WAY-1453547934", "road_name": "", "road_class": "living_street", "source": "real:osm", "confidence": 1.0, "attribution": "© OpenStreetMap contributors" }, "geometry": { "type": "LineString", "coordinates": [ [ 78.4805195, 17.3691985 ], [ 78.4806799, 17.3691735 ], [ 78.4806916, 17.3691656 ], [ 78.4806985, 17.3691498 ], [ 78.4806695, 17.3689983 ], [ 78.4806674, 17.3689838 ], [ 78.4806758, 17.3689743 ], [ 78.4808287, 17.3689492 ] ] } },
{ "type": "Feature", "properties": { "road_id": "OSM-WAY-1453549494", "road_name": "", "road_class": "living_street", "source": "real:osm", "confidence": 1.0, "attribution": "© OpenStreetMap contributors" }, "geometry": { "type": "LineString", "coordinates": [ [ 78.4805616, 17.3664547 ], [ 78.4805371, 17.3663482 ], [ 78.4805295, 17.3663342 ], [ 78.4805192, 17.3663269 ], [ 78.4804918, 17.3663263 ], [ 78.480417, 17.3663384 ], [ 78.4804049, 17.3663391 ], [ 78.480396, 17.3663336 ], [ 78.4803832, 17.3663196 ], [ 78.4803711, 17.3662811 ] ] } },
{ "type": "Feature", "properties": { "road_id": "OSM-WAY-1453549495", "road_name": "", "road_class": "living_street", "source": "real:osm", "confidence": 1.0, "attribution": "© OpenStreetMap contributors" }, "geometry": { "type": "LineString", "coordinates": [ [ 78.4804486, 17.366482 ], [ 78.4804321, 17.3665101 ], [ 78.4804169, 17.3665333 ], [ 78.480401, 17.3665529 ], [ 78.4803813, 17.3665689 ], [ 78.4802229, 17.3666122 ] ] } },
{ "type": "Feature", "properties": { "road_id": "OSM-WAY-1453549889", "road_name": "", "road_class": "residential", "source": "real:osm", "confidence": 1.0, "attribution": "© OpenStreetMap contributors" }, "geometry": { "type": "LineString", "coordinates": [ [ 78.4805167, 17.3685669 ], [ 78.4804927, 17.3684423 ], [ 78.4804904, 17.368405 ], [ 78.4804939, 17.368343 ], [ 78.4805081, 17.3682741 ], [ 78.4805377, 17.3681962 ], [ 78.4805708, 17.3681432 ], [ 78.4805708, 17.3681082 ], [ 78.4805507, 17.368028 ], [ 78.4805472, 17.3680055 ], [ 78.4805602, 17.367984 ], [ 78.4806362, 17.3679645 ] ] } },
{ "type": "Feature", "properties": { "road_id": "OSM-WAY-1453550599", "road_name": "", "road_class": "living_street", "source": "real:osm", "confidence": 1.0, "attribution": "© OpenStreetMap contributors" }, "geometry": { "type": "LineString", "coordinates": [ [ 78.4805795, 17.3772467 ], [ 78.4802697, 17.3765991 ] ] } },
{ "type": "Feature", "properties": { "road_id": "OSM-WAY-1453550600", "road_name": "", "road_class": "residential", "source": "real:osm", "confidence": 1.0, "attribution": "© OpenStreetMap contributors" }, "geometry": { "type": "LineString", "coordinates": [ [ 78.48073, 17.3771676 ], [ 78.4805032, 17.3766941 ], [ 78.4805221, 17.3766676 ], [ 78.4805401, 17.3766402 ], [ 78.4805329, 17.3766118 ] ] } },
{ "type": "Feature", "properties": { "road_id": "OSM-WAY-1453554056", "road_name": "", "road_class": "residential", "source": "real:osm", "confidence": 1.0, "attribution": "© OpenStreetMap contributors" }, "geometry": { "type": "LineString", "coordinates": [ [ 78.4845059, 17.372913 ], [ 78.4845066, 17.3729182 ] ] } },
{ "type": "Feature", "properties": { "road_id": "OSM-WAY-1453555442", "road_name": "", "road_class": "residential", "source": "real:osm", "confidence": 1.0, "attribution": "© OpenStreetMap contributors" }, "geometry": { "type": "LineString", "coordinates": [ [ 78.4764326, 17.3741013 ], [ 78.4765964, 17.3744326 ] ] } },
{ "type": "Feature", "properties": { "road_id": "OSM-WAY-1453555629", "road_name": "", "road_class": "living_street", "source": "real:osm", "confidence": 1.0, "attribution": "© OpenStreetMap contributors" }, "geometry": { "type": "LineString", "coordinates": [ [ 78.4795814, 17.3752713 ], [ 78.4796809, 17.3754823 ] ] } },
{ "type": "Feature", "properties": { "road_id": "OSM-WAY-1453555630", "road_name": "", "road_class": "living_street", "source": "real:osm", "confidence": 1.0, "attribution": "© OpenStreetMap contributors" }, "geometry": { "type": "LineString", "coordinates": [ [ 78.4791489, 17.3749482 ], [ 78.4790834, 17.3749723 ], [ 78.479018, 17.3749963 ] ] } },
{ "type": "Feature", "properties": { "road_id": "OSM-WAY-1453555631", "road_name": "", "road_class": "living_street", "source": "real:osm", "confidence": 1.0, "attribution": "© OpenStreetMap contributors" }, "geometry": { "type": "LineString", "coordinates": [ [ 78.4791823, 17.3755109 ], [ 78.4786513, 17.3756782 ], [ 78.4786455, 17.37568 ], [ 78.4785561, 17.3757111 ], [ 78.4784885, 17.3757503 ], [ 78.4784571, 17.3757837 ], [ 78.4784233, 17.3758111 ], [ 78.4783728, 17.3758416 ], [ 78.4782859, 17.3758796 ] ] } },
{ "type": "Feature", "properties": { "road_id": "OSM-WAY-1453555632", "road_name": "", "road_class": "living_street", "source": "real:osm", "confidence": 1.0, "attribution": "© OpenStreetMap contributors" }, "geometry": { "type": "LineString", "coordinates": [ [ 78.4786513, 17.3756782 ], [ 78.4785734, 17.3754658 ], [ 78.4785741, 17.3754509 ], [ 78.4785771, 17.3754367 ], [ 78.4785845, 17.3754162 ] ] } },
{ "type": "Feature", "properties": { "road_id": "OSM-WAY-1453555633", "road_name": "", "road_class": "living_street", "source": "real:osm", "confidence": 1.0, "attribution": "© OpenStreetMap contributors" }, "geometry": { "type": "LineString", "coordinates": [ [ 78.4781085, 17.3761349 ], [ 78.4779757, 17.3761505 ], [ 78.4778774, 17.3761776 ] ] } },
{ "type": "Feature", "properties": { "road_id": "OSM-WAY-1453556039", "road_name": "", "road_class": "tertiary", "source": "real:osm", "confidence": 1.0, "attribution": "© OpenStreetMap contributors" }, "geometry": { "type": "LineString", "coordinates": [ [ 78.4846196, 17.3806438 ], [ 78.4846601, 17.3806955 ], [ 78.4846656, 17.3807603 ], [ 78.4846302, 17.3808046 ], [ 78.4845817, 17.3808378 ], [ 78.4836495, 17.3810972 ], [ 78.4829677, 17.3813512 ] ] } },
{ "type": "Feature", "properties": { "road_id": "OSM-WAY-1453556787", "road_name": "", "road_class": "living_street", "source": "real:osm", "confidence": 1.0, "attribution": "© OpenStreetMap contributors" }, "geometry": { "type": "LineString", "coordinates": [ [ 78.4780896, 17.3761902 ], [ 78.4784443, 17.3762009 ] ] } },
{ "type": "Feature", "properties": { "road_id": "OSM-WAY-1453561416", "road_name": "", "road_class": "living_street", "source": "real:osm", "confidence": 1.0, "attribution": "© OpenStreetMap contributors" }, "geometry": { "type": "LineString", "coordinates": [ [ 78.4813701, 17.3808354 ], [ 78.4815989, 17.3806941 ] ] } },
{ "type": "Feature", "properties": { "road_id": "OSM-WAY-1453561417", "road_name": "", "road_class": "residential", "source": "real:osm", "confidence": 1.0, "attribution": "© OpenStreetMap contributors" }, "geometry": { "type": "LineString", "coordinates": [ [ 78.4821029, 17.3808872 ], [ 78.48206, 17.3807505 ] ] } },
{ "type": "Feature", "properties": { "road_id": "OSM-WAY-1454104898", "road_name": "", "road_class": "service", "source": "real:osm", "confidence": 1.0, "attribution": "© OpenStreetMap contributors" }, "geometry": { "type": "LineString", "coordinates": [ [ 78.4806362, 17.3679645 ], [ 78.4806575, 17.3679598 ], [ 78.480875, 17.3679125 ] ] } },
{ "type": "Feature", "properties": { "road_id": "OSM-WAY-1454107182", "road_name": "", "road_class": "living_street", "source": "real:osm", "confidence": 1.0, "attribution": "© OpenStreetMap contributors" }, "geometry": { "type": "LineString", "coordinates": [ [ 78.4783632, 17.3753224 ], [ 78.4784885, 17.3757503 ] ] } },
{ "type": "Feature", "properties": { "road_id": "OSM-WAY-1454107183", "road_name": "", "road_class": "living_street", "source": "real:osm", "confidence": 1.0, "attribution": "© OpenStreetMap contributors" }, "geometry": { "type": "LineString", "coordinates": [ [ 78.4786513, 17.3756782 ], [ 78.4787321, 17.3759352 ] ] } },
{ "type": "Feature", "properties": { "road_id": "OSM-WAY-1455093257", "road_name": "", "road_class": "residential", "source": "real:osm", "confidence": 1.0, "attribution": "© OpenStreetMap contributors" }, "geometry": { "type": "LineString", "coordinates": [ [ 78.4750582, 17.3805691 ], [ 78.4748204, 17.3805773 ], [ 78.4747792, 17.3805788 ], [ 78.4747152, 17.3805768 ], [ 78.4746689, 17.3805772 ], [ 78.4746309, 17.3805628 ], [ 78.4746081, 17.3805365 ], [ 78.4745945, 17.3804303 ] ] } },
{ "type": "Feature", "properties": { "road_id": "OSM-WAY-1455110542", "road_name": "", "road_class": "living_street", "source": "real:osm", "confidence": 1.0, "attribution": "© OpenStreetMap contributors" }, "geometry": { "type": "LineString", "coordinates": [ [ 78.4769749, 17.3807446 ], [ 78.4768888, 17.3805406 ], [ 78.4768802, 17.3805291 ], [ 78.4765955, 17.3806381 ], [ 78.4765589, 17.3806539 ], [ 78.4764893, 17.3806748 ], [ 78.4763968, 17.3806945 ], [ 78.4763704, 17.3806779 ], [ 78.4763627, 17.3806432 ], [ 78.4763287, 17.3806293 ], [ 78.4762655, 17.3806148 ], [ 78.4761801, 17.3806122 ], [ 78.4761419, 17.3806189 ], [ 78.4755095, 17.3807302 ] ] } },
{ "type": "Feature", "properties": { "road_id": "OSM-WAY-1455110543", "road_name": "", "road_class": "living_street", "source": "real:osm", "confidence": 1.0, "attribution": "© OpenStreetMap contributors" }, "geometry": { "type": "LineString", "coordinates": [ [ 78.4768802, 17.3805291 ], [ 78.4773179, 17.3803405 ] ] } },
{ "type": "Feature", "properties": { "road_id": "OSM-WAY-1455112561", "road_name": "", "road_class": "living_street", "source": "real:osm", "confidence": 1.0, "attribution": "© OpenStreetMap contributors" }, "geometry": { "type": "LineString", "coordinates": [ [ 78.4782732, 17.3797835 ], [ 78.4782362, 17.3796779 ], [ 78.4782117, 17.3795839 ], [ 78.4781941, 17.3795181 ], [ 78.4781831, 17.3794552 ], [ 78.4781667, 17.3793805 ], [ 78.4781376, 17.3793198 ], [ 78.4780645, 17.3791255 ], [ 78.4780404, 17.3791239 ], [ 78.4779534, 17.3791492 ], [ 78.4777508, 17.3792534 ], [ 78.4777104, 17.3792754 ], [ 78.4776852, 17.3792892 ], [ 78.4776567, 17.3793089 ], [ 78.4776441, 17.3793432 ], [ 78.4776455, 17.379383 ], [ 78.4776732, 17.3794871 ] ] } },
{ "type": "Feature", "properties": { "road_id": "OSM-WAY-1455112562", "road_name": "", "road_class": "living_street", "source": "real:osm", "confidence": 1.0, "attribution": "© OpenStreetMap contributors" }, "geometry": { "type": "LineString", "coordinates": [ [ 78.4777104, 17.3792754 ], [ 78.4776653, 17.3791606 ], [ 78.4776538, 17.3791307 ], [ 78.4776463, 17.3791101 ], [ 78.4776374, 17.3790896 ], [ 78.4776323, 17.3790646 ], [ 78.4776343, 17.3790437 ], [ 78.4776535, 17.3790221 ], [ 78.4776683, 17.3790135 ], [ 78.4776762, 17.379004 ] ] } },
{ "type": "Feature", "properties": { "road_id": "OSM-WAY-1455392454", "road_name": "", "road_class": "service", "source": "real:osm", "confidence": 1.0, "attribution": "© OpenStreetMap contributors" }, "geometry": { "type": "LineString", "coordinates": [ [ 78.4834339, 17.3838006 ], [ 78.4833253, 17.3839044 ], [ 78.4832992, 17.3839294 ], [ 78.4829344, 17.3842077 ], [ 78.4829099, 17.384226 ], [ 78.4828943, 17.3842435 ], [ 78.4828911, 17.3842637 ], [ 78.4829811, 17.3843804 ], [ 78.4830078, 17.3844 ], [ 78.4830314, 17.3843984 ], [ 78.4830543, 17.3843849 ], [ 78.4834688, 17.3840621 ], [ 78.4835811, 17.3839746 ] ] } },
{ "type": "Feature", "properties": { "road_id": "OSM-WAY-1455393166", "road_name": "", "road_class": "service", "source": "real:osm", "confidence": 1.0, "attribution": "© OpenStreetMap contributors" }, "geometry": { "type": "LineString", "coordinates": [ [ 78.4820698, 17.3824107 ], [ 78.4820192, 17.3824662 ], [ 78.4819992, 17.3824916 ], [ 78.4819791, 17.382517 ], [ 78.4819574, 17.3825833 ], [ 78.4819474, 17.3826359 ], [ 78.4819528, 17.3826706 ], [ 78.4819724, 17.3826941 ], [ 78.4820067, 17.382702 ], [ 78.4820425, 17.382706 ], [ 78.4820864, 17.3826991 ], [ 78.4821501, 17.3826575 ], [ 78.4821642, 17.3826478 ], [ 78.4822513, 17.3825877 ] ] } },
{ "type": "Feature", "properties": { "road_id": "OSM-WAY-1455431681", "road_name": "", "road_class": "living_street", "source": "real:osm", "confidence": 1.0, "attribution": "© OpenStreetMap contributors" }, "geometry": { "type": "LineString", "coordinates": [ [ 78.4755299, 17.3809585 ], [ 78.4760005, 17.3808704 ], [ 78.4761477, 17.380841 ], [ 78.4761623, 17.3808309 ], [ 78.4761733, 17.3808171 ], [ 78.4761755, 17.3807987 ], [ 78.4761419, 17.3806189 ] ] } },
{ "type": "Feature", "properties": { "road_id": "OSM-WAY-1457121315", "road_name": "", "road_class": "secondary_link", "source": "real:osm", "confidence": 1.0, "attribution": "© OpenStreetMap contributors" }, "geometry": { "type": "LineString", "coordinates": [ [ 78.4578424, 17.3685927 ], [ 78.4578181, 17.3685957 ], [ 78.4577821, 17.3685964 ], [ 78.4577392, 17.3685847 ], [ 78.4576953, 17.3685662 ], [ 78.4576581, 17.3685487 ] ] } },
{ "type": "Feature", "properties": { "road_id": "OSM-WAY-1473529586", "road_name": "", "road_class": "residential", "source": "real:osm", "confidence": 1.0, "attribution": "© OpenStreetMap contributors" }, "geometry": { "type": "LineString", "coordinates": [ [ 78.4760651, 17.3757733 ], [ 78.4762848, 17.3756646 ], [ 78.4763589, 17.3756279 ] ] } },
{ "type": "Feature", "properties": { "road_id": "OSM-WAY-1473529587", "road_name": "", "road_class": "residential", "source": "real:osm", "confidence": 1.0, "attribution": "© OpenStreetMap contributors" }, "geometry": { "type": "LineString", "coordinates": [ [ 78.4760418, 17.3752089 ], [ 78.4762848, 17.3756646 ] ] } },
{ "type": "Feature", "properties": { "road_id": "OSM-WAY-1483764814", "road_name": "", "road_class": "service", "source": "real:osm", "confidence": 1.0, "attribution": "© OpenStreetMap contributors" }, "geometry": { "type": "LineString", "coordinates": [ [ 78.4702461, 17.3693788 ], [ 78.4702574, 17.3693396 ], [ 78.4702971, 17.3691648 ], [ 78.4702815, 17.3691422 ], [ 78.4702433, 17.3690601 ], [ 78.4702316, 17.3690378 ], [ 78.4702732, 17.3687854 ], [ 78.4702919, 17.3687691 ], [ 78.4703144, 17.3687512 ], [ 78.470337, 17.368752 ] ] } },
{ "type": "Feature", "properties": { "road_id": "OSM-WAY-1484812446", "road_name": "", "road_class": "residential", "source": "real:osm", "confidence": 1.0, "attribution": "© OpenStreetMap contributors" }, "geometry": { "type": "LineString", "coordinates": [ [ 78.4707402, 17.3767525 ], [ 78.4707885, 17.3769857 ] ] } },
{ "type": "Feature", "properties": { "road_id": "OSM-WAY-1489639296", "road_name": "", "road_class": "residential", "source": "real:osm", "confidence": 1.0, "attribution": "© OpenStreetMap contributors" }, "geometry": { "type": "LineString", "coordinates": [ [ 78.4813657, 17.3836237 ], [ 78.482357, 17.3826985 ] ] } },
{ "type": "Feature", "properties": { "road_id": "OSM-WAY-1510205533", "road_name": "", "road_class": "residential", "source": "real:osm", "confidence": 1.0, "attribution": "© OpenStreetMap contributors" }, "geometry": { "type": "LineString", "coordinates": [ [ 78.4814568, 17.3683919 ], [ 78.4813678, 17.3684089 ] ] } },
{ "type": "Feature", "properties": { "road_id": "OSM-WAY-1510205534", "road_name": "Darul Shifa Road", "road_class": "primary", "source": "real:osm", "confidence": 1.0, "attribution": "© OpenStreetMap contributors" }, "geometry": { "type": "LineString", "coordinates": [ [ 78.4812719, 17.3674795 ], [ 78.4814117, 17.3681133 ] ] } },
{ "type": "Feature", "properties": { "road_id": "OSM-WAY-1510205535", "road_name": "Darul Shifa Road", "road_class": "primary", "source": "real:osm", "confidence": 1.0, "attribution": "© OpenStreetMap contributors" }, "geometry": { "type": "LineString", "coordinates": [ [ 78.4814406, 17.3682917 ], [ 78.4814568, 17.3683919 ] ] } },
{ "type": "Feature", "properties": { "road_id": "OSM-WAY-1510205536", "road_name": "Darul Shifa Road", "road_class": "primary", "source": "real:osm", "confidence": 1.0, "attribution": "© OpenStreetMap contributors" }, "geometry": { "type": "LineString", "coordinates": [ [ 78.4814117, 17.3681133 ], [ 78.4814406, 17.3682917 ] ] } },
{ "type": "Feature", "properties": { "road_id": "OSM-WAY-1522000697", "road_name": "", "road_class": "living_street", "source": "real:osm", "confidence": 1.0, "attribution": "© OpenStreetMap contributors" }, "geometry": { "type": "LineString", "coordinates": [ [ 78.4751746, 17.3689334 ], [ 78.4751704, 17.3686477 ] ] } },
{ "type": "Feature", "properties": { "road_id": "OSM-WAY-1532604766", "road_name": "Koti Women's College Road", "road_class": "primary", "source": "real:osm", "confidence": 1.0, "attribution": "© OpenStreetMap contributors" }, "geometry": { "type": "LineString", "coordinates": [ [ 78.4846086, 17.3849525 ], [ 78.4843111, 17.3848636 ] ] } },
{ "type": "Feature", "properties": { "road_id": "OSM-WAY-1532604767", "road_name": "turrebhaz khan road", "road_class": "primary", "source": "real:osm", "confidence": 1.0, "attribution": "© OpenStreetMap contributors" }, "geometry": { "type": "LineString", "coordinates": [ [ 78.4842501, 17.3847876 ], [ 78.4839162, 17.3843707 ], [ 78.4835811, 17.3839746 ], [ 78.4834339, 17.3838006 ], [ 78.4832544, 17.3835884 ], [ 78.482675, 17.3830138 ], [ 78.4823836, 17.3827248 ], [ 78.482357, 17.3826985 ], [ 78.4823186, 17.3826582 ], [ 78.4822513, 17.3825877 ], [ 78.4821672, 17.3824994 ], [ 78.4820698, 17.3824107 ], [ 78.4817363, 17.3821072 ] ] } },
{ "type": "Feature", "properties": { "road_id": "OSM-WAY-1534780592", "road_name": "", "road_class": "residential", "source": "real:osm", "confidence": 1.0, "attribution": "© OpenStreetMap contributors" }, "geometry": { "type": "LineString", "coordinates": [ [ 78.4683705, 17.3669055 ], [ 78.4683978, 17.3668166 ], [ 78.4684173, 17.366722 ], [ 78.4684261, 17.3666139 ], [ 78.4684208, 17.366548 ], [ 78.4683615, 17.3664181 ] ] } },
{ "type": "Feature", "properties": { "road_id": "OSM-WAY-1534780593", "road_name": "", "road_class": "residential", "source": "real:osm", "confidence": 1.0, "attribution": "© OpenStreetMap contributors" }, "geometry": { "type": "LineString", "coordinates": [ [ 78.4685268, 17.3663978 ], [ 78.46849, 17.3662603 ], [ 78.4684635, 17.3662195 ], [ 78.4684168, 17.3662098 ], [ 78.4683436, 17.3661962 ], [ 78.4682662, 17.3662114 ], [ 78.4681424, 17.3662505 ], [ 78.4680161, 17.3662672 ], [ 78.4677767, 17.3663997 ] ] } },
{ "type": "Feature", "properties": { "road_id": "OSM-WAY-1537875788", "road_name": "Darul Shifa Road", "road_class": "primary", "source": "real:osm", "confidence": 1.0, "attribution": "© OpenStreetMap contributors" }, "geometry": { "type": "LineString", "coordinates": [ [ 78.4810889, 17.3668699 ], [ 78.481067, 17.366938 ] ] } },
{ "type": "Feature", "properties": { "road_id": "OSM-WAY-1539644973", "road_name": "", "road_class": "residential", "source": "real:osm", "confidence": 1.0, "attribution": "© OpenStreetMap contributors" }, "geometry": { "type": "LineString", "coordinates": [ [ 78.4727307, 17.3681581 ], [ 78.4730078, 17.3680539 ] ] } },
{ "type": "Feature", "properties": { "road_id": "OSM-WAY-1539675136", "road_name": "", "road_class": "service", "source": "real:osm", "confidence": 1.0, "attribution": "© OpenStreetMap contributors" }, "geometry": { "type": "LineString", "coordinates": [ [ 78.4822693, 17.3678563 ], [ 78.4822497, 17.36778 ], [ 78.4821237, 17.3673135 ] ] } },
{ "type": "Feature", "properties": { "road_id": "OSM-WAY-1542813028", "road_name": "", "road_class": "primary", "source": "real:osm", "confidence": 1.0, "attribution": "© OpenStreetMap contributors" }, "geometry": { "type": "LineString", "coordinates": [ [ 78.4811518, 17.3669138 ], [ 78.4810889, 17.3668699 ] ] } },
{ "type": "Feature", "properties": { "road_id": "OSM-WAY-1545000143", "road_name": "Darul Shifa Road", "road_class": "primary", "source": "real:osm", "confidence": 1.0, "attribution": "© OpenStreetMap contributors" }, "geometry": { "type": "LineString", "coordinates": [ [ 78.481067, 17.366938 ], [ 78.4810794, 17.3669938 ] ] } },
{ "type": "Feature", "properties": { "road_id": "OSM-WAY-1545000144", "road_name": "Darul Shifa Road", "road_class": "primary", "source": "real:osm", "confidence": 1.0, "attribution": "© OpenStreetMap contributors" }, "geometry": { "type": "LineString", "coordinates": [ [ 78.4811925, 17.3673973 ], [ 78.4812719, 17.3674795 ] ] } },
{ "type": "Feature", "properties": { "road_id": "OSM-WAY-1545000145", "road_name": "", "road_class": "primary", "source": "real:osm", "confidence": 1.0, "attribution": "© OpenStreetMap contributors" }, "geometry": { "type": "LineString", "coordinates": [ [ 78.4812719, 17.3674795 ], [ 78.4812899, 17.3673768 ] ] } },
{ "type": "Feature", "properties": { "road_id": "OSM-WAY-1549374117", "road_name": "", "road_class": "living_street", "source": "real:osm", "confidence": 1.0, "attribution": "© OpenStreetMap contributors" }, "geometry": { "type": "LineString", "coordinates": [ [ 78.4567331, 17.3698923 ], [ 78.4566169, 17.3697088 ] ] } },
{ "type": "Feature", "properties": { "road_id": "OSM-WAY-1551042496", "road_name": "", "road_class": "residential", "source": "real:osm", "confidence": 1.0, "attribution": "© OpenStreetMap contributors" }, "geometry": { "type": "LineString", "coordinates": [ [ 78.4664611, 17.3741853 ], [ 78.4664299, 17.3740433 ], [ 78.4664314, 17.3740098 ], [ 78.4664635, 17.3738854 ] ] } },
{ "type": "Feature", "properties": { "road_id": "OSM-WAY-1555031782", "road_name": "", "road_class": "secondary", "source": "real:osm", "confidence": 1.0, "attribution": "© OpenStreetMap contributors" }, "geometry": { "type": "LineString", "coordinates": [ [ 78.4643696, 17.3709775 ], [ 78.4638742, 17.3709663 ], [ 78.4633044, 17.3709098 ], [ 78.4631694, 17.3708919 ], [ 78.4629434, 17.3708619 ], [ 78.4627719, 17.3708409 ], [ 78.4623439, 17.3707369 ] ] } },
{ "type": "Feature", "properties": { "road_id": "OSM-WAY-1555031783", "road_name": "", "road_class": "secondary", "source": "real:osm", "confidence": 1.0, "attribution": "© OpenStreetMap contributors" }, "geometry": { "type": "LineString", "coordinates": [ [ 78.4623439, 17.3707369 ], [ 78.4622594, 17.3707137 ] ] } },
{ "type": "Feature", "properties": { "road_id": "OSM-WAY-1557295531", "road_name": "", "road_class": "tertiary", "source": "real:osm", "confidence": 1.0, "attribution": "© OpenStreetMap contributors" }, "geometry": { "type": "LineString", "coordinates": [ [ 78.4622594, 17.3707137 ], [ 78.4622871, 17.3708405 ] ] } },
{ "type": "Feature", "properties": { "road_id": "OSM-WAY-1559300845", "road_name": "Dabeerpura Road", "road_class": "secondary", "source": "real:osm", "confidence": 1.0, "attribution": "© OpenStreetMap contributors" }, "geometry": { "type": "LineString", "coordinates": [ [ 78.4816343, 17.3691944 ], [ 78.481888, 17.3691286 ], [ 78.4819351, 17.3691171 ] ] } },
{ "type": "Feature", "properties": { "road_id": "OSM-WAY-1559300846", "road_name": "Darul Shifa Road", "road_class": "primary", "source": "real:osm", "confidence": 1.0, "attribution": "© OpenStreetMap contributors" }, "geometry": { "type": "LineString", "coordinates": [ [ 78.4814568, 17.3683919 ], [ 78.4816343, 17.3691944 ] ] } },
{ "type": "Feature", "properties": { "road_id": "OSM-WAY-1559300847", "road_name": "Darul Shifa Road", "road_class": "primary", "source": "real:osm", "confidence": 1.0, "attribution": "© OpenStreetMap contributors" }, "geometry": { "type": "LineString", "coordinates": [ [ 78.4816343, 17.3691944 ], [ 78.481675, 17.36934 ] ] } },
{ "type": "Feature", "properties": { "road_id": "OSM-WAY-1563035630", "road_name": "Darul Shifa Road", "road_class": "primary", "source": "real:osm", "confidence": 1.0, "attribution": "© OpenStreetMap contributors" }, "geometry": { "type": "LineString", "coordinates": [ [ 78.481675, 17.36934 ], [ 78.4818426, 17.3698706 ], [ 78.4818758, 17.3699756 ], [ 78.4819079, 17.3700902 ], [ 78.4820619, 17.3707217 ] ] } },
{ "type": "Feature", "properties": { "road_id": "OSM-WAY-1563035631", "road_name": "Darul Shifa Road", "road_class": "primary", "source": "real:osm", "confidence": 1.0, "attribution": "© OpenStreetMap contributors" }, "geometry": { "type": "LineString", "coordinates": [ [ 78.4820619, 17.3707217 ], [ 78.4820909, 17.3708592 ] ] } },
{ "type": "Feature", "properties": { "road_id": "OSM-WAY-1563035632", "road_name": "", "road_class": "residential", "source": "real:osm", "confidence": 1.0, "attribution": "© OpenStreetMap contributors" }, "geometry": { "type": "LineString", "coordinates": [ [ 78.4818816, 17.3707511 ], [ 78.4820619, 17.3707217 ] ] } }
]
}
